wall_s,output,stamp_s,latency_ms,trigger
4.5335,velocity,1785151779.687192,1.149,/vehicle/front_bogie_velocity
4.5340,velocity,1785151778.481534,1.562,/vehicle/rear_bogie_velocity
4.5344,velocity,1785151778.573119,1.861,/vehicle/driver_position_cmd
4.5397,velocity,1785151779.785161,1.845,/vehicle/rear_bogie_velocity
4.5400,position,1785151779.785161,2.176,/vehicle/rear_bogie_velocity
4.5409,velocity,1785151778.579505,7.661,/vehicle/rear_bogie_velocity
4.5412,position,1785151778.579505,7.940,/vehicle/rear_bogie_velocity
4.5416,velocity,1785151778.623112,8.193,/vehicle/driver_position_cmd
4.5419,position,1785151778.623112,8.509,/vehicle/driver_position_cmd
4.5461,velocity,1785151779.883154,7.938,/vehicle/rear_bogie_velocity
4.5465,position,1785151779.883154,8.336,/vehicle/rear_bogie_velocity
4.5468,velocity,1785151778.677471,12.827,/vehicle/rear_bogie_velocity
4.5469,position,1785151778.677471,12.988,/vehicle/rear_bogie_velocity
4.5471,velocity,1785151778.673122,13.117,/vehicle/driver_position_cmd
4.5472,position,1785151778.673122,13.259,/vehicle/driver_position_cmd
4.5522,velocity,1785151779.985113,13.693,/vehicle/rear_bogie_velocity
4.5525,velocity,1785151778.783440,18.176,/vehicle/rear_bogie_velocity
4.5527,position,1785151779.985113,14.239,/vehicle/rear_bogie_velocity
4.5529,velocity,1785151778.723073,18.547,/vehicle/driver_position_cmd
4.5531,position,1785151778.783440,18.739,/vehicle/rear_bogie_velocity
4.5533,position,1785151778.723073,18.893,/vehicle/driver_position_cmd
4.5572,velocity,1785151780.079092,18.420,/vehicle/rear_bogie_velocity
4.5575,position,1785151780.079092,18.676,/vehicle/rear_bogie_velocity
4.5577,velocity,1785151778.879417,22.981,/vehicle/rear_bogie_velocity
4.5578,position,1785151778.879417,23.096,/vehicle/rear_bogie_velocity
4.5579,velocity,1785151778.773126,23.227,/vehicle/driver_position_cmd
4.5581,position,1785151778.773126,23.336,/vehicle/driver_position_cmd
4.5616,velocity,1785151780.181062,22.398,/vehicle/rear_bogie_velocity
4.5619,velocity,1785151778.985391,26.983,/vehicle/rear_bogie_velocity
4.5620,position,1785151780.181062,22.814,/vehicle/rear_bogie_velocity
4.5622,velocity,1785151778.823060,27.192,/vehicle/driver_position_cmd
4.5623,position,1785151778.985391,27.333,/vehicle/rear_bogie_velocity
4.5624,position,1785151778.823060,27.464,/vehicle/driver_position_cmd
4.5651,velocity,1785151780.283025,25.523,/vehicle/rear_bogie_velocity
4.5653,position,1785151780.283025,25.719,/vehicle/rear_bogie_velocity
4.5654,velocity,1785151779.079367,30.232,/vehicle/rear_bogie_velocity
4.5655,position,1785151779.079367,30.331,/vehicle/rear_bogie_velocity
4.5657,velocity,1785151778.873137,30.426,/vehicle/driver_position_cmd
4.5657,position,1785151778.873137,30.518,/vehicle/driver_position_cmd
4.5681,velocity,1785151780.402999,27.767,/vehicle/rear_bogie_velocity
4.5682,velocity,1785151779.187333,32.799,/vehicle/rear_bogie_velocity
4.5683,position,1785151780.402999,27.983,/vehicle/rear_bogie_velocity
4.5684,velocity,1785151778.923096,32.948,/vehicle/driver_position_cmd
4.5685,position,1785151779.187333,33.094,/vehicle/rear_bogie_velocity
4.5687,position,1785151778.923096,33.231,/vehicle/driver_position_cmd
4.5710,velocity,1785151780.482971,30.277,/vehicle/rear_bogie_velocity
4.5712,position,1785151780.482971,30.454,/vehicle/rear_bogie_velocity
4.5713,velocity,1785151779.287311,35.439,/vehicle/rear_bogie_velocity
4.5714,position,1785151779.287311,35.520,/vehicle/rear_bogie_velocity
4.5715,velocity,1785151778.973119,35.560,/vehicle/driver_position_cmd
4.5716,position,1785151778.973119,35.639,/vehicle/driver_position_cmd
4.5737,velocity,1785151780.576956,30.878,/vehicle/rear_bogie_velocity
4.5738,position,1785151780.576956,30.964,/vehicle/rear_bogie_velocity
4.5739,velocity,1785151779.401275,37.753,/vehicle/rear_bogie_velocity
4.5740,position,1785151779.401275,37.825,/vehicle/rear_bogie_velocity
4.5741,velocity,1785151779.023084,37.862,/vehicle/driver_position_cmd
4.5743,position,1785151779.023084,37.993,/vehicle/driver_position_cmd
4.5767,velocity,1785151780.680925,31.602,/vehicle/rear_bogie_velocity
4.5768,position,1785151780.680925,31.759,/vehicle/rear_bogie_velocity
4.5769,velocity,1785151779.497248,40.240,/vehicle/rear_bogie_velocity
4.5770,position,1785151779.497248,40.314,/vehicle/rear_bogie_velocity
4.5772,velocity,1785151779.073136,40.471,/vehicle/driver_position_cmd
4.5774,position,1785151779.073136,40.645,/vehicle/driver_position_cmd
4.5797,velocity,1785151780.782892,31.457,/vehicle/rear_bogie_velocity
4.5798,position,1785151780.782892,31.604,/vehicle/rear_bogie_velocity
4.5799,velocity,1785151779.585235,42.868,/vehicle/rear_bogie_velocity
4.5800,position,1785151779.585235,42.941,/vehicle/rear_bogie_velocity
4.5801,velocity,1785151779.123111,42.983,/vehicle/driver_position_cmd
4.5802,position,1785151779.123111,43.117,/vehicle/driver_position_cmd
4.5825,velocity,1785151780.882859,32.141,/vehicle/rear_bogie_velocity
4.5826,position,1785151780.882859,32.224,/vehicle/rear_bogie_velocity
4.5827,velocity,1785151779.173129,45.214,/vehicle/driver_position_cmd
4.5828,position,1785151779.173129,45.285,/vehicle/driver_position_cmd
4.5848,velocity,1785151780.982838,32.681,/vehicle/rear_bogie_velocity
4.5849,position,1785151780.982838,32.816,/vehicle/rear_bogie_velocity
4.5850,velocity,1785151779.223134,47.088,/vehicle/driver_position_cmd
4.5851,position,1785151779.223134,47.153,/vehicle/driver_position_cmd
4.5871,velocity,1785151781.080807,32.848,/vehicle/rear_bogie_velocity
4.5872,position,1785151781.080807,32.993,/vehicle/rear_bogie_velocity
4.5873,velocity,1785151779.273114,49.070,/vehicle/driver_position_cmd
4.5874,position,1785151779.273114,49.144,/vehicle/driver_position_cmd
4.5893,velocity,1785151781.182777,32.368,/vehicle/rear_bogie_velocity
4.5895,position,1785151781.182777,32.506,/vehicle/rear_bogie_velocity
4.5896,velocity,1785151779.323086,51.072,/vehicle/driver_position_cmd
4.5897,position,1785151779.323086,51.200,/vehicle/driver_position_cmd
4.5917,velocity,1785151781.288746,32.157,/vehicle/rear_bogie_velocity
4.5918,position,1785151781.288746,32.232,/vehicle/rear_bogie_velocity
4.5919,velocity,1785151779.373139,53.030,/vehicle/driver_position_cmd
4.5920,position,1785151779.373139,53.153,/vehicle/driver_position_cmd
4.5941,velocity,1785151781.400721,33.196,/vehicle/rear_bogie_velocity
4.5942,position,1785151781.400721,33.272,/vehicle/rear_bogie_velocity
4.5944,velocity,1785151779.423125,55.131,/vehicle/driver_position_cmd
4.5945,position,1785151779.423125,55.196,/vehicle/driver_position_cmd
4.5966,velocity,1785151781.490701,34.743,/vehicle/rear_bogie_velocity
4.5967,position,1785151781.490701,34.834,/vehicle/rear_bogie_velocity
4.5967,velocity,1785151779.473079,57.096,/vehicle/driver_position_cmd
4.5968,position,1785151779.473079,57.154,/vehicle/driver_position_cmd
4.5990,velocity,1785151781.586683,34.286,/vehicle/rear_bogie_velocity
4.5992,position,1785151781.586683,34.454,/vehicle/rear_bogie_velocity
4.5993,velocity,1785151779.523067,58.862,/vehicle/driver_position_cmd
4.5993,position,1785151779.523067,58.922,/vehicle/driver_position_cmd
4.6012,velocity,1785151781.686636,36.248,/vehicle/rear_bogie_velocity
4.6013,position,1785151781.686636,36.408,/vehicle/rear_bogie_velocity
4.6014,velocity,1785151779.573073,60.678,/vehicle/driver_position_cmd
4.6015,position,1785151779.573073,60.738,/vehicle/driver_position_cmd
4.6034,velocity,1785151781.784605,36.222,/vehicle/rear_bogie_velocity
4.6035,position,1785151781.784605,36.295,/vehicle/rear_bogie_velocity
4.6036,velocity,1785151779.723075,55.267,/vehicle/driver_position_cmd
4.6036,position,1785151779.723075,55.324,/vehicle/driver_position_cmd
4.6063,velocity,1785151781.880590,38.948,/vehicle/rear_bogie_velocity
4.6066,position,1785151781.880590,39.309,/vehicle/rear_bogie_velocity
4.6072,velocity,1785151779.773126,56.709,/vehicle/driver_position_cmd
4.6072,position,1785151779.773126,56.783,/vehicle/driver_position_cmd
4.6101,velocity,1785151781.994555,40.576,/vehicle/rear_bogie_velocity
4.6104,position,1785151781.994555,40.910,/vehicle/rear_bogie_velocity
4.6106,velocity,1785151779.823125,58.179,/vehicle/driver_position_cmd
4.6108,position,1785151779.823125,58.322,/vehicle/driver_position_cmd
4.6154,velocity,1785151782.084523,37.651,/vehicle/rear_bogie_velocity
4.6157,position,1785151782.084523,37.972,/vehicle/rear_bogie_velocity
4.6159,velocity,1785151779.873113,61.554,/vehicle/driver_position_cmd
4.6160,position,1785151779.873113,61.661,/vehicle/driver_position_cmd
4.6179,velocity,1785151779.923137,60.775,/vehicle/driver_position_cmd
4.6183,position,1785151779.923137,61.079,/vehicle/driver_position_cmd
4.6189,velocity,1785151779.973113,59.220,/vehicle/driver_position_cmd
4.6190,position,1785151779.973113,59.360,/vehicle/driver_position_cmd
4.6198,velocity,1785151780.023078,58.794,/vehicle/driver_position_cmd
4.6198,position,1785151780.023078,58.883,/vehicle/driver_position_cmd
4.6205,velocity,1785151780.073094,58.649,/vehicle/driver_position_cmd
4.6206,position,1785151780.073094,58.726,/vehicle/driver_position_cmd
4.6213,velocity,1785151780.123082,56.542,/vehicle/driver_position_cmd
4.6214,position,1785151780.123082,56.617,/vehicle/driver_position_cmd
4.6215,velocity,1785151780.173169,56.527,/vehicle/driver_position_cmd
4.6216,position,1785151780.173169,56.633,/vehicle/driver_position_cmd
4.6218,velocity,1785151780.223085,54.610,/vehicle/driver_position_cmd
4.6220,position,1785151780.223085,54.738,/vehicle/driver_position_cmd
4.6221,velocity,1785151780.273107,54.698,/vehicle/driver_position_cmd
4.6222,position,1785151780.273107,54.798,/vehicle/driver_position_cmd
4.6223,velocity,1785151780.323104,52.720,/vehicle/driver_position_cmd
4.6223,position,1785151780.323104,52.772,/vehicle/driver_position_cmd
4.6224,velocity,1785151780.373076,52.607,/vehicle/driver_position_cmd
4.6226,position,1785151780.373076,52.737,/vehicle/driver_position_cmd
4.6227,velocity,1785151780.423111,51.466,/vehicle/driver_position_cmd
4.6228,position,1785151780.423111,51.531,/vehicle/driver_position_cmd
4.6229,velocity,1785151780.473149,49.380,/vehicle/driver_position_cmd
4.6229,position,1785151780.473149,49.434,/vehicle/driver_position_cmd
4.6230,velocity,1785151780.523088,49.399,/vehicle/driver_position_cmd
4.6231,position,1785151780.523088,49.451,/vehicle/driver_position_cmd
4.6231,velocity,1785151780.573132,49.227,/vehicle/driver_position_cmd
4.6232,position,1785151780.573132,49.279,/vehicle/driver_position_cmd
4.6232,velocity,1785151780.623093,46.964,/vehicle/driver_position_cmd
4.6233,position,1785151780.623093,47.062,/vehicle/driver_position_cmd
4.6234,velocity,1785151780.673111,47.051,/vehicle/driver_position_cmd
4.6235,position,1785151780.673111,47.102,/vehicle/driver_position_cmd
4.6236,velocity,1785151780.723064,45.797,/vehicle/driver_position_cmd
4.6237,position,1785151780.723064,45.901,/vehicle/driver_position_cmd
4.6238,velocity,1785151780.773129,44.590,/vehicle/driver_position_cmd
4.6239,position,1785151780.773129,44.684,/vehicle/driver_position_cmd
4.6240,velocity,1785151780.823080,44.655,/vehicle/driver_position_cmd
4.6240,position,1785151780.823080,44.704,/vehicle/driver_position_cmd
4.6241,velocity,1785151780.873112,43.340,/vehicle/driver_position_cmd
4.6241,position,1785151780.873112,43.392,/vehicle/driver_position_cmd
4.6242,velocity,1785151780.923079,42.016,/vehicle/driver_position_cmd
4.6243,position,1785151780.923079,42.109,/vehicle/driver_position_cmd
4.6245,velocity,1785151780.973157,42.251,/vehicle/driver_position_cmd
4.6246,position,1785151780.973157,42.318,/vehicle/driver_position_cmd
4.6247,velocity,1785151781.023077,40.631,/vehicle/driver_position_cmd
4.6248,position,1785151781.023077,40.684,/vehicle/driver_position_cmd
4.6249,velocity,1785151781.073119,40.703,/vehicle/driver_position_cmd
4.6249,position,1785151781.073119,40.755,/vehicle/driver_position_cmd
4.6250,velocity,1785151781.123026,39.993,/vehicle/driver_position_cmd
4.6251,position,1785151781.123026,40.088,/vehicle/driver_position_cmd
4.6252,velocity,1785151781.173077,39.078,/vehicle/driver_position_cmd
4.6253,position,1785151781.173077,39.171,/vehicle/driver_position_cmd
4.6253,velocity,1785151781.223068,38.293,/vehicle/driver_position_cmd
4.6254,position,1785151781.223068,38.385,/vehicle/driver_position_cmd
4.6255,velocity,1785151781.273108,37.404,/vehicle/driver_position_cmd
4.6256,position,1785151781.273108,37.453,/vehicle/driver_position_cmd
4.6257,velocity,1785151781.323091,36.693,/vehicle/driver_position_cmd
4.6258,position,1785151781.323091,36.756,/vehicle/driver_position_cmd
4.6259,velocity,1785151781.373095,35.842,/vehicle/driver_position_cmd
4.6259,position,1785151781.373095,35.896,/vehicle/driver_position_cmd
4.6260,velocity,1785151781.423281,34.968,/vehicle/driver_position_cmd
4.6261,position,1785151781.423281,35.022,/vehicle/driver_position_cmd
4.6261,velocity,1785151781.473102,35.000,/vehicle/driver_position_cmd
4.6262,position,1785151781.473102,35.051,/vehicle/driver_position_cmd
4.6262,velocity,1785151781.523069,33.086,/vehicle/driver_position_cmd
4.6263,position,1785151781.523069,33.135,/vehicle/driver_position_cmd
4.6264,velocity,1785151781.573181,33.111,/vehicle/driver_position_cmd
4.6264,position,1785151781.573181,33.160,/vehicle/driver_position_cmd
4.6265,velocity,1785151781.623073,32.468,/vehicle/driver_position_cmd
4.6265,position,1785151781.623073,32.517,/vehicle/driver_position_cmd
4.6266,velocity,1785151781.673134,31.356,/vehicle/driver_position_cmd
4.6267,position,1785151781.673134,31.407,/vehicle/driver_position_cmd
4.6268,velocity,1785151781.723077,30.661,/vehicle/driver_position_cmd
4.6269,position,1785151781.723077,30.788,/vehicle/driver_position_cmd
4.6270,velocity,1785151781.773138,30.094,/vehicle/driver_position_cmd
4.6270,position,1785151781.773138,30.143,/vehicle/driver_position_cmd
4.6271,velocity,1785151781.823066,28.791,/vehicle/driver_position_cmd
4.6272,position,1785151781.823066,28.881,/vehicle/driver_position_cmd
4.6273,velocity,1785151781.873094,28.855,/vehicle/driver_position_cmd
4.6274,position,1785151781.873094,28.903,/vehicle/driver_position_cmd
4.6274,velocity,1785151781.923092,26.866,/vehicle/driver_position_cmd
4.6275,position,1785151781.923092,26.915,/vehicle/driver_position_cmd
4.6276,velocity,1785151781.973179,26.908,/vehicle/driver_position_cmd
4.6276,position,1785151781.973179,26.967,/vehicle/driver_position_cmd
4.6277,velocity,1785151782.023104,25.769,/vehicle/driver_position_cmd
4.6279,position,1785151782.023104,25.965,/vehicle/driver_position_cmd
4.6280,velocity,1785151782.073110,25.993,/vehicle/driver_position_cmd
4.6281,position,1785151782.073110,26.051,/vehicle/driver_position_cmd
4.6282,velocity,1785151782.123106,25.108,/vehicle/driver_position_cmd
4.6283,position,1785151782.123106,25.169,/vehicle/driver_position_cmd
4.6283,velocity,1785151782.173135,25.159,/vehicle/driver_position_cmd
4.6284,position,1785151782.173135,25.210,/vehicle/driver_position_cmd
4.6458,velocity,1785151782.223085,0.164,/vehicle/driver_position_cmd
4.6459,position,1785151782.223085,0.300,/vehicle/driver_position_cmd
4.6827,velocity,1785151782.178499,0.140,/vehicle/rear_bogie_velocity
4.6828,position,1785151782.178499,0.298,/vehicle/rear_bogie_velocity
4.6920,velocity,1785151782.273079,0.229,/vehicle/driver_position_cmd
4.6921,position,1785151782.273079,0.312,/vehicle/driver_position_cmd
4.7454,velocity,1785151782.323061,0.234,/vehicle/driver_position_cmd
4.7457,position,1785151782.323061,0.458,/vehicle/driver_position_cmd
4.7826,velocity,1785151782.286476,0.168,/vehicle/rear_bogie_velocity
4.7829,position,1785151782.286476,0.426,/vehicle/rear_bogie_velocity
4.7920,velocity,1785151782.373074,0.223,/vehicle/driver_position_cmd
4.7922,position,1785151782.373074,0.435,/vehicle/driver_position_cmd
4.8501,velocity,1785151782.423080,0.797,/vehicle/driver_position_cmd
4.8508,position,1785151782.423080,1.437,/vehicle/driver_position_cmd
4.8845,velocity,1785151782.406437,0.362,/vehicle/front_bogie_velocity
4.8850,position,1785151782.406437,0.799,/vehicle/front_bogie_velocity
4.8925,velocity,1785151782.473064,0.967,/vehicle/driver_position_cmd
4.8933,position,1785151782.473064,1.800,/vehicle/driver_position_cmd
4.9428,velocity,1785151782.523086,0.696,/vehicle/driver_position_cmd
4.9436,position,1785151782.523086,1.520,/vehicle/driver_position_cmd
4.9848,velocity,1785151782.484417,0.389,/vehicle/rear_bogie_velocity
4.9853,position,1785151782.484417,0.886,/vehicle/rear_bogie_velocity
4.9896,velocity,1785151782.573107,0.405,/vehicle/driver_position_cmd
4.9900,position,1785151782.573107,0.746,/vehicle/driver_position_cmd
5.0423,velocity,1785151782.623065,1.023,/vehicle/driver_position_cmd
5.0432,position,1785151782.623065,1.854,/vehicle/driver_position_cmd
5.0838,velocity,1785151782.582392,0.785,/vehicle/rear_bogie_velocity
5.0842,position,1785151782.582392,1.170,/vehicle/rear_bogie_velocity
5.0909,velocity,1785151782.673059,0.555,/vehicle/driver_position_cmd
5.0914,position,1785151782.673059,1.037,/vehicle/driver_position_cmd
5.1497,velocity,1785151782.723084,1.253,/vehicle/driver_position_cmd
5.1503,position,1785151782.723084,1.883,/vehicle/driver_position_cmd
5.1834,velocity,1785151782.678364,0.469,/vehicle/rear_bogie_velocity
5.1841,position,1785151782.678364,1.108,/vehicle/rear_bogie_velocity
5.2025,velocity,1785151782.773078,0.879,/vehicle/driver_position_cmd
5.2033,position,1785151782.773078,1.677,/vehicle/driver_position_cmd
5.2506,velocity,1785151782.823093,4.161,/vehicle/driver_position_cmd
5.2512,position,1785151782.823093,4.851,/vehicle/driver_position_cmd
5.2887,velocity,1785151782.782333,0.609,/vehicle/rear_bogie_velocity
5.2896,position,1785151782.782333,1.420,/vehicle/rear_bogie_velocity
5.2900,velocity,1785151782.873118,0.824,/vehicle/driver_position_cmd
5.2905,position,1785151782.873118,1.229,/vehicle/driver_position_cmd
5.3499,velocity,1785151782.923115,0.640,/vehicle/driver_position_cmd
5.3504,position,1785151782.923115,1.085,/vehicle/driver_position_cmd
5.3809,velocity,1785151782.878303,0.425,/vehicle/rear_bogie_velocity
5.3813,position,1785151782.878303,0.818,/vehicle/rear_bogie_velocity
5.3946,velocity,1785151782.973087,0.823,/vehicle/driver_position_cmd
5.3955,position,1785151782.973087,1.770,/vehicle/driver_position_cmd
5.4485,velocity,1785151783.023119,1.103,/vehicle/driver_position_cmd
5.4495,position,1785151783.023119,2.093,/vehicle/driver_position_cmd
5.4819,velocity,1785151782.998276,0.530,/vehicle/rear_bogie_velocity
5.4826,position,1785151782.998276,1.161,/vehicle/rear_bogie_velocity
5.4973,velocity,1785151783.073074,0.953,/vehicle/driver_position_cmd
5.4978,position,1785151783.073074,1.514,/vehicle/driver_position_cmd
5.5489,velocity,1785151783.123114,1.043,/vehicle/driver_position_cmd
5.5496,position,1785151783.123114,1.726,/vehicle/driver_position_cmd
5.5799,velocity,1785151783.082262,0.601,/vehicle/rear_bogie_velocity
5.5808,position,1785151783.082262,1.427,/vehicle/rear_bogie_velocity
5.5962,velocity,1785151783.173115,0.959,/vehicle/driver_position_cmd
5.5970,position,1785151783.173115,1.787,/vehicle/driver_position_cmd
5.6442,velocity,1785151783.223084,0.403,/vehicle/driver_position_cmd
5.6445,position,1785151783.223084,0.758,/vehicle/driver_position_cmd
5.6828,velocity,1785151783.180226,0.543,/vehicle/rear_bogie_velocity
5.6835,position,1785151783.180226,1.275,/vehicle/rear_bogie_velocity
5.6925,velocity,1785151783.273098,0.638,/vehicle/driver_position_cmd
5.6929,position,1785151783.273098,1.082,/vehicle/driver_position_cmd
5.7438,velocity,1785151783.323064,0.472,/vehicle/driver_position_cmd
5.7442,position,1785151783.323064,0.905,/vehicle/driver_position_cmd
5.7834,velocity,1785151783.282202,0.356,/vehicle/rear_bogie_velocity
5.7840,position,1785151783.282202,0.964,/vehicle/rear_bogie_velocity
5.7939,velocity,1785151783.373096,0.487,/vehicle/driver_position_cmd
5.7943,position,1785151783.373096,0.874,/vehicle/driver_position_cmd
5.8471,velocity,1785151783.423105,0.859,/vehicle/driver_position_cmd
5.8476,position,1785151783.423105,1.389,/vehicle/driver_position_cmd
5.8843,velocity,1785151783.400169,1.006,/vehicle/rear_bogie_velocity
5.8850,position,1785151783.400169,1.762,/vehicle/rear_bogie_velocity
5.8914,velocity,1785151783.473144,0.836,/vehicle/driver_position_cmd
5.8921,position,1785151783.473144,1.528,/vehicle/driver_position_cmd
5.9427,velocity,1785151783.523094,0.963,/vehicle/driver_position_cmd
5.9433,position,1785151783.523094,1.562,/vehicle/driver_position_cmd
5.9872,velocity,1785151783.486151,0.354,/vehicle/rear_bogie_velocity
5.9876,position,1785151783.486151,0.716,/vehicle/rear_bogie_velocity
5.9909,velocity,1785151783.573102,0.302,/vehicle/driver_position_cmd
5.9911,position,1785151783.573102,0.569,/vehicle/driver_position_cmd
6.0460,velocity,1785151783.623091,0.969,/vehicle/driver_position_cmd
6.0468,position,1785151783.623091,1.813,/vehicle/driver_position_cmd
6.0834,velocity,1785151783.584121,0.914,/vehicle/rear_bogie_velocity
6.0843,position,1785151783.584121,1.817,/vehicle/rear_bogie_velocity
6.0918,velocity,1785151783.673077,0.795,/vehicle/driver_position_cmd
6.0921,position,1785151783.673077,1.140,/vehicle/driver_position_cmd
6.1507,velocity,1785151783.723063,0.530,/vehicle/driver_position_cmd
6.1511,position,1785151783.723063,0.962,/vehicle/driver_position_cmd
6.1808,velocity,1785151783.682090,0.639,/vehicle/rear_bogie_velocity
6.1816,position,1785151783.682090,1.425,/vehicle/rear_bogie_velocity
6.1911,velocity,1785151783.773085,0.395,/vehicle/driver_position_cmd
6.1915,position,1785151783.773085,0.802,/vehicle/driver_position_cmd
6.2513,velocity,1785151783.823118,1.043,/vehicle/driver_position_cmd
6.2522,position,1785151783.823118,1.905,/vehicle/driver_position_cmd
6.2790,velocity,1785151783.784064,0.663,/vehicle/rear_bogie_velocity
6.2799,position,1785151783.784064,1.603,/vehicle/rear_bogie_velocity
6.2929,velocity,1785151783.873096,0.894,/vehicle/driver_position_cmd
6.2936,position,1785151783.873096,1.579,/vehicle/driver_position_cmd
6.3412,velocity,1785151783.923075,1.101,/vehicle/driver_position_cmd
6.3415,position,1785151783.923075,1.358,/vehicle/driver_position_cmd
6.3806,velocity,1785151783.886036,0.577,/vehicle/rear_bogie_velocity
6.3813,position,1785151783.886036,1.303,/vehicle/rear_bogie_velocity
6.3944,velocity,1785151783.973075,0.979,/vehicle/driver_position_cmd
6.3949,position,1785151783.973075,1.485,/vehicle/driver_position_cmd
6.4421,velocity,1785151784.023086,1.345,/vehicle/driver_position_cmd
6.4429,position,1785151784.023086,2.222,/vehicle/driver_position_cmd
6.4879,velocity,1785151783.984010,0.670,/vehicle/rear_bogie_velocity
6.4887,position,1785151783.984010,1.481,/vehicle/rear_bogie_velocity
6.4896,velocity,1785151784.073092,0.458,/vehicle/driver_position_cmd
6.4899,position,1785151784.073092,0.819,/vehicle/driver_position_cmd
6.5420,velocity,1785151784.123092,0.902,/vehicle/driver_position_cmd
6.5429,position,1785151784.123092,1.729,/vehicle/driver_position_cmd
6.5844,velocity,1785151784.085989,0.846,/vehicle/rear_bogie_velocity
6.5853,position,1785151784.085989,1.678,/vehicle/rear_bogie_velocity
6.5918,velocity,1785151784.173107,0.580,/vehicle/driver_position_cmd
6.5923,position,1785151784.173107,1.102,/vehicle/driver_position_cmd
6.6419,velocity,1785151784.223081,1.013,/vehicle/driver_position_cmd
6.6426,position,1785151784.223081,1.724,/vehicle/driver_position_cmd
6.6790,velocity,1785151784.183959,0.650,/vehicle/rear_bogie_velocity
6.6798,position,1785151784.183959,1.411,/vehicle/rear_bogie_velocity
6.6958,velocity,1785151784.273133,1.304,/vehicle/driver_position_cmd
6.6963,position,1785151784.273133,1.801,/vehicle/driver_position_cmd
6.7437,velocity,1785151784.323124,1.117,/vehicle/driver_position_cmd
6.7442,position,1785151784.323124,1.618,/vehicle/driver_position_cmd
6.7781,velocity,1785151784.283928,0.569,/vehicle/rear_bogie_velocity
6.7790,position,1785151784.283928,1.418,/vehicle/rear_bogie_velocity
6.7961,velocity,1785151784.373111,0.915,/vehicle/driver_position_cmd
6.7970,position,1785151784.373111,1.792,/vehicle/driver_position_cmd
6.8424,velocity,1785151784.423088,1.043,/vehicle/driver_position_cmd
6.8433,position,1785151784.423088,1.937,/vehicle/driver_position_cmd
6.8842,velocity,1785151784.401887,0.688,/vehicle/rear_bogie_velocity
6.8850,position,1785151784.401887,1.502,/vehicle/rear_bogie_velocity
6.8933,velocity,1785151784.473066,0.894,/vehicle/driver_position_cmd
6.8940,position,1785151784.473066,1.565,/vehicle/driver_position_cmd
6.9509,velocity,1785151784.523081,1.036,/vehicle/driver_position_cmd
6.9515,position,1785151784.523081,1.603,/vehicle/driver_position_cmd
6.9788,velocity,1785151784.483864,0.759,/vehicle/rear_bogie_velocity
6.9797,position,1785151784.483864,1.637,/vehicle/rear_bogie_velocity
6.9941,velocity,1785151784.573080,0.769,/vehicle/driver_position_cmd
6.9948,position,1785151784.573080,1.484,/vehicle/driver_position_cmd
7.0439,velocity,1785151784.623072,0.921,/vehicle/driver_position_cmd
7.0447,position,1785151784.623072,1.732,/vehicle/driver_position_cmd
7.0803,velocity,1785151784.581836,0.754,/vehicle/rear_bogie_velocity
7.0810,position,1785151784.581836,1.493,/vehicle/rear_bogie_velocity
7.0920,velocity,1785151784.673093,0.976,/vehicle/driver_position_cmd
7.0927,position,1785151784.673093,1.630,/vehicle/driver_position_cmd
7.1497,velocity,1785151784.723072,2.332,/vehicle/driver_position_cmd
7.1504,position,1785151784.723072,2.986,/vehicle/driver_position_cmd
7.1837,velocity,1785151784.679822,0.704,/vehicle/rear_bogie_velocity
7.1845,position,1785151784.679822,1.581,/vehicle/rear_bogie_velocity
7.1916,velocity,1785151784.773065,0.744,/vehicle/driver_position_cmd
7.1921,position,1785151784.773065,1.246,/vehicle/driver_position_cmd
7.2405,velocity,1785151784.823074,1.015,/vehicle/driver_position_cmd
7.2410,position,1785151784.823074,1.497,/vehicle/driver_position_cmd
7.2847,velocity,1785151784.783787,0.335,/vehicle/rear_bogie_velocity
7.2848,position,1785151784.783787,0.486,/vehicle/rear_bogie_velocity
7.2907,velocity,1785151784.873090,0.311,/vehicle/driver_position_cmd
7.2909,position,1785151784.873090,0.488,/vehicle/driver_position_cmd
7.3461,velocity,1785151784.923081,0.959,/vehicle/driver_position_cmd
7.3465,position,1785151784.923081,1.418,/vehicle/driver_position_cmd
7.3865,velocity,1785151784.881761,0.498,/vehicle/rear_bogie_velocity
7.3871,position,1785151784.881761,1.111,/vehicle/rear_bogie_velocity
7.3902,velocity,1785151784.973103,0.542,/vehicle/driver_position_cmd
7.3907,position,1785151784.973103,1.050,/vehicle/driver_position_cmd
7.4413,velocity,1785151785.023072,0.458,/vehicle/driver_position_cmd
7.4417,position,1785151785.023072,0.870,/vehicle/driver_position_cmd
7.4823,velocity,1785151784.987729,0.624,/vehicle/rear_bogie_velocity
7.4828,position,1785151784.987729,1.077,/vehicle/rear_bogie_velocity
7.4915,velocity,1785151785.073065,0.851,/vehicle/driver_position_cmd
7.4922,position,1785151785.073065,1.578,/vehicle/driver_position_cmd
7.5472,velocity,1785151785.123078,0.982,/vehicle/driver_position_cmd
7.5479,position,1785151785.123078,1.703,/vehicle/driver_position_cmd
7.5840,velocity,1785151785.083696,0.794,/vehicle/rear_bogie_velocity
7.5844,position,1785151785.083696,1.195,/vehicle/rear_bogie_velocity
7.5912,velocity,1785151785.173100,0.869,/vehicle/driver_position_cmd
7.5919,position,1785151785.173100,1.637,/vehicle/driver_position_cmd
7.6517,velocity,1785151785.223099,0.850,/vehicle/driver_position_cmd
7.6524,position,1785151785.223099,1.576,/vehicle/driver_position_cmd
7.6831,velocity,1785151785.193669,0.742,/vehicle/rear_bogie_velocity
7.6837,position,1785151785.193669,1.368,/vehicle/rear_bogie_velocity
7.6919,velocity,1785151785.273083,0.555,/vehicle/driver_position_cmd
7.6926,position,1785151785.273083,1.263,/vehicle/driver_position_cmd
7.7432,velocity,1785151785.323059,0.569,/vehicle/driver_position_cmd
7.7436,position,1785151785.323059,1.048,/vehicle/driver_position_cmd
7.7838,velocity,1785151785.285650,0.753,/vehicle/rear_bogie_velocity
7.7845,position,1785151785.285650,1.480,/vehicle/rear_bogie_velocity
7.7899,velocity,1785151785.373112,0.453,/vehicle/driver_position_cmd
7.7903,position,1785151785.373112,0.847,/vehicle/driver_position_cmd
7.8491,velocity,1785151785.423061,0.775,/vehicle/driver_position_cmd
7.8500,position,1785151785.423061,1.646,/vehicle/driver_position_cmd
7.8863,velocity,1785151785.403605,0.727,/vehicle/rear_bogie_velocity
7.8868,position,1785151785.403605,1.255,/vehicle/rear_bogie_velocity
7.8903,velocity,1785151785.473077,0.313,/vehicle/driver_position_cmd
7.8905,position,1785151785.473077,0.515,/vehicle/driver_position_cmd
7.9446,velocity,1785151785.523061,0.454,/vehicle/driver_position_cmd
7.9450,position,1785151785.523061,0.889,/vehicle/driver_position_cmd
7.9852,velocity,1785151785.483578,0.417,/vehicle/rear_bogie_velocity
7.9858,position,1785151785.483578,0.940,/vehicle/rear_bogie_velocity
7.9905,velocity,1785151785.573069,0.523,/vehicle/driver_position_cmd
7.9914,position,1785151785.573069,1.422,/vehicle/driver_position_cmd
8.0503,velocity,1785151785.623074,1.695,/vehicle/driver_position_cmd
8.0508,position,1785151785.623074,2.208,/vehicle/driver_position_cmd
8.0854,velocity,1785151785.581549,0.585,/vehicle/rear_bogie_velocity
8.0864,position,1785151785.581549,1.523,/vehicle/rear_bogie_velocity
8.0898,velocity,1785151785.673082,0.430,/vehicle/driver_position_cmd
8.0902,position,1785151785.673082,0.820,/vehicle/driver_position_cmd
8.1455,velocity,1785151785.723080,0.477,/vehicle/driver_position_cmd
8.1459,position,1785151785.723080,0.910,/vehicle/driver_position_cmd
8.1817,velocity,1785151785.685525,0.458,/vehicle/rear_bogie_velocity
8.1821,position,1785151785.685525,0.881,/vehicle/rear_bogie_velocity
8.1931,velocity,1785151785.773121,0.511,/vehicle/driver_position_cmd
8.1935,position,1785151785.773121,0.886,/vehicle/driver_position_cmd
8.2415,velocity,1785151785.823057,0.945,/vehicle/driver_position_cmd
8.2426,position,1785151785.823057,2.020,/vehicle/driver_position_cmd
8.2803,velocity,1785151785.785502,0.363,/vehicle/rear_bogie_velocity
8.2807,position,1785151785.785502,0.733,/vehicle/rear_bogie_velocity
8.2915,velocity,1785151785.873079,0.890,/vehicle/driver_position_cmd
8.2923,position,1785151785.873079,1.728,/vehicle/driver_position_cmd
8.3506,velocity,1785151785.923079,0.922,/vehicle/driver_position_cmd
8.3515,position,1785151785.923079,1.775,/vehicle/driver_position_cmd
8.3867,velocity,1785151785.881480,0.625,/vehicle/rear_bogie_velocity
8.3874,position,1785151785.881480,1.255,/vehicle/rear_bogie_velocity
8.3899,velocity,1785151785.973066,0.497,/vehicle/driver_position_cmd
8.3903,position,1785151785.973066,0.954,/vehicle/driver_position_cmd
8.4428,velocity,1785151786.023107,1.044,/vehicle/driver_position_cmd
8.4436,position,1785151786.023107,1.845,/vehicle/driver_position_cmd
8.4798,velocity,1785151785.987451,0.314,/vehicle/front_bogie_velocity
8.4803,position,1785151785.987451,0.869,/vehicle/front_bogie_velocity
8.4916,velocity,1785151786.073062,0.907,/vehicle/driver_position_cmd
8.4922,position,1785151786.073062,1.449,/vehicle/driver_position_cmd
8.5412,velocity,1785151786.123073,0.923,/vehicle/driver_position_cmd
8.5420,position,1785151786.123073,1.718,/vehicle/driver_position_cmd
8.5809,velocity,1785151786.095412,0.382,/vehicle/rear_bogie_velocity
8.5817,position,1785151786.095412,1.194,/vehicle/rear_bogie_velocity
8.5900,velocity,1785151786.173064,0.485,/vehicle/driver_position_cmd
8.5904,position,1785151786.173064,0.869,/vehicle/driver_position_cmd
8.6442,velocity,1785151786.223076,0.949,/vehicle/driver_position_cmd
8.6449,position,1785151786.223076,1.662,/vehicle/driver_position_cmd
8.6785,velocity,1785151786.187393,0.440,/vehicle/rear_bogie_velocity
8.6790,position,1785151786.187393,0.976,/vehicle/rear_bogie_velocity
8.6953,velocity,1785151786.273084,1.051,/vehicle/driver_position_cmd
8.6959,position,1785151786.273084,1.654,/vehicle/driver_position_cmd
8.7475,velocity,1785151786.323064,0.998,/vehicle/driver_position_cmd
8.7483,position,1785151786.323064,1.743,/vehicle/driver_position_cmd
8.7836,velocity,1785151786.285372,0.775,/vehicle/rear_bogie_velocity
8.7843,position,1785151786.285372,1.520,/vehicle/rear_bogie_velocity
8.7903,velocity,1785151786.373062,0.576,/vehicle/driver_position_cmd
8.7907,position,1785151786.373062,0.988,/vehicle/driver_position_cmd
8.8497,velocity,1785151786.423076,0.460,/vehicle/driver_position_cmd
8.8501,position,1785151786.423076,0.834,/vehicle/driver_position_cmd
8.8784,velocity,1785151786.403337,0.499,/vehicle/rear_bogie_velocity
8.8791,position,1785151786.403337,1.216,/vehicle/rear_bogie_velocity
8.8913,velocity,1785151786.473081,0.972,/vehicle/driver_position_cmd
8.8921,position,1785151786.473081,1.822,/vehicle/driver_position_cmd
8.9492,velocity,1785151786.523097,0.979,/vehicle/driver_position_cmd
8.9496,position,1785151786.523097,1.422,/vehicle/driver_position_cmd
8.9806,velocity,1785151786.491296,0.607,/vehicle/rear_bogie_velocity
8.9814,position,1785151786.491296,1.465,/vehicle/rear_bogie_velocity
8.9917,velocity,1785151786.573094,0.804,/vehicle/driver_position_cmd
8.9924,position,1785151786.573094,1.539,/vehicle/driver_position_cmd
9.0424,velocity,1785151786.623089,0.986,/vehicle/driver_position_cmd
9.0431,position,1785151786.623089,1.646,/vehicle/driver_position_cmd
9.0867,velocity,1785151786.581289,0.821,/vehicle/rear_bogie_velocity
9.0872,position,1785151786.581289,1.361,/vehicle/rear_bogie_velocity
9.0895,velocity,1785151786.673103,0.522,/vehicle/driver_position_cmd
9.0900,position,1785151786.673103,1.010,/vehicle/driver_position_cmd
9.1506,velocity,1785151786.723071,0.963,/vehicle/driver_position_cmd
9.1509,position,1785151786.723071,1.304,/vehicle/driver_position_cmd
9.1853,velocity,1785151786.683246,0.366,/vehicle/rear_bogie_velocity
9.1858,position,1785151786.683246,0.828,/vehicle/rear_bogie_velocity
9.1911,velocity,1785151786.773122,0.439,/vehicle/driver_position_cmd
9.1915,position,1785151786.773122,0.827,/vehicle/driver_position_cmd
9.2402,velocity,1785151786.823064,0.688,/vehicle/driver_position_cmd
9.2409,position,1785151786.823064,1.388,/vehicle/driver_position_cmd
9.2794,velocity,1785151786.783235,0.215,/vehicle/rear_bogie_velocity
9.2796,position,1785151786.783235,0.413,/vehicle/rear_bogie_velocity
9.2895,velocity,1785151786.873123,0.287,/vehicle/driver_position_cmd
9.2896,position,1785151786.873123,0.483,/vehicle/driver_position_cmd
9.3481,velocity,1785151786.923098,0.327,/vehicle/driver_position_cmd
9.3484,position,1785151786.923098,0.612,/vehicle/driver_position_cmd
9.3835,velocity,1785151786.879200,0.463,/vehicle/rear_bogie_velocity
9.3840,position,1785151786.879200,0.975,/vehicle/rear_bogie_velocity
9.3898,velocity,1785151786.973117,0.375,/vehicle/driver_position_cmd
9.3901,position,1785151786.973117,0.699,/vehicle/driver_position_cmd
9.4447,velocity,1785151787.023085,0.940,/vehicle/driver_position_cmd
9.4454,position,1785151787.023085,1.583,/vehicle/driver_position_cmd
9.4850,velocity,1785151786.987167,0.400,/vehicle/rear_bogie_velocity
9.4854,position,1785151786.987167,0.842,/vehicle/rear_bogie_velocity
9.4916,velocity,1785151787.073323,0.529,/vehicle/driver_position_cmd
9.4921,position,1785151787.073323,1.075,/vehicle/driver_position_cmd
9.5438,velocity,1785151787.123102,0.476,/vehicle/driver_position_cmd
9.5442,position,1785151787.123102,0.871,/vehicle/driver_position_cmd
9.5839,velocity,1785151787.083140,0.921,/vehicle/rear_bogie_velocity
9.5850,position,1785151787.083140,2.034,/vehicle/rear_bogie_velocity
9.5909,velocity,1785151787.173086,0.506,/vehicle/driver_position_cmd
9.5915,position,1785151787.173086,1.040,/vehicle/driver_position_cmd
9.6430,velocity,1785151787.223098,0.537,/vehicle/driver_position_cmd
9.6434,position,1785151787.223098,0.956,/vehicle/driver_position_cmd
9.6821,velocity,1785151787.187115,0.593,/vehicle/rear_bogie_velocity
9.6826,position,1785151787.187115,1.083,/vehicle/rear_bogie_velocity
9.6934,velocity,1785151787.273113,1.042,/vehicle/driver_position_cmd
9.6940,position,1785151787.273113,1.673,/vehicle/driver_position_cmd
9.7426,velocity,1785151787.323062,0.404,/vehicle/driver_position_cmd
9.7432,position,1785151787.323062,0.966,/vehicle/driver_position_cmd
9.7784,velocity,1785151787.283100,0.383,/vehicle/rear_bogie_velocity
9.7788,position,1785151787.283100,0.757,/vehicle/rear_bogie_velocity
9.7933,velocity,1785151787.373118,0.563,/vehicle/driver_position_cmd
9.7937,position,1785151787.373118,0.991,/vehicle/driver_position_cmd
9.8510,velocity,1785151787.423082,1.401,/vehicle/driver_position_cmd
9.8520,position,1785151787.423082,2.418,/vehicle/driver_position_cmd
9.8839,velocity,1785151787.403047,0.536,/vehicle/rear_bogie_velocity
9.8844,position,1785151787.403047,1.040,/vehicle/rear_bogie_velocity
9.8892,velocity,1785151787.473056,0.361,/vehicle/driver_position_cmd
9.8895,position,1785151787.473056,0.683,/vehicle/driver_position_cmd
9.9513,velocity,1785151787.523107,0.717,/vehicle/driver_position_cmd
9.9524,position,1785151787.523107,1.851,/vehicle/driver_position_cmd
9.9817,velocity,1785151787.487034,0.421,/vehicle/rear_bogie_velocity
9.9823,position,1785151787.487034,1.004,/vehicle/rear_bogie_velocity
9.9924,velocity,1785151787.573081,0.393,/vehicle/driver_position_cmd
9.9928,position,1785151787.573081,0.710,/vehicle/driver_position_cmd
10.0461,velocity,1785151787.623082,1.075,/vehicle/driver_position_cmd
10.0471,position,1785151787.623082,2.092,/vehicle/driver_position_cmd
10.0784,velocity,1785151787.585010,0.558,/vehicle/rear_bogie_velocity
10.0792,position,1785151787.585010,1.391,/vehicle/rear_bogie_velocity
10.0963,velocity,1785151787.673097,0.971,/vehicle/driver_position_cmd
10.0972,position,1785151787.673097,1.886,/vehicle/driver_position_cmd
10.1513,velocity,1785151787.723060,0.892,/vehicle/driver_position_cmd
10.1521,position,1785151787.723060,1.713,/vehicle/driver_position_cmd
10.1780,velocity,1785151787.680980,0.680,/vehicle/rear_bogie_velocity
10.1789,position,1785151787.680980,1.542,/vehicle/rear_bogie_velocity
10.1964,velocity,1785151787.773069,0.407,/vehicle/driver_position_cmd
10.1972,position,1785151787.773069,1.229,/vehicle/driver_position_cmd
10.2501,velocity,1785151787.823071,0.607,/vehicle/driver_position_cmd
10.2505,position,1785151787.823071,1.037,/vehicle/driver_position_cmd
10.2777,velocity,1785151787.778954,0.392,/vehicle/rear_bogie_velocity
10.2785,position,1785151787.778954,1.156,/vehicle/rear_bogie_velocity
10.2902,velocity,1785151787.873068,0.502,/vehicle/driver_position_cmd
10.2906,position,1785151787.873068,0.893,/vehicle/driver_position_cmd
10.3498,velocity,1785151787.923101,0.639,/vehicle/driver_position_cmd
10.3501,position,1785151787.923101,0.886,/vehicle/driver_position_cmd
10.3830,velocity,1785151787.880920,0.234,/vehicle/rear_bogie_velocity
10.3838,position,1785151787.880920,1.086,/vehicle/rear_bogie_velocity
10.3895,velocity,1785151787.973080,0.314,/vehicle/driver_position_cmd
10.3898,position,1785151787.973080,0.534,/vehicle/driver_position_cmd
10.4447,velocity,1785151788.023115,0.503,/vehicle/driver_position_cmd
10.4450,position,1785151788.023115,0.887,/vehicle/driver_position_cmd
10.4782,velocity,1785151787.992888,0.365,/vehicle/rear_bogie_velocity
10.4787,position,1785151787.992888,0.833,/vehicle/rear_bogie_velocity
10.4916,velocity,1785151788.073098,0.942,/vehicle/driver_position_cmd
10.4926,position,1785151788.073098,1.902,/vehicle/driver_position_cmd
10.5417,velocity,1785151788.123068,0.996,/vehicle/driver_position_cmd
10.5422,position,1785151788.123068,1.418,/vehicle/driver_position_cmd
10.5819,velocity,1785151788.086862,0.308,/vehicle/rear_bogie_velocity
10.5826,position,1785151788.086862,0.980,/vehicle/rear_bogie_velocity
10.5903,velocity,1785151788.173122,0.489,/vehicle/driver_position_cmd
10.5912,position,1785151788.173122,1.379,/vehicle/driver_position_cmd
10.6483,velocity,1785151788.223087,1.097,/vehicle/driver_position_cmd
10.6490,position,1785151788.223087,1.829,/vehicle/driver_position_cmd
10.6849,velocity,1785151788.186834,0.759,/vehicle/rear_bogie_velocity
10.6857,position,1785151788.186834,1.616,/vehicle/rear_bogie_velocity
10.6912,velocity,1785151788.273104,0.780,/vehicle/driver_position_cmd
10.6918,position,1785151788.273104,1.425,/vehicle/driver_position_cmd
10.7510,velocity,1785151788.323104,1.567,/vehicle/driver_position_cmd
10.7517,position,1785151788.323104,2.233,/vehicle/driver_position_cmd
10.7807,velocity,1785151788.286808,0.906,/vehicle/rear_bogie_velocity
10.7816,position,1785151788.286808,1.833,/vehicle/rear_bogie_velocity
10.7931,velocity,1785151788.373069,0.806,/vehicle/driver_position_cmd
10.7939,position,1785151788.373069,1.540,/vehicle/driver_position_cmd
10.8498,velocity,1785151788.423074,1.138,/vehicle/driver_position_cmd
10.8505,position,1785151788.423074,1.772,/vehicle/driver_position_cmd
10.8808,velocity,1785151788.400774,0.891,/vehicle/rear_bogie_velocity
10.8816,position,1785151788.400774,1.631,/vehicle/rear_bogie_velocity
10.8920,velocity,1785151788.473077,1.207,/vehicle/driver_position_cmd
10.8929,position,1785151788.473077,2.119,/vehicle/driver_position_cmd
10.9411,velocity,1785151788.523062,1.080,/vehicle/driver_position_cmd
10.9419,position,1785151788.523062,1.867,/vehicle/driver_position_cmd
10.9835,velocity,1785151788.488748,0.480,/vehicle/rear_bogie_velocity
10.9840,position,1785151788.488748,1.013,/vehicle/rear_bogie_velocity
10.9920,velocity,1785151788.573061,0.863,/vehicle/driver_position_cmd
10.9924,position,1785151788.573061,1.270,/vehicle/driver_position_cmd
11.0493,velocity,1785151788.623071,0.856,/vehicle/driver_position_cmd
11.0499,position,1785151788.623071,1.467,/vehicle/driver_position_cmd
11.0854,velocity,1785151788.584724,0.486,/vehicle/rear_bogie_velocity
11.0862,position,1785151788.584724,1.335,/vehicle/rear_bogie_velocity
11.0904,velocity,1785151788.673102,0.519,/vehicle/driver_position_cmd
11.0910,position,1785151788.673102,1.142,/vehicle/driver_position_cmd
11.1507,velocity,1785151788.723066,1.133,/vehicle/driver_position_cmd
11.1518,position,1785151788.723066,2.258,/vehicle/driver_position_cmd
11.1841,velocity,1785151788.680696,0.650,/vehicle/rear_bogie_velocity
11.1848,position,1785151788.680696,1.340,/vehicle/rear_bogie_velocity
11.1910,velocity,1785151788.773086,0.690,/vehicle/driver_position_cmd
11.1917,position,1785151788.773086,1.407,/vehicle/driver_position_cmd
11.2499,velocity,1785151788.823095,0.485,/vehicle/driver_position_cmd
11.2503,position,1785151788.823095,0.883,/vehicle/driver_position_cmd
11.2825,velocity,1785151788.782667,0.643,/vehicle/rear_bogie_velocity
11.2832,position,1785151788.782667,1.384,/vehicle/rear_bogie_velocity
11.2922,velocity,1785151788.873063,0.667,/vehicle/driver_position_cmd
11.2930,position,1785151788.873063,1.475,/vehicle/driver_position_cmd
11.3455,velocity,1785151788.923090,0.532,/vehicle/driver_position_cmd
11.3460,position,1785151788.923090,1.022,/vehicle/driver_position_cmd
11.3869,velocity,1785151788.874649,0.871,/vehicle/rear_bogie_velocity
11.3878,position,1785151788.874649,1.773,/vehicle/rear_bogie_velocity
11.3897,velocity,1785151788.973079,0.545,/vehicle/driver_position_cmd
11.3902,position,1785151788.973079,1.010,/vehicle/driver_position_cmd
11.4417,velocity,1785151789.023089,0.398,/vehicle/driver_position_cmd
11.4424,position,1785151789.023089,1.076,/vehicle/driver_position_cmd
11.4833,velocity,1785151788.994601,0.385,/vehicle/rear_bogie_velocity
11.4837,position,1785151788.994601,0.784,/vehicle/rear_bogie_velocity
11.4921,velocity,1785151789.073096,0.542,/vehicle/driver_position_cmd
11.4925,position,1785151789.073096,0.941,/vehicle/driver_position_cmd
11.5399,velocity,1785151789.123088,0.467,/vehicle/driver_position_cmd
11.5403,position,1785151789.123088,0.853,/vehicle/driver_position_cmd
11.5775,velocity,1785151789.082595,0.316,/vehicle/rear_bogie_velocity
11.5778,position,1785151789.082595,0.642,/vehicle/rear_bogie_velocity
11.5947,velocity,1785151789.173072,0.813,/vehicle/driver_position_cmd
11.5950,position,1785151789.173072,1.168,/vehicle/driver_position_cmd
11.6460,velocity,1785151789.223078,0.907,/vehicle/driver_position_cmd
11.6467,position,1785151789.223078,1.664,/vehicle/driver_position_cmd
11.6795,velocity,1785151789.180560,0.599,/vehicle/rear_bogie_velocity
11.6803,position,1785151789.180560,1.315,/vehicle/rear_bogie_velocity
11.6919,velocity,1785151789.273109,0.455,/vehicle/driver_position_cmd
11.6922,position,1785151789.273109,0.779,/vehicle/driver_position_cmd
11.7445,velocity,1785151789.323076,0.789,/vehicle/driver_position_cmd
11.7453,position,1785151789.323076,1.603,/vehicle/driver_position_cmd
11.7785,velocity,1785151789.284541,0.557,/vehicle/rear_bogie_velocity
11.7794,position,1785151789.284541,1.378,/vehicle/rear_bogie_velocity
11.7918,velocity,1785151789.373061,0.907,/vehicle/driver_position_cmd
11.7922,position,1785151789.373061,1.343,/vehicle/driver_position_cmd
11.8409,velocity,1785151789.423133,0.362,/vehicle/driver_position_cmd
11.8412,position,1785151789.423133,0.654,/vehicle/driver_position_cmd
11.8862,velocity,1785151789.398511,0.627,/vehicle/rear_bogie_velocity
11.8870,position,1785151789.398511,1.438,/vehicle/rear_bogie_velocity
11.8913,velocity,1785151789.473092,0.545,/vehicle/driver_position_cmd
11.8918,position,1785151789.473092,1.073,/vehicle/driver_position_cmd
11.9435,velocity,1785151789.523108,1.147,/vehicle/driver_position_cmd
11.9442,position,1785151789.523108,1.838,/vehicle/driver_position_cmd
11.9786,velocity,1785151789.484486,0.813,/vehicle/rear_bogie_velocity
11.9794,position,1785151789.484486,1.643,/vehicle/rear_bogie_velocity
11.9930,velocity,1785151789.573091,0.900,/vehicle/driver_position_cmd
11.9939,position,1785151789.573091,1.820,/vehicle/driver_position_cmd
12.0413,velocity,1785151789.623078,1.001,/vehicle/driver_position_cmd
12.0420,position,1785151789.623078,1.746,/vehicle/driver_position_cmd
12.0819,velocity,1785151789.582449,0.626,/vehicle/rear_bogie_velocity
12.0825,position,1785151789.582449,1.233,/vehicle/rear_bogie_velocity
12.0931,velocity,1785151789.673098,0.616,/vehicle/driver_position_cmd
12.0936,position,1785151789.673098,1.112,/vehicle/driver_position_cmd
12.1408,velocity,1785151789.723072,0.988,/vehicle/driver_position_cmd
12.1414,position,1785151789.723072,1.628,/vehicle/driver_position_cmd
12.1792,velocity,1785151789.680418,0.769,/vehicle/rear_bogie_velocity
12.1801,position,1785151789.680418,1.643,/vehicle/rear_bogie_velocity
12.1933,velocity,1785151789.773098,0.894,/vehicle/driver_position_cmd
12.1941,position,1785151789.773098,1.727,/vehicle/driver_position_cmd
12.2408,velocity,1785151789.823059,1.034,/vehicle/driver_position_cmd
12.2417,position,1785151789.823059,1.957,/vehicle/driver_position_cmd
12.2790,velocity,1785151789.784394,0.625,/vehicle/rear_bogie_velocity
12.2799,position,1785151789.784394,1.505,/vehicle/rear_bogie_velocity
12.2904,velocity,1785151789.873089,0.445,/vehicle/driver_position_cmd
12.2908,position,1785151789.873089,0.839,/vehicle/driver_position_cmd
12.3434,velocity,1785151789.923081,0.558,/vehicle/driver_position_cmd
12.3438,position,1785151789.923081,1.032,/vehicle/driver_position_cmd
12.3829,velocity,1785151789.882368,0.397,/vehicle/rear_bogie_velocity
12.3833,position,1785151789.882368,0.767,/vehicle/rear_bogie_velocity
12.3925,velocity,1785151789.973093,0.792,/vehicle/driver_position_cmd
12.3933,position,1785151789.973093,1.530,/vehicle/driver_position_cmd
12.4505,velocity,1785151790.023090,1.029,/vehicle/driver_position_cmd
12.4514,position,1785151790.023090,1.931,/vehicle/driver_position_cmd
12.4857,velocity,1785151789.984333,0.709,/vehicle/rear_bogie_velocity
12.4866,position,1785151789.984333,1.598,/vehicle/rear_bogie_velocity
12.4903,velocity,1785151790.073088,0.537,/vehicle/driver_position_cmd
12.4909,position,1785151790.073088,1.185,/vehicle/driver_position_cmd
12.5425,velocity,1785151790.123062,1.115,/vehicle/driver_position_cmd
12.5432,position,1785151790.123062,1.816,/vehicle/driver_position_cmd
12.5817,velocity,1785151790.084304,0.912,/vehicle/rear_bogie_velocity
12.5824,position,1785151790.084304,1.597,/vehicle/rear_bogie_velocity
12.5910,velocity,1785151790.173108,1.001,/vehicle/driver_position_cmd
12.5917,position,1785151790.173108,1.679,/vehicle/driver_position_cmd
12.6493,velocity,1785151790.223091,1.733,/vehicle/driver_position_cmd
12.6502,position,1785151790.223091,2.665,/vehicle/driver_position_cmd
12.6850,velocity,1785151790.184276,1.075,/vehicle/rear_bogie_velocity
12.6854,position,1785151790.184276,1.488,/vehicle/rear_bogie_velocity
12.6912,velocity,1785151790.273108,0.980,/vehicle/driver_position_cmd
12.6915,position,1785151790.273108,1.290,/vehicle/driver_position_cmd
12.7439,velocity,1785151790.323091,0.878,/vehicle/driver_position_cmd
12.7448,position,1785151790.323091,1.774,/vehicle/driver_position_cmd
12.7836,velocity,1785151790.288249,0.831,/vehicle/rear_bogie_velocity
12.7846,position,1785151790.288249,1.819,/vehicle/rear_bogie_velocity
12.7900,velocity,1785151790.373112,0.467,/vehicle/driver_position_cmd
12.7904,position,1785151790.373112,0.907,/vehicle/driver_position_cmd
12.8454,velocity,1785151790.423089,1.062,/vehicle/driver_position_cmd
12.8460,position,1785151790.423089,1.685,/vehicle/driver_position_cmd
12.8843,velocity,1785151790.400215,0.783,/vehicle/rear_bogie_velocity
12.8849,position,1785151790.400215,1.418,/vehicle/rear_bogie_velocity
12.8901,velocity,1785151790.473075,0.797,/vehicle/driver_position_cmd
12.8909,position,1785151790.473075,1.538,/vehicle/driver_position_cmd
12.9421,velocity,1785151790.523091,1.166,/vehicle/driver_position_cmd
12.9437,position,1785151790.523091,2.768,/vehicle/driver_position_cmd
12.9847,velocity,1785151790.488197,0.932,/vehicle/rear_bogie_velocity
12.9855,position,1785151790.488197,1.769,/vehicle/rear_bogie_velocity
12.9907,velocity,1785151790.573111,0.694,/vehicle/driver_position_cmd
12.9914,position,1785151790.573111,1.376,/vehicle/driver_position_cmd
13.0432,velocity,1785151790.623076,2.029,/vehicle/driver_position_cmd
13.0437,position,1785151790.623076,2.470,/vehicle/driver_position_cmd
13.0802,velocity,1785151790.584167,0.462,/vehicle/rear_bogie_velocity
13.0807,position,1785151790.584167,0.927,/vehicle/rear_bogie_velocity
13.0934,velocity,1785151790.673096,0.603,/vehicle/driver_position_cmd
13.0940,position,1785151790.673096,1.191,/vehicle/driver_position_cmd
13.1484,velocity,1785151790.723076,0.458,/vehicle/driver_position_cmd
13.1488,position,1785151790.723076,0.890,/vehicle/driver_position_cmd
13.1830,velocity,1785151790.682139,0.259,/vehicle/rear_bogie_velocity
13.1834,position,1785151790.682139,0.660,/vehicle/rear_bogie_velocity
13.1919,velocity,1785151790.773100,0.392,/vehicle/driver_position_cmd
13.1922,position,1785151790.773100,0.716,/vehicle/driver_position_cmd
13.2439,velocity,1785151790.823106,0.911,/vehicle/driver_position_cmd
13.2447,position,1785151790.823106,1.674,/vehicle/driver_position_cmd
13.2815,velocity,1785151790.796106,0.569,/vehicle/rear_bogie_velocity
13.2822,position,1785151790.796106,1.303,/vehicle/rear_bogie_velocity
13.2910,velocity,1785151790.873083,0.724,/vehicle/driver_position_cmd
13.2918,position,1785151790.873083,1.467,/vehicle/driver_position_cmd
13.3435,velocity,1785151790.923079,0.549,/vehicle/driver_position_cmd
13.3440,position,1785151790.923079,1.059,/vehicle/driver_position_cmd
13.3830,velocity,1785151790.884105,0.306,/vehicle/rear_bogie_velocity
13.3836,position,1785151790.884105,0.912,/vehicle/rear_bogie_velocity
13.3937,velocity,1785151790.973110,0.791,/vehicle/driver_position_cmd
13.3944,position,1785151790.973110,1.497,/vehicle/driver_position_cmd
13.4454,velocity,1785151791.023092,0.772,/vehicle/driver_position_cmd
13.4462,position,1785151791.023092,1.599,/vehicle/driver_position_cmd
13.4817,velocity,1785151791.002047,0.404,/vehicle/rear_bogie_velocity
13.4821,position,1785151791.002047,0.765,/vehicle/rear_bogie_velocity
13.4992,velocity,1785151791.073124,0.940,/vehicle/driver_position_cmd
13.4996,position,1785151791.073124,1.352,/vehicle/driver_position_cmd
13.5438,velocity,1785151791.123132,0.885,/vehicle/driver_position_cmd
13.5445,position,1785151791.123132,1.675,/vehicle/driver_position_cmd
13.5892,velocity,1785151791.084025,0.806,/vehicle/rear_bogie_velocity
13.5903,position,1785151791.084025,1.876,/vehicle/rear_bogie_velocity
13.5912,velocity,1785151791.173182,0.348,/vehicle/driver_position_cmd
13.5917,position,1785151791.173182,0.812,/vehicle/driver_position_cmd
13.6413,velocity,1785151791.223086,0.633,/vehicle/driver_position_cmd
13.6420,position,1785151791.223086,1.378,/vehicle/driver_position_cmd
13.6808,velocity,1785151791.201992,0.612,/vehicle/rear_bogie_velocity
13.6813,position,1785151791.201992,1.080,/vehicle/rear_bogie_velocity
13.6905,velocity,1785151791.273099,0.482,/vehicle/driver_position_cmd
13.6909,position,1785151791.273099,0.933,/vehicle/driver_position_cmd
13.7447,velocity,1785151791.323093,0.834,/vehicle/driver_position_cmd
13.7454,position,1785151791.323093,1.519,/vehicle/driver_position_cmd
13.7844,velocity,1785151791.289971,0.572,/vehicle/rear_bogie_velocity
13.7852,position,1785151791.289971,1.318,/vehicle/rear_bogie_velocity
13.7914,velocity,1785151791.373113,0.881,/vehicle/driver_position_cmd
13.7922,position,1785151791.373113,1.697,/vehicle/driver_position_cmd
13.8505,velocity,1785151791.423085,0.488,/vehicle/driver_position_cmd
13.8510,position,1785151791.423085,0.992,/vehicle/driver_position_cmd
13.8805,velocity,1785151791.401936,0.419,/vehicle/rear_bogie_velocity
13.8811,position,1785151791.401936,1.007,/vehicle/rear_bogie_velocity
13.8914,velocity,1785151791.473104,0.442,/vehicle/driver_position_cmd
13.8919,position,1785151791.473104,0.974,/vehicle/driver_position_cmd
13.9460,velocity,1785151791.523123,0.700,/vehicle/driver_position_cmd
13.9467,position,1785151791.523123,1.309,/vehicle/driver_position_cmd
13.9820,velocity,1785151791.493915,0.841,/vehicle/rear_bogie_velocity
13.9828,position,1785151791.493915,1.617,/vehicle/rear_bogie_velocity
13.9940,velocity,1785151791.573102,0.950,/vehicle/driver_position_cmd
13.9947,position,1785151791.573102,1.692,/vehicle/driver_position_cmd
14.0407,velocity,1785151791.623100,1.030,/vehicle/driver_position_cmd
14.0416,position,1785151791.623100,1.930,/vehicle/driver_position_cmd
14.0843,velocity,1785151791.583899,0.978,/vehicle/rear_bogie_velocity
14.0850,position,1785151791.583899,1.605,/vehicle/rear_bogie_velocity
14.0896,velocity,1785151791.673095,0.428,/vehicle/driver_position_cmd
14.0902,position,1785151791.673095,0.997,/vehicle/driver_position_cmd
14.1438,velocity,1785151791.723059,0.437,/vehicle/driver_position_cmd
14.1441,position,1785151791.723059,0.818,/vehicle/driver_position_cmd
14.1843,velocity,1785151791.683867,0.682,/vehicle/rear_bogie_velocity
14.1852,position,1785151791.683867,1.589,/vehicle/rear_bogie_velocity
14.1911,velocity,1785151791.773072,0.684,/vehicle/driver_position_cmd
14.1919,position,1785151791.773072,1.447,/vehicle/driver_position_cmd
14.2497,velocity,1785151791.823046,0.744,/vehicle/driver_position_cmd
14.2503,position,1785151791.823046,1.256,/vehicle/driver_position_cmd
14.2840,velocity,1785151791.787838,0.552,/vehicle/rear_bogie_velocity
14.2845,position,1785151791.787838,1.122,/vehicle/rear_bogie_velocity
14.2919,velocity,1785151791.873092,0.847,/vehicle/driver_position_cmd
14.2927,position,1785151791.873092,1.639,/vehicle/driver_position_cmd
14.3509,velocity,1785151791.923074,1.190,/vehicle/driver_position_cmd
14.3516,position,1785151791.923074,1.850,/vehicle/driver_position_cmd
14.3798,velocity,1785151791.899801,0.461,/vehicle/rear_bogie_velocity
14.3803,position,1785151791.899801,0.993,/vehicle/rear_bogie_velocity
14.3943,velocity,1785151791.973061,0.858,/vehicle/driver_position_cmd
14.3951,position,1785151791.973061,1.590,/vehicle/driver_position_cmd
14.4496,velocity,1785151792.023094,0.592,/vehicle/driver_position_cmd
14.4501,position,1785151792.023094,1.060,/vehicle/driver_position_cmd
14.4798,velocity,1785151791.997782,0.832,/vehicle/rear_bogie_velocity
14.4807,position,1785151791.997782,1.704,/vehicle/rear_bogie_velocity
14.4906,velocity,1785151792.073074,0.321,/vehicle/driver_position_cmd
14.4909,position,1785151792.073074,0.674,/vehicle/driver_position_cmd
14.5454,velocity,1785151792.123070,0.404,/vehicle/driver_position_cmd
14.5458,position,1785151792.123070,0.754,/vehicle/driver_position_cmd
14.5792,velocity,1785151792.083760,0.944,/vehicle/rear_bogie_velocity
14.5800,position,1785151792.083760,1.724,/vehicle/rear_bogie_velocity
14.5944,velocity,1785151792.173066,0.907,/vehicle/driver_position_cmd
14.5952,position,1785151792.173066,1.698,/vehicle/driver_position_cmd
14.6411,velocity,1785151792.223100,1.218,/vehicle/driver_position_cmd
14.6419,position,1785151792.223100,2.028,/vehicle/driver_position_cmd
14.6799,velocity,1785151792.193722,0.673,/vehicle/rear_bogie_velocity
14.6807,position,1785151792.193722,1.533,/vehicle/rear_bogie_velocity
14.6919,velocity,1785151792.273101,0.929,/vehicle/driver_position_cmd
14.6928,position,1785151792.273101,1.741,/vehicle/driver_position_cmd
14.7427,velocity,1785151792.323080,1.046,/vehicle/driver_position_cmd
14.7435,position,1785151792.323080,1.811,/vehicle/driver_position_cmd
14.7795,velocity,1785151792.289701,0.845,/vehicle/rear_bogie_velocity
14.7804,position,1785151792.289701,1.709,/vehicle/rear_bogie_velocity
14.7918,velocity,1785151792.373098,0.932,/vehicle/driver_position_cmd
14.7924,position,1785151792.373098,1.493,/vehicle/driver_position_cmd
14.8507,velocity,1785151792.423045,1.090,/vehicle/driver_position_cmd
14.8517,position,1785151792.423045,2.106,/vehicle/driver_position_cmd
14.8820,velocity,1785151792.403658,0.458,/vehicle/rear_bogie_velocity
14.8825,position,1785151792.403658,0.966,/vehicle/rear_bogie_velocity
14.8911,velocity,1785151792.473060,0.892,/vehicle/driver_position_cmd
14.8919,position,1785151792.473060,1.631,/vehicle/driver_position_cmd
14.9496,velocity,1785151792.523091,0.421,/vehicle/driver_position_cmd
14.9502,position,1785151792.523091,1.005,/vehicle/driver_position_cmd
14.9838,velocity,1785151792.497625,0.616,/vehicle/rear_bogie_velocity
14.9845,position,1785151792.497625,1.352,/vehicle/rear_bogie_velocity
14.9900,velocity,1785151792.573502,0.707,/vehicle/driver_position_cmd
14.9908,position,1785151792.573502,1.438,/vehicle/driver_position_cmd
15.0409,velocity,1785151792.623059,1.067,/vehicle/driver_position_cmd
15.0416,position,1785151792.623059,1.678,/vehicle/driver_position_cmd
15.0786,velocity,1785151792.581606,0.607,/vehicle/rear_bogie_velocity
15.0795,position,1785151792.581606,1.512,/vehicle/rear_bogie_velocity
15.0933,velocity,1785151792.673094,0.959,/vehicle/driver_position_cmd
15.0942,position,1785151792.673094,1.798,/vehicle/driver_position_cmd
15.1505,velocity,1785151792.723104,1.098,/vehicle/driver_position_cmd
15.1512,position,1785151792.723104,1.783,/vehicle/driver_position_cmd
15.1844,velocity,1785151792.693572,0.440,/vehicle/rear_bogie_velocity
15.1848,position,1785151792.693572,0.889,/vehicle/rear_bogie_velocity
15.1911,velocity,1785151792.773092,0.666,/vehicle/driver_position_cmd
15.1915,position,1785151792.773092,1.053,/vehicle/driver_position_cmd
15.2447,velocity,1785151792.823072,1.364,/vehicle/driver_position_cmd
15.2453,position,1785151792.823072,1.922,/vehicle/driver_position_cmd
15.2842,velocity,1785151792.783535,0.475,/vehicle/rear_bogie_velocity
15.2850,position,1785151792.783535,1.298,/vehicle/rear_bogie_velocity
15.2898,velocity,1785151792.873073,0.710,/vehicle/driver_position_cmd
15.2904,position,1785151792.873073,1.324,/vehicle/driver_position_cmd
15.3505,velocity,1785151792.923117,0.939,/vehicle/driver_position_cmd
15.3513,position,1785151792.923117,1.765,/vehicle/driver_position_cmd
15.3828,velocity,1785151792.885517,0.664,/vehicle/rear_bogie_velocity
15.3835,position,1785151792.885517,1.424,/vehicle/rear_bogie_velocity
15.3903,velocity,1785151792.973107,0.753,/vehicle/driver_position_cmd
15.3910,position,1785151792.973107,1.399,/vehicle/driver_position_cmd
15.4507,velocity,1785151793.023082,1.453,/vehicle/driver_position_cmd
15.4513,position,1785151793.023082,2.024,/vehicle/driver_position_cmd
15.4840,velocity,1785151792.991487,0.679,/vehicle/rear_bogie_velocity
15.4849,position,1785151792.991487,1.617,/vehicle/rear_bogie_velocity
15.4903,velocity,1785151793.073128,0.980,/vehicle/driver_position_cmd
15.4912,position,1785151793.073128,1.908,/vehicle/driver_position_cmd
15.5438,velocity,1785151793.123069,1.052,/vehicle/driver_position_cmd
15.5447,position,1785151793.123069,1.962,/vehicle/driver_position_cmd
15.5838,velocity,1785151793.095462,0.896,/vehicle/rear_bogie_velocity
15.5844,position,1785151793.095462,1.503,/vehicle/rear_bogie_velocity
15.5903,velocity,1785151793.173057,0.785,/vehicle/driver_position_cmd
15.5911,position,1785151793.173057,1.527,/vehicle/driver_position_cmd
15.6463,velocity,1785151793.223125,0.928,/vehicle/driver_position_cmd
15.6469,position,1785151793.223125,1.529,/vehicle/driver_position_cmd
15.6789,velocity,1785151793.183439,0.422,/vehicle/rear_bogie_velocity
15.6793,position,1785151793.183439,0.793,/vehicle/rear_bogie_velocity
15.6904,velocity,1785151793.273093,0.899,/vehicle/driver_position_cmd
15.6911,position,1785151793.273093,1.568,/vehicle/driver_position_cmd
15.7490,velocity,1785151793.323086,0.462,/vehicle/driver_position_cmd
15.7494,position,1785151793.323086,0.789,/vehicle/driver_position_cmd
15.7830,velocity,1785151793.293403,0.324,/vehicle/rear_bogie_velocity
15.7840,position,1785151793.293403,1.388,/vehicle/rear_bogie_velocity
15.7908,velocity,1785151793.373074,0.784,/vehicle/driver_position_cmd
15.7916,position,1785151793.373074,1.608,/vehicle/driver_position_cmd
15.8494,velocity,1785151793.423077,0.404,/vehicle/driver_position_cmd
15.8501,position,1785151793.423077,1.052,/vehicle/driver_position_cmd
15.8828,velocity,1785151793.401386,0.503,/vehicle/rear_bogie_velocity
15.8831,position,1785151793.401386,0.883,/vehicle/rear_bogie_velocity
15.8902,velocity,1785151793.473077,0.824,/vehicle/driver_position_cmd
15.8909,position,1785151793.473077,1.523,/vehicle/driver_position_cmd
15.9430,velocity,1785151793.523118,0.886,/vehicle/driver_position_cmd
15.9437,position,1785151793.523118,1.579,/vehicle/driver_position_cmd
15.9823,velocity,1785151793.501338,0.407,/vehicle/rear_bogie_velocity
15.9826,position,1785151793.501338,0.780,/vehicle/rear_bogie_velocity
15.9914,velocity,1785151793.573057,0.819,/vehicle/driver_position_cmd
15.9919,position,1785151793.573057,1.268,/vehicle/driver_position_cmd
16.0421,velocity,1785151793.623104,0.943,/vehicle/driver_position_cmd
16.0427,position,1785151793.623104,1.598,/vehicle/driver_position_cmd
16.0833,velocity,1785151793.595320,0.318,/vehicle/rear_bogie_velocity
16.0841,position,1785151793.595320,1.072,/vehicle/rear_bogie_velocity
16.0905,velocity,1785151793.673070,0.861,/vehicle/driver_position_cmd
16.0912,position,1785151793.673070,1.544,/vehicle/driver_position_cmd
16.1498,velocity,1785151793.723083,0.753,/vehicle/driver_position_cmd
16.1502,position,1785151793.723083,1.196,/vehicle/driver_position_cmd
16.1840,velocity,1785151793.689300,0.650,/vehicle/rear_bogie_velocity
16.1846,position,1785151793.689300,1.241,/vehicle/rear_bogie_velocity
16.1915,velocity,1785151793.773109,0.714,/vehicle/driver_position_cmd
16.1918,position,1785151793.773109,1.000,/vehicle/driver_position_cmd
16.2459,velocity,1785151793.823092,0.998,/vehicle/driver_position_cmd
16.2464,position,1785151793.823092,1.459,/vehicle/driver_position_cmd
16.2808,velocity,1785151793.811798,0.670,/vehicle/rear_bogie_velocity
16.2817,position,1785151793.811798,1.523,/vehicle/rear_bogie_velocity
16.2934,velocity,1785151793.873077,0.931,/vehicle/driver_position_cmd
16.2945,position,1785151793.873077,2.009,/vehicle/driver_position_cmd
16.3411,velocity,1785151793.923103,0.908,/vehicle/driver_position_cmd
16.3418,position,1785151793.923103,1.630,/vehicle/driver_position_cmd
16.3801,velocity,1785151793.883248,0.828,/vehicle/rear_bogie_velocity
16.3807,position,1785151793.883248,1.401,/vehicle/rear_bogie_velocity
16.3919,velocity,1785151793.973092,0.890,/vehicle/driver_position_cmd
16.3926,position,1785151793.973092,1.653,/vehicle/driver_position_cmd
16.4497,velocity,1785151794.023092,0.519,/vehicle/driver_position_cmd
16.4501,position,1785151794.023092,0.961,/vehicle/driver_position_cmd
16.4834,velocity,1785151793.995201,0.375,/vehicle/rear_bogie_velocity
16.4838,position,1785151793.995201,0.799,/vehicle/rear_bogie_velocity
16.4924,velocity,1785151794.073113,0.902,/vehicle/driver_position_cmd
16.4927,position,1785151794.073113,1.201,/vehicle/driver_position_cmd
16.5495,velocity,1785151794.123078,1.268,/vehicle/driver_position_cmd
16.5501,position,1785151794.123078,1.869,/vehicle/driver_position_cmd
16.5822,velocity,1785151794.095185,0.817,/vehicle/rear_bogie_velocity
16.5828,position,1785151794.095185,1.438,/vehicle/rear_bogie_velocity
16.5910,velocity,1785151794.173074,0.544,/vehicle/driver_position_cmd
16.5918,position,1785151794.173074,1.359,/vehicle/driver_position_cmd
16.6453,velocity,1785151794.223082,0.591,/vehicle/driver_position_cmd
16.6458,position,1785151794.223082,1.119,/vehicle/driver_position_cmd
16.6843,velocity,1785151794.185154,1.041,/vehicle/rear_bogie_velocity
16.6850,position,1785151794.185154,1.744,/vehicle/rear_bogie_velocity
16.6915,velocity,1785151794.273114,0.746,/vehicle/driver_position_cmd
16.6923,position,1785151794.273114,1.506,/vehicle/driver_position_cmd
16.7500,velocity,1785151794.323100,1.130,/vehicle/driver_position_cmd
16.7506,position,1785151794.323100,1.741,/vehicle/driver_position_cmd
16.7845,velocity,1785151794.297121,0.645,/vehicle/rear_bogie_velocity
16.7854,position,1785151794.297121,1.543,/vehicle/rear_bogie_velocity
16.7911,velocity,1785151794.373085,0.713,/vehicle/driver_position_cmd
16.7919,position,1785151794.373085,1.450,/vehicle/driver_position_cmd
16.8505,velocity,1785151794.423099,1.118,/vehicle/driver_position_cmd
16.8513,position,1785151794.423099,1.883,/vehicle/driver_position_cmd
16.8842,velocity,1785151794.401079,0.837,/vehicle/rear_bogie_velocity
16.8849,position,1785151794.401079,1.549,/vehicle/rear_bogie_velocity
16.8916,velocity,1785151794.473091,0.748,/vehicle/driver_position_cmd
16.8923,position,1785151794.473091,1.495,/vehicle/driver_position_cmd
16.9495,velocity,1785151794.523080,0.783,/vehicle/driver_position_cmd
16.9503,position,1785151794.523080,1.513,/vehicle/driver_position_cmd
16.9820,velocity,1785151794.499067,0.526,/vehicle/rear_bogie_velocity
16.9827,position,1785151794.499067,1.153,/vehicle/rear_bogie_velocity
16.9928,velocity,1785151794.573075,0.830,/vehicle/driver_position_cmd
16.9935,position,1785151794.573075,1.548,/vehicle/driver_position_cmd
17.0494,velocity,1785151794.623117,0.893,/vehicle/driver_position_cmd
17.0502,position,1785151794.623117,1.729,/vehicle/driver_position_cmd
17.0844,velocity,1785151794.583045,0.328,/vehicle/rear_bogie_velocity
17.0848,position,1785151794.583045,0.715,/vehicle/rear_bogie_velocity
17.0916,velocity,1785151794.673095,0.543,/vehicle/driver_position_cmd
17.0919,position,1785151794.673095,0.848,/vehicle/driver_position_cmd
17.1467,velocity,1785151794.723089,0.346,/vehicle/driver_position_cmd
17.1470,position,1785151794.723089,0.647,/vehicle/driver_position_cmd
17.1811,velocity,1785151794.681014,0.326,/vehicle/rear_bogie_velocity
17.1814,position,1785151794.681014,0.616,/vehicle/rear_bogie_velocity
17.1911,velocity,1785151794.773106,0.660,/vehicle/driver_position_cmd
17.1917,position,1785151794.773106,1.211,/vehicle/driver_position_cmd
17.2496,velocity,1785151794.823078,0.521,/vehicle/driver_position_cmd
17.2510,position,1785151794.823078,1.969,/vehicle/driver_position_cmd
17.2792,velocity,1785151794.802969,0.746,/vehicle/rear_bogie_velocity
17.2799,position,1785151794.802969,1.454,/vehicle/rear_bogie_velocity
17.2933,velocity,1785151794.873069,0.491,/vehicle/driver_position_cmd
17.2938,position,1785151794.873069,0.953,/vehicle/driver_position_cmd
17.3490,velocity,1785151794.923100,0.546,/vehicle/driver_position_cmd
17.3495,position,1785151794.923100,0.973,/vehicle/driver_position_cmd
17.3792,velocity,1785151794.886949,0.613,/vehicle/rear_bogie_velocity
17.3799,position,1785151794.886949,1.351,/vehicle/rear_bogie_velocity
17.3943,velocity,1785151794.973098,0.838,/vehicle/driver_position_cmd
17.3951,position,1785151794.973098,1.641,/vehicle/driver_position_cmd
17.4490,velocity,1785151795.023088,0.682,/vehicle/driver_position_cmd
17.4495,position,1785151795.023088,1.275,/vehicle/driver_position_cmd
17.4821,velocity,1785151795.006912,0.635,/vehicle/rear_bogie_velocity
17.4829,position,1785151795.006912,1.454,/vehicle/rear_bogie_velocity
17.4910,velocity,1785151795.073095,0.889,/vehicle/driver_position_cmd
17.4918,position,1785151795.073095,1.691,/vehicle/driver_position_cmd
17.5497,velocity,1785151795.123108,0.686,/vehicle/driver_position_cmd
17.5504,position,1785151795.123108,1.373,/vehicle/driver_position_cmd
17.5838,velocity,1785151795.086894,0.556,/vehicle/rear_bogie_velocity
17.5842,position,1785151795.086894,0.965,/vehicle/rear_bogie_velocity
17.5907,velocity,1785151795.173092,0.491,/vehicle/driver_position_cmd
17.5911,position,1785151795.173092,0.844,/vehicle/driver_position_cmd
17.6478,velocity,1785151795.223090,0.957,/vehicle/driver_position_cmd
17.6483,position,1785151795.223090,1.468,/vehicle/driver_position_cmd
17.6777,velocity,1785151795.184873,0.331,/vehicle/rear_bogie_velocity
17.6783,position,1785151795.184873,0.913,/vehicle/rear_bogie_velocity
17.6949,velocity,1785151795.273097,0.517,/vehicle/driver_position_cmd
17.6955,position,1785151795.273097,1.101,/vehicle/driver_position_cmd
17.7515,velocity,1785151795.323071,1.302,/vehicle/driver_position_cmd
17.7525,position,1785151795.323071,2.334,/vehicle/driver_position_cmd
17.7788,velocity,1785151795.316832,0.683,/vehicle/rear_bogie_velocity
17.7795,position,1785151795.316832,1.332,/vehicle/rear_bogie_velocity
17.7907,velocity,1785151795.373078,1.153,/vehicle/driver_position_cmd
17.7917,position,1785151795.373078,2.089,/vehicle/driver_position_cmd
17.8509,velocity,1785151795.423108,1.352,/vehicle/driver_position_cmd
17.8515,position,1785151795.423108,2.036,/vehicle/driver_position_cmd
17.8839,velocity,1785151795.402802,0.678,/vehicle/rear_bogie_velocity
17.8845,position,1785151795.402802,1.284,/vehicle/rear_bogie_velocity
17.8902,velocity,1785151795.473059,0.558,/vehicle/driver_position_cmd
17.8910,position,1785151795.473059,1.334,/vehicle/driver_position_cmd
17.9510,velocity,1785151795.523125,1.619,/vehicle/driver_position_cmd
17.9517,position,1785151795.523125,2.355,/vehicle/driver_position_cmd
17.9798,velocity,1785151795.488790,0.703,/vehicle/rear_bogie_velocity
17.9806,position,1785151795.488790,1.500,/vehicle/rear_bogie_velocity
17.9899,velocity,1785151795.573055,0.527,/vehicle/driver_position_cmd
17.9903,position,1785151795.573055,0.918,/vehicle/driver_position_cmd
18.0420,velocity,1785151795.623112,0.945,/vehicle/driver_position_cmd
18.0430,position,1785151795.623112,1.961,/vehicle/driver_position_cmd
18.0824,velocity,1785151795.594769,0.694,/vehicle/rear_bogie_velocity
18.0830,position,1785151795.594769,1.340,/vehicle/rear_bogie_velocity
18.0923,velocity,1785151795.673086,0.598,/vehicle/driver_position_cmd
18.0927,position,1785151795.673086,1.040,/vehicle/driver_position_cmd
18.1412,velocity,1785151795.723099,0.554,/vehicle/driver_position_cmd
18.1416,position,1785151795.723099,0.931,/vehicle/driver_position_cmd
18.1814,velocity,1785151795.682743,0.682,/vehicle/rear_bogie_velocity
18.1818,position,1785151795.682743,1.133,/vehicle/rear_bogie_velocity
18.1895,velocity,1785151795.773107,0.538,/vehicle/driver_position_cmd
18.1903,position,1785151795.773107,1.291,/vehicle/driver_position_cmd
18.2428,velocity,1785151795.823074,1.297,/vehicle/driver_position_cmd
18.2437,position,1785151795.823074,2.264,/vehicle/driver_position_cmd
18.2794,velocity,1785151795.800696,0.618,/vehicle/rear_bogie_velocity
18.2801,position,1785151795.800696,1.265,/vehicle/rear_bogie_velocity
18.2909,velocity,1785151795.873083,0.484,/vehicle/driver_position_cmd
18.2914,position,1785151795.873083,0.940,/vehicle/driver_position_cmd
18.3458,velocity,1785151795.923120,0.620,/vehicle/driver_position_cmd
18.3466,position,1785151795.923120,1.404,/vehicle/driver_position_cmd
18.3839,velocity,1785151795.884684,0.767,/vehicle/rear_bogie_velocity
18.3845,position,1785151795.884684,1.334,/vehicle/rear_bogie_velocity
18.3929,velocity,1785151795.973125,0.824,/vehicle/driver_position_cmd
18.3936,position,1785151795.973125,1.543,/vehicle/driver_position_cmd
18.4512,velocity,1785151796.023095,1.894,/vehicle/driver_position_cmd
18.4521,position,1785151796.023095,2.793,/vehicle/driver_position_cmd
18.4810,velocity,1785151795.994637,0.622,/vehicle/rear_bogie_velocity
18.4815,position,1785151795.994637,1.185,/vehicle/rear_bogie_velocity
18.4918,velocity,1785151796.073097,0.969,/vehicle/driver_position_cmd
18.4924,position,1785151796.073097,1.615,/vehicle/driver_position_cmd
18.5404,velocity,1785151796.123110,0.453,/vehicle/driver_position_cmd
18.5408,position,1785151796.123110,0.856,/vehicle/driver_position_cmd
18.5795,velocity,1785151796.084608,0.596,/vehicle/rear_bogie_velocity
18.5802,position,1785151796.084608,1.300,/vehicle/rear_bogie_velocity
18.5924,velocity,1785151796.173075,0.388,/vehicle/driver_position_cmd
18.5929,position,1785151796.173075,0.983,/vehicle/driver_position_cmd
18.6485,velocity,1785151796.223108,1.738,/vehicle/driver_position_cmd
18.6493,position,1785151796.223108,2.467,/vehicle/driver_position_cmd
18.6817,velocity,1785151796.186597,0.663,/vehicle/rear_bogie_velocity
18.6827,position,1785151796.186597,1.603,/vehicle/rear_bogie_velocity
18.6928,velocity,1785151796.273069,0.862,/vehicle/driver_position_cmd
18.6935,position,1785151796.273069,1.528,/vehicle/driver_position_cmd
18.7506,velocity,1785151796.323104,0.572,/vehicle/driver_position_cmd
18.7510,position,1785151796.323104,1.040,/vehicle/driver_position_cmd
18.7821,velocity,1785151796.356543,0.632,/vehicle/rear_bogie_velocity
18.7827,position,1785151796.356543,1.289,/vehicle/rear_bogie_velocity
18.7927,velocity,1785151796.373080,0.433,/vehicle/driver_position_cmd
18.7932,position,1785151796.373080,0.918,/vehicle/driver_position_cmd
18.8489,velocity,1785151796.423093,0.568,/vehicle/driver_position_cmd
18.8493,position,1785151796.423093,0.962,/vehicle/driver_position_cmd
18.8852,velocity,1785151796.422529,0.780,/vehicle/rear_bogie_velocity
18.8862,position,1785151796.422529,1.702,/vehicle/rear_bogie_velocity
18.8907,velocity,1785151796.473073,0.654,/vehicle/driver_position_cmd
18.8913,position,1785151796.473073,1.245,/vehicle/driver_position_cmd
18.9399,velocity,1785151796.523097,0.337,/vehicle/driver_position_cmd
18.9402,position,1785151796.523097,0.615,/vehicle/driver_position_cmd
18.9798,velocity,1785151796.490505,0.604,/vehicle/rear_bogie_velocity
18.9803,position,1785151796.490505,1.164,/vehicle/rear_bogie_velocity
18.9944,velocity,1785151796.573097,0.959,/vehicle/driver_position_cmd
18.9948,position,1785151796.573097,1.390,/vehicle/driver_position_cmd
19.0440,velocity,1785151796.623080,0.971,/vehicle/driver_position_cmd
19.0447,position,1785151796.623080,1.704,/vehicle/driver_position_cmd
19.0793,velocity,1785151796.594478,0.604,/vehicle/rear_bogie_velocity
19.0801,position,1785151796.594478,1.424,/vehicle/rear_bogie_velocity
19.0908,velocity,1785151796.673109,0.909,/vehicle/driver_position_cmd
19.0915,position,1785151796.673109,1.600,/vehicle/driver_position_cmd
19.1468,velocity,1785151796.723075,0.956,/vehicle/driver_position_cmd
19.1474,position,1785151796.723075,1.602,/vehicle/driver_position_cmd
19.1854,velocity,1785151796.686454,0.593,/vehicle/rear_bogie_velocity
19.1861,position,1785151796.686454,1.238,/vehicle/rear_bogie_velocity
19.1923,velocity,1785151796.773097,0.495,/vehicle/driver_position_cmd
19.1926,position,1785151796.773097,0.855,/vehicle/driver_position_cmd
19.2401,velocity,1785151796.823081,0.675,/vehicle/driver_position_cmd
19.2405,position,1785151796.823081,1.066,/vehicle/driver_position_cmd
19.2770,velocity,1785151796.796417,0.233,/vehicle/rear_bogie_velocity
19.2772,position,1785151796.796417,0.441,/vehicle/rear_bogie_velocity
19.2902,velocity,1785151796.873063,0.233,/vehicle/driver_position_cmd
19.2903,position,1785151796.873063,0.343,/vehicle/driver_position_cmd
19.3394,velocity,1785151796.923062,0.264,/vehicle/driver_position_cmd
19.3397,position,1785151796.923062,0.496,/vehicle/driver_position_cmd
19.3849,velocity,1785151796.904395,0.315,/vehicle/rear_bogie_velocity
19.3852,position,1785151796.904395,0.691,/vehicle/rear_bogie_velocity
19.3899,velocity,1785151796.973103,0.361,/vehicle/driver_position_cmd
19.3902,position,1785151796.973103,0.680,/vehicle/driver_position_cmd
19.4507,velocity,1785151797.023100,1.470,/vehicle/driver_position_cmd
19.4514,position,1785151797.023100,2.217,/vehicle/driver_position_cmd
19.4841,velocity,1785151796.998369,0.816,/vehicle/rear_bogie_velocity
19.4847,position,1785151796.998369,1.488,/vehicle/rear_bogie_velocity
19.4933,velocity,1785151797.073108,1.107,/vehicle/driver_position_cmd
19.4936,position,1785151797.073108,1.395,/vehicle/driver_position_cmd
19.5502,velocity,1785151797.123079,1.069,/vehicle/driver_position_cmd
19.5509,position,1785151797.123079,1.803,/vehicle/driver_position_cmd
19.5804,velocity,1785151797.092339,0.636,/vehicle/rear_bogie_velocity
19.5811,position,1785151797.092339,1.325,/vehicle/rear_bogie_velocity
19.5919,velocity,1785151797.173084,0.913,/vehicle/driver_position_cmd
19.5925,position,1785151797.173084,1.569,/vehicle/driver_position_cmd
19.6443,velocity,1785151797.223069,0.979,/vehicle/driver_position_cmd
19.6449,position,1785151797.223069,1.563,/vehicle/driver_position_cmd
19.6828,velocity,1785151797.196320,0.658,/vehicle/rear_bogie_velocity
19.6834,position,1785151797.196320,1.268,/vehicle/rear_bogie_velocity
19.6909,velocity,1785151797.273080,0.789,/vehicle/driver_position_cmd
19.6918,position,1785151797.273080,1.732,/vehicle/driver_position_cmd
19.7499,velocity,1785151797.323068,1.332,/vehicle/driver_position_cmd
19.7506,position,1785151797.323068,1.970,/vehicle/driver_position_cmd
19.7840,velocity,1785151797.294279,0.870,/vehicle/rear_bogie_velocity
19.7849,position,1785151797.294279,1.777,/vehicle/rear_bogie_velocity
19.7904,velocity,1785151797.373089,0.678,/vehicle/driver_position_cmd
19.7910,position,1785151797.373089,1.322,/vehicle/driver_position_cmd
19.8447,velocity,1785151797.423079,1.030,/vehicle/driver_position_cmd
19.8453,position,1785151797.423079,1.652,/vehicle/driver_position_cmd
19.8915,velocity,1785151797.473084,1.049,/vehicle/driver_position_cmd
19.8922,position,1785151797.473084,1.693,/vehicle/driver_position_cmd
19.9510,velocity,1785151797.523065,1.801,/vehicle/driver_position_cmd
19.9520,position,1785151797.523065,2.721,/vehicle/driver_position_cmd
19.9834,velocity,1785151797.522217,1.276,/vehicle/rear_bogie_velocity
19.9843,position,1785151797.522217,2.216,/vehicle/rear_bogie_velocity
19.9921,velocity,1785151797.573090,0.713,/vehicle/driver_position_cmd
19.9926,position,1785151797.573090,1.150,/vehicle/driver_position_cmd
20.0492,velocity,1785151797.623100,0.783,/vehicle/driver_position_cmd
20.0497,position,1785151797.623100,1.298,/vehicle/driver_position_cmd
20.0834,velocity,1785151797.588206,0.415,/vehicle/rear_bogie_velocity
20.0839,position,1785151797.588206,0.927,/vehicle/rear_bogie_velocity
20.0921,velocity,1785151797.673090,0.811,/vehicle/driver_position_cmd
20.0924,position,1785151797.673090,1.154,/vehicle/driver_position_cmd
20.1461,velocity,1785151797.723065,0.479,/vehicle/driver_position_cmd
20.1465,position,1785151797.723065,0.884,/vehicle/driver_position_cmd
20.1835,velocity,1785151797.690164,0.723,/vehicle/rear_bogie_velocity
20.1844,position,1785151797.690164,1.586,/vehicle/rear_bogie_velocity
20.1915,velocity,1785151797.773098,0.627,/vehicle/driver_position_cmd
20.1918,position,1785151797.773098,0.961,/vehicle/driver_position_cmd
20.2500,velocity,1785151797.823067,0.736,/vehicle/driver_position_cmd
20.2504,position,1785151797.823067,1.099,/vehicle/driver_position_cmd
20.2781,velocity,1785151797.786144,1.014,/vehicle/rear_bogie_velocity
20.2784,position,1785151797.786144,1.324,/vehicle/rear_bogie_velocity
20.2903,velocity,1785151797.873081,0.344,/vehicle/driver_position_cmd
20.2906,position,1785151797.873081,0.581,/vehicle/driver_position_cmd
20.3495,velocity,1785151797.923076,0.424,/vehicle/driver_position_cmd
20.3498,position,1785151797.923076,0.767,/vehicle/driver_position_cmd
20.3770,velocity,1785151797.896113,0.456,/vehicle/rear_bogie_velocity
20.3773,position,1785151797.896113,0.740,/vehicle/rear_bogie_velocity
20.3950,velocity,1785151797.973076,0.367,/vehicle/driver_position_cmd
20.3953,position,1785151797.973076,0.702,/vehicle/driver_position_cmd
20.4430,velocity,1785151798.023102,0.926,/vehicle/driver_position_cmd
20.4438,position,1785151798.023102,1.737,/vehicle/driver_position_cmd
20.4823,velocity,1785151798.000087,0.255,/vehicle/rear_bogie_velocity
20.4826,position,1785151798.000087,0.547,/vehicle/rear_bogie_velocity
20.4928,velocity,1785151798.073096,0.800,/vehicle/driver_position_cmd
20.4935,position,1785151798.073096,1.473,/vehicle/driver_position_cmd
20.5413,velocity,1785151798.123095,0.652,/vehicle/driver_position_cmd
20.5420,position,1785151798.123095,1.442,/vehicle/driver_position_cmd
20.5821,velocity,1785151798.088062,0.280,/vehicle/rear_bogie_velocity
20.5824,position,1785151798.088062,0.597,/vehicle/rear_bogie_velocity
20.5912,velocity,1785151798.173111,0.923,/vehicle/driver_position_cmd
20.5916,position,1785151798.173111,1.331,/vehicle/driver_position_cmd
20.6463,velocity,1785151798.223124,1.020,/vehicle/driver_position_cmd
20.6471,position,1785151798.223124,1.888,/vehicle/driver_position_cmd
20.6789,velocity,1785151798.180038,0.526,/vehicle/rear_bogie_velocity
20.6796,position,1785151798.180038,1.213,/vehicle/rear_bogie_velocity
20.6911,velocity,1785151798.273061,0.926,/vehicle/driver_position_cmd
20.6919,position,1785151798.273061,1.676,/vehicle/driver_position_cmd
20.7491,velocity,1785151798.323071,0.368,/vehicle/driver_position_cmd
20.7493,position,1785151798.323071,0.662,/vehicle/driver_position_cmd
20.7833,velocity,1785151798.286001,0.570,/vehicle/rear_bogie_velocity
20.7842,position,1785151798.286001,1.395,/vehicle/rear_bogie_velocity
20.7925,velocity,1785151798.373105,0.712,/vehicle/driver_position_cmd
20.7932,position,1785151798.373105,1.447,/vehicle/driver_position_cmd
20.8419,velocity,1785151798.423101,0.895,/vehicle/driver_position_cmd
20.8423,position,1785151798.423101,1.333,/vehicle/driver_position_cmd
20.8817,velocity,1785151798.399968,0.413,/vehicle/rear_bogie_velocity
20.8820,position,1785151798.399968,0.725,/vehicle/rear_bogie_velocity
20.8905,velocity,1785151798.473062,0.742,/vehicle/driver_position_cmd
20.8913,position,1785151798.473062,1.461,/vehicle/driver_position_cmd
20.9466,velocity,1785151798.523087,0.998,/vehicle/driver_position_cmd
20.9475,position,1785151798.523087,1.929,/vehicle/driver_position_cmd
20.9832,velocity,1785151798.495949,0.503,/vehicle/rear_bogie_velocity
20.9839,position,1785151798.495949,1.229,/vehicle/rear_bogie_velocity
20.9920,velocity,1785151798.573115,0.856,/vehicle/driver_position_cmd
20.9924,position,1785151798.573115,1.271,/vehicle/driver_position_cmd
21.0419,velocity,1785151798.623093,0.972,/vehicle/driver_position_cmd
21.0427,position,1785151798.623093,1.796,/vehicle/driver_position_cmd
21.0819,velocity,1785151798.655905,0.409,/vehicle/rear_bogie_velocity
21.0822,position,1785151798.655905,0.748,/vehicle/rear_bogie_velocity
21.0934,velocity,1785151798.673090,1.106,/vehicle/driver_position_cmd
21.0941,position,1785151798.673090,1.816,/vehicle/driver_position_cmd
21.1445,velocity,1785151798.723063,0.901,/vehicle/driver_position_cmd
21.1452,position,1785151798.723063,1.555,/vehicle/driver_position_cmd
21.1844,velocity,1785151798.701886,0.548,/vehicle/rear_bogie_velocity
21.1852,position,1785151798.701886,1.322,/vehicle/rear_bogie_velocity
21.1898,velocity,1785151798.773091,0.524,/vehicle/driver_position_cmd
21.1902,position,1785151798.773091,0.978,/vehicle/driver_position_cmd
21.2422,velocity,1785151798.823079,0.944,/vehicle/driver_position_cmd
21.2428,position,1785151798.823079,1.533,/vehicle/driver_position_cmd
21.2817,velocity,1785151798.795871,0.248,/vehicle/rear_bogie_velocity
21.2821,position,1785151798.795871,0.624,/vehicle/rear_bogie_velocity
21.2896,velocity,1785151798.873061,0.312,/vehicle/driver_position_cmd
21.2899,position,1785151798.873061,0.636,/vehicle/driver_position_cmd
21.3486,velocity,1785151798.923113,0.405,/vehicle/driver_position_cmd
21.3489,position,1785151798.923113,0.715,/vehicle/driver_position_cmd
21.3873,velocity,1785151798.897832,0.515,/vehicle/rear_bogie_velocity
21.3881,position,1785151798.897832,1.376,/vehicle/rear_bogie_velocity
21.3912,velocity,1785151798.973121,0.864,/vehicle/driver_position_cmd
21.3916,position,1785151798.973121,1.254,/vehicle/driver_position_cmd
21.4448,velocity,1785151799.023106,0.823,/vehicle/driver_position_cmd
21.4454,position,1785151799.023106,1.416,/vehicle/driver_position_cmd
21.4827,velocity,1785151798.997807,0.534,/vehicle/rear_bogie_velocity
21.4834,position,1785151798.997807,1.245,/vehicle/rear_bogie_velocity
21.4950,velocity,1785151799.073095,1.031,/vehicle/driver_position_cmd
21.4955,position,1785151799.073095,1.555,/vehicle/driver_position_cmd
21.5419,velocity,1785151799.123136,0.858,/vehicle/driver_position_cmd
21.5423,position,1785151799.123136,1.273,/vehicle/driver_position_cmd
21.5888,velocity,1785151799.085782,0.590,/vehicle/rear_bogie_velocity
21.5895,position,1785151799.085782,1.266,/vehicle/rear_bogie_velocity
21.5925,velocity,1785151799.173141,0.577,/vehicle/driver_position_cmd
21.5928,position,1785151799.173141,0.872,/vehicle/driver_position_cmd
21.6452,velocity,1785151799.223072,0.969,/vehicle/driver_position_cmd
21.6458,position,1785151799.223072,1.548,/vehicle/driver_position_cmd
21.6796,velocity,1785151799.189754,0.509,/vehicle/rear_bogie_velocity
21.6804,position,1785151799.189754,1.273,/vehicle/rear_bogie_velocity
21.6917,velocity,1785151799.273140,0.813,/vehicle/driver_position_cmd
21.6923,position,1785151799.273140,1.422,/vehicle/driver_position_cmd
21.7459,velocity,1785151799.323095,0.951,/vehicle/driver_position_cmd
21.7463,position,1785151799.323095,1.320,/vehicle/driver_position_cmd
21.7842,velocity,1785151799.279730,0.541,/vehicle/rear_bogie_velocity
21.7850,position,1785151799.279730,1.308,/vehicle/rear_bogie_velocity
21.7948,velocity,1785151799.373102,1.049,/vehicle/driver_position_cmd
21.7952,position,1785151799.373102,1.499,/vehicle/driver_position_cmd
21.8456,velocity,1785151799.423078,1.039,/vehicle/driver_position_cmd
21.8460,position,1785151799.423078,1.531,/vehicle/driver_position_cmd
21.8831,velocity,1785151799.405693,0.614,/vehicle/rear_bogie_velocity
21.8835,position,1785151799.405693,1.033,/vehicle/rear_bogie_velocity
21.8958,velocity,1785151799.473127,0.788,/vehicle/driver_position_cmd
21.8964,position,1785151799.473127,1.472,/vehicle/driver_position_cmd
21.9423,velocity,1785151799.523130,0.852,/vehicle/driver_position_cmd
21.9430,position,1785151799.523130,1.590,/vehicle/driver_position_cmd
21.9841,velocity,1785151799.501663,0.975,/vehicle/rear_bogie_velocity
21.9846,position,1785151799.501663,1.429,/vehicle/rear_bogie_velocity
21.9940,velocity,1785151799.573134,0.955,/vehicle/driver_position_cmd
21.9944,position,1785151799.573134,1.376,/vehicle/driver_position_cmd
22.0408,velocity,1785151799.623100,0.846,/vehicle/driver_position_cmd
22.0412,position,1785151799.623100,1.252,/vehicle/driver_position_cmd
22.0818,velocity,1785151799.583650,0.206,/vehicle/rear_bogie_velocity
22.0821,position,1785151799.583650,0.523,/vehicle/rear_bogie_velocity
22.0912,velocity,1785151799.673128,0.819,/vehicle/driver_position_cmd
22.0919,position,1785151799.673128,1.538,/vehicle/driver_position_cmd
22.1413,velocity,1785151799.723080,0.833,/vehicle/driver_position_cmd
22.1420,position,1785151799.723080,1.593,/vehicle/driver_position_cmd
22.1863,velocity,1785151799.683612,0.530,/vehicle/rear_bogie_velocity
22.1870,position,1785151799.683612,1.276,/vehicle/rear_bogie_velocity
22.1906,velocity,1785151799.773081,0.443,/vehicle/driver_position_cmd
22.1910,position,1785151799.773081,0.885,/vehicle/driver_position_cmd
22.2421,velocity,1785151799.823083,0.912,/vehicle/driver_position_cmd
22.2425,position,1785151799.823083,1.338,/vehicle/driver_position_cmd
22.2847,velocity,1785151799.793585,0.777,/vehicle/rear_bogie_velocity
22.2854,position,1785151799.793585,1.501,/vehicle/rear_bogie_velocity
22.2911,velocity,1785151799.873091,0.324,/vehicle/driver_position_cmd
22.2914,position,1785151799.873091,0.623,/vehicle/driver_position_cmd
22.3439,velocity,1785151799.923090,0.371,/vehicle/driver_position_cmd
22.3440,position,1785151799.923090,0.482,/vehicle/driver_position_cmd
22.3815,velocity,1785151799.909554,0.938,/vehicle/rear_bogie_velocity
22.3819,position,1785151799.909554,1.293,/vehicle/rear_bogie_velocity
22.3939,velocity,1785151799.973075,0.928,/vehicle/driver_position_cmd
22.3943,position,1785151799.973075,1.359,/vehicle/driver_position_cmd
22.4496,velocity,1785151800.023079,0.537,/vehicle/driver_position_cmd
22.4499,position,1785151800.023079,0.856,/vehicle/driver_position_cmd
22.4827,velocity,1785151799.999529,0.230,/vehicle/rear_bogie_velocity
22.4831,position,1785151799.999529,0.613,/vehicle/rear_bogie_velocity
22.4925,velocity,1785151800.073101,0.704,/vehicle/driver_position_cmd
22.4931,position,1785151800.073101,1.396,/vehicle/driver_position_cmd
22.5448,velocity,1785151800.123077,0.709,/vehicle/driver_position_cmd
22.5456,position,1785151800.123077,1.494,/vehicle/driver_position_cmd
22.5786,velocity,1785151800.087508,0.513,/vehicle/rear_bogie_velocity
22.5793,position,1785151800.087508,1.202,/vehicle/rear_bogie_velocity
22.5906,velocity,1785151800.173061,0.716,/vehicle/driver_position_cmd
22.5910,position,1785151800.173061,1.138,/vehicle/driver_position_cmd
22.6497,velocity,1785151800.223111,0.787,/vehicle/driver_position_cmd
22.6504,position,1785151800.223111,1.505,/vehicle/driver_position_cmd
22.6805,velocity,1785151800.185473,0.467,/vehicle/rear_bogie_velocity
22.6812,position,1785151800.185473,1.169,/vehicle/rear_bogie_velocity
22.6939,velocity,1785151800.273097,0.759,/vehicle/driver_position_cmd
22.6942,position,1785151800.273097,1.127,/vehicle/driver_position_cmd
22.7493,velocity,1785151800.323068,0.316,/vehicle/driver_position_cmd
22.7500,position,1785151800.323068,1.008,/vehicle/driver_position_cmd
22.7791,velocity,1785151800.285447,0.547,/vehicle/rear_bogie_velocity
22.7795,position,1785151800.285447,0.956,/vehicle/rear_bogie_velocity
22.7894,velocity,1785151800.373106,0.297,/vehicle/driver_position_cmd
22.7897,position,1785151800.373106,0.598,/vehicle/driver_position_cmd
22.8447,velocity,1785151800.423074,0.978,/vehicle/driver_position_cmd
22.8452,position,1785151800.423074,1.556,/vehicle/driver_position_cmd
22.8854,velocity,1785151800.405408,0.632,/vehicle/rear_bogie_velocity
22.8862,position,1785151800.405408,1.369,/vehicle/rear_bogie_velocity
22.8897,velocity,1785151800.473063,0.382,/vehicle/driver_position_cmd
22.8900,position,1785151800.473063,0.696,/vehicle/driver_position_cmd
22.9458,velocity,1785151800.523086,0.824,/vehicle/driver_position_cmd
22.9465,position,1785151800.523086,1.560,/vehicle/driver_position_cmd
22.9805,velocity,1785151800.493385,0.409,/vehicle/rear_bogie_velocity
22.9814,position,1785151800.493385,1.234,/vehicle/rear_bogie_velocity
22.9905,velocity,1785151800.573106,0.873,/vehicle/driver_position_cmd
22.9912,position,1785151800.573106,1.579,/vehicle/driver_position_cmd
23.0498,velocity,1785151800.623093,0.707,/vehicle/driver_position_cmd
23.0508,position,1785151800.623093,1.698,/vehicle/driver_position_cmd
23.0791,velocity,1785151800.583368,0.942,/vehicle/rear_bogie_velocity
23.0796,position,1785151800.583368,1.435,/vehicle/rear_bogie_velocity
23.0908,velocity,1785151800.673087,0.968,/vehicle/driver_position_cmd
23.0916,position,1785151800.673087,1.776,/vehicle/driver_position_cmd
23.1411,velocity,1785151800.723130,0.914,/vehicle/driver_position_cmd
23.1418,position,1785151800.723130,1.649,/vehicle/driver_position_cmd
23.1838,velocity,1785151800.707322,0.491,/vehicle/rear_bogie_velocity
23.1842,position,1785151800.707322,0.948,/vehicle/rear_bogie_velocity
23.1911,velocity,1785151800.773087,0.370,/vehicle/driver_position_cmd
23.1917,position,1785151800.773087,0.973,/vehicle/driver_position_cmd
23.2421,velocity,1785151800.823106,0.990,/vehicle/driver_position_cmd
23.2426,position,1785151800.823106,1.416,/vehicle/driver_position_cmd
23.2829,velocity,1785151800.789306,0.642,/vehicle/rear_bogie_velocity
23.2834,position,1785151800.789306,1.124,/vehicle/rear_bogie_velocity
23.2903,velocity,1785151800.873065,0.820,/vehicle/driver_position_cmd
23.2911,position,1785151800.873065,1.561,/vehicle/driver_position_cmd
23.3513,velocity,1785151800.923072,1.065,/vehicle/driver_position_cmd
23.3519,position,1785151800.923072,1.653,/vehicle/driver_position_cmd
23.3827,velocity,1785151800.885279,0.658,/vehicle/rear_bogie_velocity
23.3833,position,1785151800.885279,1.309,/vehicle/rear_bogie_velocity
23.3920,velocity,1785151800.973076,0.954,/vehicle/driver_position_cmd
23.3928,position,1785151800.973076,1.796,/vehicle/driver_position_cmd
23.4505,velocity,1785151801.023075,1.573,/vehicle/driver_position_cmd
23.4514,position,1785151801.023075,2.426,/vehicle/driver_position_cmd
23.4813,velocity,1785151801.001244,0.909,/vehicle/rear_bogie_velocity
23.4823,position,1785151801.001244,1.888,/vehicle/rear_bogie_velocity
23.4915,velocity,1785151801.073073,0.934,/vehicle/driver_position_cmd
23.4922,position,1785151801.073073,1.652,/vehicle/driver_position_cmd
23.5515,velocity,1785151801.123078,0.678,/vehicle/driver_position_cmd
23.5521,position,1785151801.123078,1.277,/vehicle/driver_position_cmd
23.5804,velocity,1785151801.087224,1.048,/vehicle/rear_bogie_velocity
23.5812,position,1785151801.087224,0.414,/vehicle/front_bogie_velocity
23.5973,velocity,1785151801.173096,0.920,/vehicle/driver_position_cmd
23.5981,position,1785151801.173096,1.760,/vehicle/driver_position_cmd
23.6503,velocity,1785151801.223084,0.804,/vehicle/driver_position_cmd
23.6508,position,1785151801.223084,1.315,/vehicle/driver_position_cmd
23.6846,velocity,1785151801.195195,0.691,/vehicle/rear_bogie_velocity
23.6854,position,1785151801.195195,1.513,/vehicle/rear_bogie_velocity
23.6908,velocity,1785151801.273062,0.597,/vehicle/driver_position_cmd
23.6914,position,1785151801.273062,1.267,/vehicle/driver_position_cmd
23.7411,velocity,1785151801.323060,1.051,/vehicle/driver_position_cmd
23.7420,position,1785151801.323060,1.874,/vehicle/driver_position_cmd
23.7818,velocity,1785151801.323165,1.533,/vehicle/rear_bogie_velocity
23.7825,position,1785151801.323165,2.286,/vehicle/rear_bogie_velocity
23.7914,velocity,1785151801.373102,0.840,/vehicle/driver_position_cmd
23.7921,position,1785151801.373102,1.577,/vehicle/driver_position_cmd
23.8432,velocity,1785151801.423088,1.017,/vehicle/driver_position_cmd
23.8438,position,1785151801.423088,1.650,/vehicle/driver_position_cmd
23.8830,velocity,1785151801.405129,0.802,/vehicle/rear_bogie_velocity
23.8834,position,1785151801.405129,1.213,/vehicle/rear_bogie_velocity
23.8920,velocity,1785151801.473070,0.830,/vehicle/driver_position_cmd
23.8928,position,1785151801.473070,1.585,/vehicle/driver_position_cmd
23.9417,velocity,1785151801.523113,0.341,/vehicle/driver_position_cmd
23.9423,position,1785151801.523113,0.912,/vehicle/driver_position_cmd
23.9848,velocity,1785151801.499112,0.610,/vehicle/rear_bogie_velocity
23.9855,position,1785151801.499112,1.389,/vehicle/rear_bogie_velocity
23.9907,velocity,1785151801.573095,0.690,/vehicle/driver_position_cmd
23.9913,position,1785151801.573095,1.269,/vehicle/driver_position_cmd
24.0448,velocity,1785151801.623104,0.877,/vehicle/driver_position_cmd
24.0454,position,1785151801.623104,1.538,/vehicle/driver_position_cmd
24.0796,velocity,1785151801.585075,0.778,/vehicle/rear_bogie_velocity
24.0804,position,1785151801.585075,1.592,/vehicle/rear_bogie_velocity
24.0963,velocity,1785151801.673074,0.889,/vehicle/driver_position_cmd
24.0971,position,1785151801.673074,1.696,/vehicle/driver_position_cmd
24.1494,velocity,1785151801.723070,0.423,/vehicle/driver_position_cmd
24.1498,position,1785151801.723070,0.835,/vehicle/driver_position_cmd
24.1791,velocity,1785151801.683060,0.533,/vehicle/rear_bogie_velocity
24.1795,position,1785151801.683060,0.895,/vehicle/rear_bogie_velocity
24.1944,velocity,1785151801.773116,0.457,/vehicle/driver_position_cmd
24.1948,position,1785151801.773116,0.834,/vehicle/driver_position_cmd
24.2430,velocity,1785151801.823078,0.971,/vehicle/driver_position_cmd
24.2434,position,1785151801.823078,1.351,/vehicle/driver_position_cmd
24.2827,velocity,1785151801.795025,0.306,/vehicle/rear_bogie_velocity
24.2835,position,1785151801.795025,1.113,/vehicle/rear_bogie_velocity
24.2927,velocity,1785151801.873092,0.801,/vehicle/driver_position_cmd
24.2934,position,1785151801.873092,1.494,/vehicle/driver_position_cmd
24.3497,velocity,1785151801.923111,0.465,/vehicle/driver_position_cmd
24.3501,position,1785151801.923111,0.827,/vehicle/driver_position_cmd
24.3829,velocity,1785151801.893004,0.720,/vehicle/rear_bogie_velocity
24.3833,position,1785151801.893004,1.184,/vehicle/rear_bogie_velocity
24.3922,velocity,1785151801.973129,0.447,/vehicle/driver_position_cmd
24.3930,position,1785151801.973129,1.229,/vehicle/driver_position_cmd
24.4414,velocity,1785151802.023083,0.426,/vehicle/driver_position_cmd
24.4418,position,1785151802.023083,0.847,/vehicle/driver_position_cmd
24.4852,velocity,1785151802.002964,0.863,/vehicle/rear_bogie_velocity
24.4859,position,1785151802.002964,1.566,/vehicle/rear_bogie_velocity
24.4932,velocity,1785151802.073105,0.847,/vehicle/driver_position_cmd
24.4939,position,1785151802.073105,1.571,/vehicle/driver_position_cmd
24.5513,velocity,1785151802.123103,1.529,/vehicle/driver_position_cmd
24.5520,position,1785151802.123103,2.246,/vehicle/driver_position_cmd
24.5815,velocity,1785151802.084972,0.586,/vehicle/rear_bogie_velocity
24.5823,position,1785151802.084972,1.402,/vehicle/rear_bogie_velocity
24.5940,velocity,1785151802.173084,0.957,/vehicle/driver_position_cmd
24.5949,position,1785151802.173084,1.825,/vehicle/driver_position_cmd
24.6505,velocity,1785151802.223089,1.496,/vehicle/driver_position_cmd
24.6511,position,1785151802.223089,2.154,/vehicle/driver_position_cmd
24.6843,velocity,1785151802.186925,0.461,/vehicle/rear_bogie_velocity
24.6849,position,1785151802.186925,1.062,/vehicle/rear_bogie_velocity
24.6916,velocity,1785151802.273120,0.813,/vehicle/driver_position_cmd
24.6923,position,1785151802.273120,1.586,/vehicle/driver_position_cmd
24.7437,velocity,1785151802.323074,0.828,/vehicle/driver_position_cmd
24.7445,position,1785151802.323074,1.618,/vehicle/driver_position_cmd
24.7842,velocity,1785151802.298888,0.769,/vehicle/rear_bogie_velocity
24.7849,position,1785151802.298888,1.418,/vehicle/rear_bogie_velocity
24.7925,velocity,1785151802.373116,0.856,/vehicle/driver_position_cmd
24.7932,position,1785151802.373116,1.462,/vehicle/driver_position_cmd
24.8426,velocity,1785151802.423095,0.970,/vehicle/driver_position_cmd
24.8431,position,1785151802.423095,1.533,/vehicle/driver_position_cmd
24.8867,velocity,1785151802.400861,0.677,/vehicle/rear_bogie_velocity
24.8873,position,1785151802.400861,1.304,/vehicle/rear_bogie_velocity
24.8902,velocity,1785151802.473070,0.654,/vehicle/driver_position_cmd
24.8908,position,1785151802.473070,1.298,/vehicle/driver_position_cmd
24.9426,velocity,1785151802.523125,1.133,/vehicle/driver_position_cmd
24.9435,position,1785151802.523125,2.079,/vehicle/driver_position_cmd
24.9841,velocity,1785151802.508833,0.662,/vehicle/rear_bogie_velocity
24.9849,position,1785151802.508833,1.419,/vehicle/rear_bogie_velocity
24.9894,velocity,1785151802.573057,0.482,/vehicle/driver_position_cmd
24.9899,position,1785151802.573057,0.954,/vehicle/driver_position_cmd
25.0419,velocity,1785151802.623082,0.701,/vehicle/driver_position_cmd
25.0425,position,1785151802.623082,1.306,/vehicle/driver_position_cmd
25.0781,velocity,1785151802.578825,0.888,/vehicle/rear_bogie_velocity
25.0785,position,1785151802.578825,1.261,/vehicle/rear_bogie_velocity
25.0922,velocity,1785151802.673112,0.961,/vehicle/driver_position_cmd
25.0930,position,1785151802.673112,1.785,/vehicle/driver_position_cmd
25.1411,velocity,1785151802.723105,0.979,/vehicle/driver_position_cmd
25.1416,position,1785151802.723105,1.415,/vehicle/driver_position_cmd
25.1847,velocity,1785151802.698773,0.410,/vehicle/rear_bogie_velocity
25.1851,position,1785151802.698773,0.787,/vehicle/rear_bogie_velocity
25.1898,velocity,1785151802.773118,0.468,/vehicle/driver_position_cmd
25.1904,position,1785151802.773118,1.052,/vehicle/driver_position_cmd
25.2499,velocity,1785151802.823060,0.692,/vehicle/driver_position_cmd
25.2504,position,1785151802.823060,1.212,/vehicle/driver_position_cmd
25.2817,velocity,1785151802.788753,1.081,/vehicle/rear_bogie_velocity
25.2820,position,1785151802.788753,1.430,/vehicle/rear_bogie_velocity
25.2935,velocity,1785151802.873062,0.762,/vehicle/driver_position_cmd
25.2943,position,1785151802.873062,1.532,/vehicle/driver_position_cmd
25.3507,velocity,1785151802.923099,0.760,/vehicle/driver_position_cmd
25.3513,position,1785151802.923099,1.393,/vehicle/driver_position_cmd
25.3835,velocity,1785151802.884725,0.651,/vehicle/rear_bogie_velocity
25.3841,position,1785151802.884725,1.228,/vehicle/rear_bogie_velocity
25.3926,velocity,1785151802.973083,0.776,/vehicle/driver_position_cmd
25.3933,position,1785151802.973083,1.527,/vehicle/driver_position_cmd
25.4453,velocity,1785151803.023114,1.147,/vehicle/driver_position_cmd
25.4460,position,1785151803.023114,1.805,/vehicle/driver_position_cmd
25.4837,velocity,1785151802.994693,0.409,/vehicle/rear_bogie_velocity
25.4841,position,1785151802.994693,0.898,/vehicle/rear_bogie_velocity
25.4923,velocity,1785151803.073077,0.652,/vehicle/driver_position_cmd
25.4931,position,1785151803.073077,1.487,/vehicle/driver_position_cmd
25.5506,velocity,1785151803.123059,1.275,/vehicle/driver_position_cmd
25.5510,position,1785151803.123059,1.723,/vehicle/driver_position_cmd
25.5840,velocity,1785151803.092667,0.676,/vehicle/rear_bogie_velocity
25.5846,position,1785151803.092667,1.232,/vehicle/rear_bogie_velocity
25.5923,velocity,1785151803.173085,0.856,/vehicle/driver_position_cmd
25.5930,position,1785151803.173085,1.562,/vehicle/driver_position_cmd
25.6424,velocity,1785151803.223099,0.419,/vehicle/driver_position_cmd
25.6432,position,1785151803.223099,1.210,/vehicle/driver_position_cmd
25.6833,velocity,1785151803.256627,0.713,/vehicle/rear_bogie_velocity
25.6838,position,1785151803.256627,1.232,/vehicle/rear_bogie_velocity
25.6927,velocity,1785151803.273109,0.869,/vehicle/driver_position_cmd
25.6934,position,1785151803.273109,1.619,/vehicle/driver_position_cmd
25.7508,velocity,1785151803.323120,0.846,/vehicle/driver_position_cmd
25.7513,position,1785151803.323120,1.380,/vehicle/driver_position_cmd
25.7845,velocity,1785151803.302612,0.524,/vehicle/rear_bogie_velocity
25.7850,position,1785151803.302612,1.062,/vehicle/rear_bogie_velocity
25.7917,velocity,1785151803.373066,0.905,/vehicle/driver_position_cmd
25.7924,position,1785151803.373066,1.592,/vehicle/driver_position_cmd
25.8489,velocity,1785151803.423081,1.010,/vehicle/driver_position_cmd
25.8495,position,1785151803.423081,1.640,/vehicle/driver_position_cmd
25.8835,velocity,1785151803.398591,0.925,/vehicle/rear_bogie_velocity
25.8844,position,1785151803.398591,1.839,/vehicle/rear_bogie_velocity
25.8904,velocity,1785151803.473055,0.694,/vehicle/driver_position_cmd
25.8911,position,1785151803.473055,1.401,/vehicle/driver_position_cmd
25.9495,velocity,1785151803.523113,0.860,/vehicle/driver_position_cmd
25.9502,position,1785151803.523113,1.523,/vehicle/driver_position_cmd
25.9792,velocity,1785151803.498560,0.819,/vehicle/rear_bogie_velocity
25.9796,position,1785151803.498560,1.221,/vehicle/rear_bogie_velocity
25.9940,velocity,1785151803.573056,0.950,/vehicle/driver_position_cmd
25.9947,position,1785151803.573056,1.580,/vehicle/driver_position_cmd
26.0440,velocity,1785151803.623077,1.044,/vehicle/driver_position_cmd
26.0445,position,1785151803.623077,1.555,/vehicle/driver_position_cmd
26.0841,velocity,1785151803.602537,0.822,/vehicle/rear_bogie_velocity
26.0848,position,1785151803.602537,1.540,/vehicle/rear_bogie_velocity
26.0898,velocity,1785151803.673066,0.718,/vehicle/driver_position_cmd
26.0905,position,1785151803.673066,1.441,/vehicle/driver_position_cmd
26.1504,velocity,1785151803.723110,1.077,/vehicle/driver_position_cmd
26.1511,position,1785151803.723110,1.750,/vehicle/driver_position_cmd
26.1829,velocity,1785151803.690510,0.557,/vehicle/rear_bogie_velocity
26.1835,position,1785151803.690510,1.163,/vehicle/rear_bogie_velocity
26.1904,velocity,1785151803.773094,0.512,/vehicle/driver_position_cmd
26.1909,position,1785151803.773094,0.980,/vehicle/driver_position_cmd
26.2462,velocity,1785151803.823081,0.495,/vehicle/driver_position_cmd
26.2467,position,1785151803.823081,1.004,/vehicle/driver_position_cmd
26.2792,velocity,1785151803.802479,0.655,/vehicle/rear_bogie_velocity
26.2799,position,1785151803.802479,1.412,/vehicle/rear_bogie_velocity
26.2911,velocity,1785151803.873093,1.028,/vehicle/driver_position_cmd
26.2945,position,1785151803.873093,4.416,/vehicle/driver_position_cmd
26.3462,velocity,1785151803.923116,1.380,/vehicle/driver_position_cmd
26.3469,position,1785151803.923116,2.124,/vehicle/driver_position_cmd
26.3801,velocity,1785151803.884454,0.438,/vehicle/rear_bogie_velocity
26.3809,position,1785151803.884454,1.236,/vehicle/rear_bogie_velocity
26.3934,velocity,1785151803.973040,0.938,/vehicle/driver_position_cmd
26.3943,position,1785151803.973040,1.801,/vehicle/driver_position_cmd
26.4425,velocity,1785151804.023080,0.671,/vehicle/driver_position_cmd
26.4431,position,1785151804.023080,1.350,/vehicle/driver_position_cmd
26.4882,velocity,1785151804.000421,3.371,/vehicle/rear_bogie_velocity
26.4885,position,1785151804.000421,3.649,/vehicle/rear_bogie_velocity
26.4900,velocity,1785151804.073083,1.048,/vehicle/driver_position_cmd
26.4902,position,1785151804.073083,1.301,/vehicle/driver_position_cmd
26.5421,velocity,1785151804.123069,0.439,/vehicle/driver_position_cmd
26.5425,position,1785151804.123069,0.770,/vehicle/driver_position_cmd
26.5803,velocity,1785151804.088391,0.650,/vehicle/rear_bogie_velocity
26.5811,position,1785151804.088391,1.493,/vehicle/rear_bogie_velocity
26.5943,velocity,1785151804.173066,1.137,/vehicle/driver_position_cmd
26.5951,position,1785151804.173066,1.922,/vehicle/driver_position_cmd
26.6486,velocity,1785151804.223099,0.876,/vehicle/driver_position_cmd
26.6490,position,1785151804.223099,1.274,/vehicle/driver_position_cmd
26.6855,velocity,1785151804.186374,0.547,/vehicle/rear_bogie_velocity
26.6864,position,1785151804.186374,1.362,/vehicle/rear_bogie_velocity
26.6894,velocity,1785151804.273061,0.456,/vehicle/driver_position_cmd
26.6899,position,1785151804.273061,0.908,/vehicle/driver_position_cmd
26.7506,velocity,1785151804.323065,1.080,/vehicle/driver_position_cmd
26.7514,position,1785151804.323065,1.866,/vehicle/driver_position_cmd
26.7819,velocity,1785151804.286343,1.948,/vehicle/rear_bogie_velocity
26.7827,position,1785151804.286343,2.725,/vehicle/rear_bogie_velocity
26.7910,velocity,1785151804.373099,0.815,/vehicle/driver_position_cmd
26.7918,position,1785151804.373099,1.636,/vehicle/driver_position_cmd
26.8508,velocity,1785151804.423074,0.749,/vehicle/driver_position_cmd
26.8515,position,1785151804.423074,1.360,/vehicle/driver_position_cmd
26.8867,velocity,1785151804.444293,0.454,/vehicle/rear_bogie_velocity
26.8871,position,1785151804.444293,0.859,/vehicle/rear_bogie_velocity
26.8902,velocity,1785151804.473070,0.747,/vehicle/driver_position_cmd
26.8907,position,1785151804.473070,1.208,/vehicle/driver_position_cmd
26.9507,velocity,1785151804.523047,0.940,/vehicle/driver_position_cmd
26.9515,position,1785151804.523047,1.712,/vehicle/driver_position_cmd
26.9812,velocity,1785151804.500285,0.670,/vehicle/rear_bogie_velocity
26.9820,position,1785151804.500285,1.524,/vehicle/rear_bogie_velocity
26.9909,velocity,1785151804.573066,0.820,/vehicle/driver_position_cmd
26.9931,position,1785151804.573066,2.993,/vehicle/driver_position_cmd
27.0504,velocity,1785151804.623087,1.604,/vehicle/driver_position_cmd
27.0512,position,1785151804.623087,2.389,/vehicle/driver_position_cmd
27.0830,velocity,1785151804.604254,1.534,/vehicle/rear_bogie_velocity
27.0835,position,1785151804.604254,1.952,/vehicle/rear_bogie_velocity
27.0903,velocity,1785151804.673083,0.869,/vehicle/driver_position_cmd
27.0912,position,1785151804.673083,1.722,/vehicle/driver_position_cmd
27.1436,velocity,1785151804.723091,1.300,/vehicle/driver_position_cmd
27.1439,position,1785151804.723091,1.627,/vehicle/driver_position_cmd
27.1806,velocity,1785151804.682234,1.166,/vehicle/rear_bogie_velocity
27.1813,position,1785151804.682234,1.861,/vehicle/rear_bogie_velocity
27.1937,velocity,1785151804.773076,1.493,/vehicle/driver_position_cmd
27.1941,position,1785151804.773076,1.891,/vehicle/driver_position_cmd
27.2494,velocity,1785151804.823067,0.791,/vehicle/driver_position_cmd
27.2498,position,1785151804.823067,1.241,/vehicle/driver_position_cmd
27.2824,velocity,1785151804.796196,0.634,/vehicle/rear_bogie_velocity
27.2830,position,1785151804.796196,1.232,/vehicle/rear_bogie_velocity
27.2900,velocity,1785151804.873075,0.472,/vehicle/driver_position_cmd
27.2903,position,1785151804.873075,0.850,/vehicle/driver_position_cmd
27.3497,velocity,1785151804.923088,0.608,/vehicle/driver_position_cmd
27.3501,position,1785151804.923088,0.968,/vehicle/driver_position_cmd
27.3820,velocity,1785151804.882190,1.045,/vehicle/rear_bogie_velocity
27.3823,position,1785151804.882190,1.379,/vehicle/rear_bogie_velocity
27.3916,velocity,1785151804.973092,0.415,/vehicle/driver_position_cmd
27.3919,position,1785151804.973092,0.756,/vehicle/driver_position_cmd
27.4489,velocity,1785151805.023092,0.764,/vehicle/driver_position_cmd
27.4498,position,1785151805.023092,1.660,/vehicle/driver_position_cmd
27.4844,velocity,1785151804.996139,0.956,/vehicle/rear_bogie_velocity
27.4848,position,1785151804.996139,1.342,/vehicle/rear_bogie_velocity
27.4916,velocity,1785151805.073063,0.789,/vehicle/driver_position_cmd
27.4923,position,1785151805.073063,1.548,/vehicle/driver_position_cmd
27.5487,velocity,1785151805.123062,1.367,/vehicle/driver_position_cmd
27.5501,position,1785151805.123062,2.731,/vehicle/driver_position_cmd
27.5793,velocity,1785151805.100108,0.467,/vehicle/rear_bogie_velocity
27.5799,position,1785151805.100108,1.036,/vehicle/rear_bogie_velocity
27.5915,velocity,1785151805.173102,0.501,/vehicle/driver_position_cmd
27.5922,position,1785151805.173102,1.191,/vehicle/driver_position_cmd
27.6420,velocity,1785151805.223108,0.929,/vehicle/driver_position_cmd
27.6429,position,1785151805.223108,1.751,/vehicle/driver_position_cmd
27.6815,velocity,1785151805.196084,0.310,/vehicle/rear_bogie_velocity
27.6819,position,1785151805.196084,0.705,/vehicle/rear_bogie_velocity
27.6929,velocity,1785151805.273094,0.461,/vehicle/driver_position_cmd
27.6933,position,1785151805.273094,0.828,/vehicle/driver_position_cmd
27.7472,velocity,1785151805.323098,0.988,/vehicle/driver_position_cmd
27.7478,position,1785151805.323098,1.645,/vehicle/driver_position_cmd
27.7842,velocity,1785151805.296062,1.667,/vehicle/rear_bogie_velocity
27.7845,position,1785151805.296062,1.995,/vehicle/rear_bogie_velocity
27.7909,velocity,1785151805.373106,0.558,/vehicle/driver_position_cmd
27.7914,position,1785151805.373106,1.005,/vehicle/driver_position_cmd
27.8418,velocity,1785151805.423096,0.945,/vehicle/driver_position_cmd
27.8424,position,1785151805.423096,1.528,/vehicle/driver_position_cmd
27.8791,velocity,1785151805.404027,0.952,/vehicle/rear_bogie_velocity
27.8800,position,1785151805.404027,1.830,/vehicle/rear_bogie_velocity
27.8915,velocity,1785151805.473094,0.946,/vehicle/driver_position_cmd
27.8922,position,1785151805.473094,1.635,/vehicle/driver_position_cmd
27.9412,velocity,1785151805.523090,0.981,/vehicle/driver_position_cmd
27.9419,position,1785151805.523090,1.614,/vehicle/driver_position_cmd
27.9791,velocity,1785151805.504007,0.663,/vehicle/rear_bogie_velocity
27.9798,position,1785151805.504007,1.351,/vehicle/rear_bogie_velocity
27.9913,velocity,1785151805.573096,0.929,/vehicle/driver_position_cmd
27.9920,position,1785151805.573096,1.664,/vehicle/driver_position_cmd
28.0403,velocity,1785151805.623094,0.869,/vehicle/driver_position_cmd
28.0408,position,1785151805.623094,1.307,/vehicle/driver_position_cmd
28.0785,velocity,1785151805.621959,0.318,/vehicle/rear_bogie_velocity
28.0789,position,1785151805.621959,0.714,/vehicle/rear_bogie_velocity
28.0907,velocity,1785151805.673110,0.402,/vehicle/driver_position_cmd
28.0914,position,1785151805.673110,1.036,/vehicle/driver_position_cmd
28.1417,velocity,1785151805.723088,0.956,/vehicle/driver_position_cmd
28.1423,position,1785151805.723088,1.544,/vehicle/driver_position_cmd
28.1788,velocity,1785151805.697945,0.648,/vehicle/rear_bogie_velocity
28.1794,position,1785151805.697945,1.266,/vehicle/rear_bogie_velocity
28.1910,velocity,1785151805.773056,0.722,/vehicle/driver_position_cmd
28.1919,position,1785151805.773056,1.556,/vehicle/driver_position_cmd
28.2425,velocity,1785151805.823099,0.941,/vehicle/driver_position_cmd
28.2433,position,1785151805.823099,1.757,/vehicle/driver_position_cmd
28.2780,velocity,1785151805.803922,0.336,/vehicle/rear_bogie_velocity
28.2788,position,1785151805.803922,1.128,/vehicle/rear_bogie_velocity
28.2909,velocity,1785151805.873086,0.683,/vehicle/driver_position_cmd
28.2918,position,1785151805.873086,1.559,/vehicle/driver_position_cmd
28.3411,velocity,1785151805.923058,0.956,/vehicle/driver_position_cmd
28.3418,position,1785151805.923058,1.641,/vehicle/driver_position_cmd
28.3790,velocity,1785151805.903889,0.619,/vehicle/rear_bogie_velocity
28.3797,position,1785151805.903889,1.338,/vehicle/rear_bogie_velocity
28.3913,velocity,1785151805.973313,0.982,/vehicle/driver_position_cmd
28.3921,position,1785151805.973313,1.840,/vehicle/driver_position_cmd
28.4424,velocity,1785151806.023101,0.998,/vehicle/driver_position_cmd
28.4433,position,1785151806.023101,1.851,/vehicle/driver_position_cmd
28.4788,velocity,1785151806.023849,0.937,/vehicle/rear_bogie_velocity
28.4792,position,1785151806.023849,1.296,/vehicle/rear_bogie_velocity
28.4915,velocity,1785151806.073081,0.976,/vehicle/driver_position_cmd
28.4922,position,1785151806.073081,1.703,/vehicle/driver_position_cmd
28.5414,velocity,1785151806.123076,1.001,/vehicle/driver_position_cmd
28.5423,position,1785151806.123076,1.882,/vehicle/driver_position_cmd
28.5790,velocity,1785151806.093833,0.643,/vehicle/rear_bogie_velocity
28.5798,position,1785151806.093833,1.426,/vehicle/rear_bogie_velocity
28.5902,velocity,1785151806.173081,0.807,/vehicle/driver_position_cmd
28.5910,position,1785151806.173081,1.654,/vehicle/driver_position_cmd
28.6425,velocity,1785151806.223119,0.991,/vehicle/driver_position_cmd
28.6432,position,1785151806.223119,1.682,/vehicle/driver_position_cmd
28.6795,velocity,1785151806.183821,0.958,/vehicle/rear_bogie_velocity
28.6803,position,1785151806.183821,1.776,/vehicle/rear_bogie_velocity
28.6922,velocity,1785151806.273109,0.968,/vehicle/driver_position_cmd
28.6931,position,1785151806.273109,1.854,/vehicle/driver_position_cmd
28.7427,velocity,1785151806.323088,1.072,/vehicle/driver_position_cmd
28.7435,position,1785151806.323088,1.910,/vehicle/driver_position_cmd
28.7781,velocity,1785151806.299773,0.459,/vehicle/rear_bogie_velocity
28.7786,position,1785151806.299773,0.926,/vehicle/rear_bogie_velocity
28.7901,velocity,1785151806.373060,0.432,/vehicle/driver_position_cmd
28.7905,position,1785151806.373060,0.800,/vehicle/driver_position_cmd
28.8410,velocity,1785151806.423105,0.878,/vehicle/driver_position_cmd
28.8415,position,1785151806.423105,1.360,/vehicle/driver_position_cmd
28.8779,velocity,1785151806.407749,0.467,/vehicle/rear_bogie_velocity
28.8784,position,1785151806.407749,1.011,/vehicle/rear_bogie_velocity
28.8905,velocity,1785151806.473101,0.498,/vehicle/driver_position_cmd
28.8909,position,1785151806.473101,0.932,/vehicle/driver_position_cmd
28.9410,velocity,1785151806.523072,0.983,/vehicle/driver_position_cmd
28.9419,position,1785151806.523072,1.823,/vehicle/driver_position_cmd
28.9794,velocity,1785151806.495720,0.957,/vehicle/rear_bogie_velocity
28.9798,position,1785151806.495720,1.366,/vehicle/rear_bogie_velocity
28.9914,velocity,1785151806.573088,0.867,/vehicle/driver_position_cmd
28.9922,position,1785151806.573088,1.636,/vehicle/driver_position_cmd
29.0418,velocity,1785151806.623070,0.998,/vehicle/driver_position_cmd
29.0425,position,1785151806.623070,1.663,/vehicle/driver_position_cmd
29.0790,velocity,1785151806.587693,0.357,/vehicle/rear_bogie_velocity
29.0796,position,1785151806.587693,0.951,/vehicle/rear_bogie_velocity
29.0907,velocity,1785151806.673077,0.414,/vehicle/driver_position_cmd
29.0911,position,1785151806.673077,0.894,/vehicle/driver_position_cmd
29.1407,velocity,1785151806.723068,1.037,/vehicle/driver_position_cmd
29.1411,position,1785151806.723068,1.410,/vehicle/driver_position_cmd
29.1802,velocity,1785151806.705662,1.044,/vehicle/rear_bogie_velocity
29.1815,position,1785151806.705662,2.338,/vehicle/rear_bogie_velocity
29.1908,velocity,1785151806.773063,0.962,/vehicle/driver_position_cmd
29.1916,position,1785151806.773063,1.728,/vehicle/driver_position_cmd
29.2408,velocity,1785151806.823099,0.895,/vehicle/driver_position_cmd
29.2411,position,1785151806.823099,1.182,/vehicle/driver_position_cmd
29.2794,velocity,1785151806.795633,0.170,/vehicle/rear_bogie_velocity
29.2795,position,1785151806.795633,0.295,/vehicle/rear_bogie_velocity
29.2901,velocity,1785151806.873095,0.240,/vehicle/driver_position_cmd
29.2902,position,1785151806.873095,0.424,/vehicle/driver_position_cmd
29.3489,velocity,1785151806.923082,0.426,/vehicle/driver_position_cmd
29.3492,position,1785151806.923082,0.690,/vehicle/driver_position_cmd
29.3800,velocity,1785151806.881612,0.416,/vehicle/rear_bogie_velocity
29.3803,position,1785151806.881612,0.733,/vehicle/rear_bogie_velocity
29.3899,velocity,1785151806.973069,0.340,/vehicle/driver_position_cmd
29.3902,position,1785151806.973069,0.638,/vehicle/driver_position_cmd
29.4425,velocity,1785151807.023131,0.968,/vehicle/driver_position_cmd
29.4432,position,1785151807.023131,1.665,/vehicle/driver_position_cmd
29.4822,velocity,1785151806.995583,0.323,/vehicle/rear_bogie_velocity
29.4824,position,1785151806.995583,0.576,/vehicle/rear_bogie_velocity
29.4956,velocity,1785151807.073112,0.817,/vehicle/driver_position_cmd
29.4961,position,1785151807.073112,1.275,/vehicle/driver_position_cmd
29.5405,velocity,1785151807.123103,0.907,/vehicle/driver_position_cmd
29.5411,position,1785151807.123103,1.446,/vehicle/driver_position_cmd
29.5860,velocity,1785151807.085556,0.821,/vehicle/rear_bogie_velocity
29.5870,position,1785151807.085556,1.757,/vehicle/rear_bogie_velocity
29.5923,velocity,1785151807.173136,0.873,/vehicle/driver_position_cmd
29.5928,position,1785151807.173136,1.438,/vehicle/driver_position_cmd
29.6430,velocity,1785151807.223087,0.994,/vehicle/driver_position_cmd
29.6435,position,1785151807.223087,1.481,/vehicle/driver_position_cmd
29.6832,velocity,1785151807.185523,0.363,/vehicle/rear_bogie_velocity
29.6838,position,1785151807.185523,0.968,/vehicle/rear_bogie_velocity
29.6925,velocity,1785151807.273103,0.512,/vehicle/driver_position_cmd
29.6929,position,1785151807.273103,0.919,/vehicle/driver_position_cmd
29.7501,velocity,1785151807.323117,0.669,/vehicle/driver_position_cmd
29.7509,position,1785151807.323117,1.479,/vehicle/driver_position_cmd
29.7821,velocity,1785151807.293504,0.496,/vehicle/rear_bogie_velocity
29.7825,position,1785151807.293504,0.846,/vehicle/rear_bogie_velocity
29.7932,velocity,1785151807.373115,0.833,/vehicle/driver_position_cmd
29.7936,position,1785151807.373115,1.218,/vehicle/driver_position_cmd
29.8429,velocity,1785151807.423105,0.926,/vehicle/driver_position_cmd
29.8437,position,1785151807.423105,1.716,/vehicle/driver_position_cmd
29.8827,velocity,1785151807.407469,0.905,/vehicle/rear_bogie_velocity
29.8835,position,1785151807.407469,1.703,/vehicle/rear_bogie_velocity
29.8907,velocity,1785151807.473125,0.818,/vehicle/driver_position_cmd
29.8914,position,1785151807.473125,1.540,/vehicle/driver_position_cmd
29.9420,velocity,1785151807.523087,0.911,/vehicle/driver_position_cmd
29.9428,position,1785151807.523087,1.730,/vehicle/driver_position_cmd
29.9830,velocity,1785151807.501436,0.769,/vehicle/rear_bogie_velocity
29.9836,position,1785151807.501436,1.380,/vehicle/rear_bogie_velocity
29.9918,velocity,1785151807.573116,0.746,/vehicle/driver_position_cmd
29.9925,position,1785151807.573116,1.419,/vehicle/driver_position_cmd
30.0469,velocity,1785151807.623062,0.758,/vehicle/driver_position_cmd
30.0475,position,1785151807.623062,1.374,/vehicle/driver_position_cmd
30.0829,velocity,1785151807.607427,0.488,/vehicle/rear_bogie_velocity
30.0837,position,1785151807.607427,1.323,/vehicle/rear_bogie_velocity
30.0928,velocity,1785151807.673100,0.806,/vehicle/driver_position_cmd
30.0935,position,1785151807.673100,1.510,/vehicle/driver_position_cmd
30.1440,velocity,1785151807.723099,0.909,/vehicle/driver_position_cmd
30.1446,position,1785151807.723099,1.524,/vehicle/driver_position_cmd
30.1793,velocity,1785151807.687387,1.039,/vehicle/rear_bogie_velocity
30.1832,position,1785151807.687387,5.006,/vehicle/rear_bogie_velocity
30.1905,velocity,1785151807.773106,0.509,/vehicle/driver_position_cmd
30.1909,position,1785151807.773106,0.816,/vehicle/driver_position_cmd
30.2420,velocity,1785151807.823153,0.923,/vehicle/driver_position_cmd
30.2429,position,1785151807.823153,1.786,/vehicle/driver_position_cmd
30.2795,velocity,1785151807.795353,0.579,/vehicle/rear_bogie_velocity
30.2802,position,1785151807.795353,1.257,/vehicle/rear_bogie_velocity
30.2899,velocity,1785151807.873105,0.442,/vehicle/driver_position_cmd
30.2903,position,1785151807.873105,0.829,/vehicle/driver_position_cmd
30.3405,velocity,1785151807.923057,0.475,/vehicle/driver_position_cmd
30.3409,position,1785151807.923057,0.903,/vehicle/driver_position_cmd
30.3791,velocity,1785151807.887329,0.653,/vehicle/rear_bogie_velocity
30.3807,position,1785151807.887329,2.247,/vehicle/rear_bogie_velocity
30.3906,velocity,1785151807.973090,0.841,/vehicle/driver_position_cmd
30.3913,position,1785151807.973090,1.550,/vehicle/driver_position_cmd
30.4411,velocity,1785151808.023087,0.958,/vehicle/driver_position_cmd
30.4416,position,1785151808.023087,1.511,/vehicle/driver_position_cmd
30.4795,velocity,1785151807.997303,0.608,/vehicle/rear_bogie_velocity
30.4802,position,1785151807.997303,1.313,/vehicle/rear_bogie_velocity
30.4899,velocity,1785151808.073110,0.629,/vehicle/driver_position_cmd
30.4907,position,1785151808.073110,1.384,/vehicle/driver_position_cmd
30.5412,velocity,1785151808.123071,0.950,/vehicle/driver_position_cmd
30.5418,position,1785151808.123071,1.571,/vehicle/driver_position_cmd
30.5786,velocity,1785151808.115265,0.580,/vehicle/rear_bogie_velocity
30.5794,position,1785151808.115265,1.426,/vehicle/rear_bogie_velocity
30.5911,velocity,1785151808.173080,0.897,/vehicle/driver_position_cmd
30.5919,position,1785151808.173080,1.724,/vehicle/driver_position_cmd
30.6404,velocity,1785151808.223089,0.486,/vehicle/driver_position_cmd
30.6410,position,1785151808.223089,1.101,/vehicle/driver_position_cmd
30.6788,velocity,1785151808.195256,0.627,/vehicle/rear_bogie_velocity
30.6795,position,1785151808.195256,1.308,/vehicle/rear_bogie_velocity
30.6916,velocity,1785151808.273176,0.952,/vehicle/driver_position_cmd
30.6922,position,1785151808.273176,1.617,/vehicle/driver_position_cmd
30.7416,velocity,1785151808.323106,0.968,/vehicle/driver_position_cmd
30.7424,position,1785151808.323106,1.823,/vehicle/driver_position_cmd
30.7785,velocity,1785151808.287218,0.700,/vehicle/rear_bogie_velocity
30.7793,position,1785151808.287218,1.478,/vehicle/rear_bogie_velocity
30.7905,velocity,1785151808.373070,0.799,/vehicle/driver_position_cmd
30.7911,position,1785151808.373070,1.306,/vehicle/driver_position_cmd
30.8401,velocity,1785151808.423060,0.530,/vehicle/driver_position_cmd
30.8405,position,1785151808.423060,0.923,/vehicle/driver_position_cmd
30.8782,velocity,1785151808.393196,0.535,/vehicle/rear_bogie_velocity
30.8790,position,1785151808.393196,1.311,/vehicle/rear_bogie_velocity
30.8910,velocity,1785151808.473082,0.918,/vehicle/driver_position_cmd
30.8919,position,1785151808.473082,1.771,/vehicle/driver_position_cmd
30.9414,velocity,1785151808.523109,0.913,/vehicle/driver_position_cmd
30.9419,position,1785151808.523109,1.393,/vehicle/driver_position_cmd
30.9787,velocity,1785151808.495167,0.567,/vehicle/rear_bogie_velocity
30.9794,position,1785151808.495167,1.281,/vehicle/rear_bogie_velocity
30.9906,velocity,1785151808.573076,0.786,/vehicle/driver_position_cmd
30.9910,position,1785151808.573076,1.221,/vehicle/driver_position_cmd
31.0422,velocity,1785151808.623077,0.914,/vehicle/driver_position_cmd
31.0430,position,1785151808.623077,1.700,/vehicle/driver_position_cmd
31.0780,velocity,1785151808.587150,0.624,/vehicle/rear_bogie_velocity
31.0786,position,1785151808.587150,1.192,/vehicle/rear_bogie_velocity
31.0917,velocity,1785151808.673213,0.778,/vehicle/driver_position_cmd
31.0942,position,1785151808.673213,3.262,/vehicle/driver_position_cmd
31.1430,velocity,1785151808.723260,0.962,/vehicle/driver_position_cmd
31.1437,position,1785151808.723260,1.713,/vehicle/driver_position_cmd
31.1836,velocity,1785151808.751099,0.810,/vehicle/rear_bogie_velocity
31.1844,position,1785151808.751099,1.652,/vehicle/rear_bogie_velocity
31.1914,velocity,1785151808.773211,0.695,/vehicle/driver_position_cmd
31.1921,position,1785151808.773211,1.416,/vehicle/driver_position_cmd
31.2421,velocity,1785151808.823139,0.907,/vehicle/driver_position_cmd
31.2429,position,1785151808.823139,1.734,/vehicle/driver_position_cmd
31.2798,velocity,1785151808.801085,0.858,/vehicle/rear_bogie_velocity
31.2806,position,1785151808.801085,1.623,/vehicle/rear_bogie_velocity
31.2899,velocity,1785151808.873141,0.497,/vehicle/driver_position_cmd
31.2902,position,1785151808.873141,0.880,/vehicle/driver_position_cmd
31.3468,velocity,1785151808.923064,0.413,/vehicle/driver_position_cmd
31.3473,position,1785151808.923064,0.909,/vehicle/driver_position_cmd
31.3800,velocity,1785151808.887051,0.277,/vehicle/rear_bogie_velocity
31.3802,position,1785151808.887051,0.514,/vehicle/rear_bogie_velocity
31.3897,velocity,1785151808.973109,0.400,/vehicle/driver_position_cmd
31.3898,position,1785151808.973109,0.550,/vehicle/driver_position_cmd
31.4423,velocity,1785151809.023097,0.452,/vehicle/driver_position_cmd
31.4428,position,1785151809.023097,0.883,/vehicle/driver_position_cmd
31.4782,velocity,1785151808.989023,0.716,/vehicle/rear_bogie_velocity
31.4790,position,1785151808.989023,1.518,/vehicle/rear_bogie_velocity
31.4917,velocity,1785151809.073096,0.983,/vehicle/driver_position_cmd
31.4921,position,1785151809.073096,1.410,/vehicle/driver_position_cmd
31.5411,velocity,1785151809.123066,0.959,/vehicle/driver_position_cmd
31.5418,position,1785151809.123066,1.653,/vehicle/driver_position_cmd
31.5796,velocity,1785151809.092995,0.638,/vehicle/rear_bogie_velocity
31.5810,position,1785151809.092995,1.988,/vehicle/rear_bogie_velocity
31.5914,velocity,1785151809.173096,0.880,/vehicle/driver_position_cmd
31.5922,position,1785151809.173096,1.714,/vehicle/driver_position_cmd
31.6408,velocity,1785151809.223071,1.010,/vehicle/driver_position_cmd
31.6418,position,1785151809.223071,1.943,/vehicle/driver_position_cmd
31.6794,velocity,1785151809.186966,0.612,/vehicle/rear_bogie_velocity
31.6803,position,1785151809.186966,1.474,/vehicle/rear_bogie_velocity
31.6908,velocity,1785151809.273095,0.661,/vehicle/driver_position_cmd
31.6917,position,1785151809.273095,1.561,/vehicle/driver_position_cmd
31.7403,velocity,1785151809.323059,0.940,/vehicle/driver_position_cmd
31.7411,position,1785151809.323059,1.769,/vehicle/driver_position_cmd
31.7790,velocity,1785151809.286951,0.631,/vehicle/rear_bogie_velocity
31.7797,position,1785151809.286951,1.304,/vehicle/rear_bogie_velocity
31.7912,velocity,1785151809.373065,0.941,/vehicle/driver_position_cmd
31.7920,position,1785151809.373065,1.807,/vehicle/driver_position_cmd
31.8411,velocity,1785151809.423080,0.921,/vehicle/driver_position_cmd
31.8418,position,1785151809.423080,1.551,/vehicle/driver_position_cmd
31.8793,velocity,1785151809.406915,0.652,/vehicle/rear_bogie_velocity
31.8802,position,1785151809.406915,1.566,/vehicle/rear_bogie_velocity
31.8910,velocity,1785151809.473081,0.895,/vehicle/driver_position_cmd
31.8918,position,1785151809.473081,1.698,/vehicle/driver_position_cmd
31.9419,velocity,1785151809.523137,0.738,/vehicle/driver_position_cmd
31.9427,position,1785151809.523137,1.597,/vehicle/driver_position_cmd
31.9784,velocity,1785151809.500880,0.578,/vehicle/rear_bogie_velocity
31.9791,position,1785151809.500880,1.306,/vehicle/rear_bogie_velocity
31.9915,velocity,1785151809.573101,0.704,/vehicle/driver_position_cmd
31.9920,position,1785151809.573101,1.199,/vehicle/driver_position_cmd
32.0414,velocity,1785151809.623133,0.547,/vehicle/driver_position_cmd
32.0419,position,1785151809.623133,1.021,/vehicle/driver_position_cmd
32.0833,velocity,1785151809.598852,1.105,/vehicle/rear_bogie_velocity
32.0838,position,1785151809.598852,1.627,/vehicle/rear_bogie_velocity
32.0919,velocity,1785151809.673078,0.896,/vehicle/driver_position_cmd
32.0927,position,1785151809.673078,1.656,/vehicle/driver_position_cmd
32.1417,velocity,1785151809.723076,0.673,/vehicle/driver_position_cmd
32.1433,position,1785151809.723076,2.290,/vehicle/driver_position_cmd
32.1800,velocity,1785151809.686836,0.635,/vehicle/rear_bogie_velocity
32.1808,position,1785151809.686836,1.446,/vehicle/rear_bogie_velocity
32.1908,velocity,1785151809.773076,1.054,/vehicle/driver_position_cmd
32.1915,position,1785151809.773076,1.754,/vehicle/driver_position_cmd
32.2407,velocity,1785151809.823104,0.967,/vehicle/driver_position_cmd
32.2415,position,1785151809.823104,1.797,/vehicle/driver_position_cmd
32.2800,velocity,1785151809.794797,1.057,/vehicle/rear_bogie_velocity
32.2809,position,1785151809.794797,1.963,/vehicle/rear_bogie_velocity
32.2909,velocity,1785151809.873261,0.431,/vehicle/driver_position_cmd
32.2913,position,1785151809.873261,0.800,/vehicle/driver_position_cmd
32.3416,velocity,1785151809.923474,0.433,/vehicle/driver_position_cmd
32.3422,position,1785151809.923474,1.058,/vehicle/driver_position_cmd
32.3789,velocity,1785151809.888780,0.610,/vehicle/rear_bogie_velocity
32.3798,position,1785151809.888780,1.516,/vehicle/rear_bogie_velocity
32.3907,velocity,1785151809.973109,0.938,/vehicle/driver_position_cmd
32.3915,position,1785151809.973109,1.729,/vehicle/driver_position_cmd
32.4411,velocity,1785151810.023144,0.958,/vehicle/driver_position_cmd
32.4418,position,1785151810.023144,1.625,/vehicle/driver_position_cmd
32.4791,velocity,1785151810.006750,0.655,/vehicle/rear_bogie_velocity
32.4799,position,1785151810.006750,1.511,/vehicle/rear_bogie_velocity
32.4908,velocity,1785151810.073086,0.824,/vehicle/driver_position_cmd
32.4916,position,1785151810.073086,1.619,/vehicle/driver_position_cmd
32.5418,velocity,1785151810.123080,0.985,/vehicle/driver_position_cmd
32.5424,position,1785151810.123080,1.598,/vehicle/driver_position_cmd
32.5786,velocity,1785151810.128710,0.684,/vehicle/rear_bogie_velocity
32.5793,position,1785151810.128710,1.445,/vehicle/rear_bogie_velocity
32.5915,velocity,1785151810.173070,0.950,/vehicle/driver_position_cmd
32.5922,position,1785151810.173070,1.611,/vehicle/driver_position_cmd
32.6413,velocity,1785151810.223103,0.958,/vehicle/driver_position_cmd
32.6421,position,1785151810.223103,1.803,/vehicle/driver_position_cmd
32.6786,velocity,1785151810.180694,0.488,/vehicle/rear_bogie_velocity
32.6794,position,1785151810.180694,1.315,/vehicle/rear_bogie_velocity
32.6914,velocity,1785151810.273125,1.004,/vehicle/driver_position_cmd
32.6918,position,1785151810.273125,1.439,/vehicle/driver_position_cmd
32.7414,velocity,1785151810.323094,1.027,/vehicle/driver_position_cmd
32.7421,position,1785151810.323094,1.678,/vehicle/driver_position_cmd
32.7791,velocity,1785151810.294669,0.655,/vehicle/rear_bogie_velocity
32.7799,position,1785151810.294669,1.377,/vehicle/rear_bogie_velocity
32.7911,velocity,1785151810.373075,0.949,/vehicle/driver_position_cmd
32.7918,position,1785151810.373075,1.623,/vehicle/driver_position_cmd
32.8403,velocity,1785151810.423116,0.646,/vehicle/driver_position_cmd
32.8408,position,1785151810.423116,1.065,/vehicle/driver_position_cmd
32.8790,velocity,1785151810.396642,0.611,/vehicle/rear_bogie_velocity
32.8796,position,1785151810.396642,1.238,/vehicle/rear_bogie_velocity
32.8902,velocity,1785151810.473083,0.825,/vehicle/driver_position_cmd
32.8909,position,1785151810.473083,1.551,/vehicle/driver_position_cmd
32.9409,velocity,1785151810.523142,1.036,/vehicle/driver_position_cmd
32.9418,position,1785151810.523142,1.930,/vehicle/driver_position_cmd
32.9783,velocity,1785151810.496623,0.429,/vehicle/rear_bogie_velocity
32.9786,position,1785151810.496623,0.800,/vehicle/rear_bogie_velocity
32.9910,velocity,1785151810.573074,0.870,/vehicle/driver_position_cmd
32.9918,position,1785151810.573074,1.701,/vehicle/driver_position_cmd
33.0418,velocity,1785151810.623118,1.020,/vehicle/driver_position_cmd
33.0422,position,1785151810.623118,1.400,/vehicle/driver_position_cmd
33.0784,velocity,1785151810.586576,0.582,/vehicle/rear_bogie_velocity
33.0792,position,1785151810.586576,1.371,/vehicle/rear_bogie_velocity
33.0912,velocity,1785151810.673100,1.035,/vehicle/driver_position_cmd
33.0921,position,1785151810.673100,1.901,/vehicle/driver_position_cmd
33.1404,velocity,1785151810.723129,0.950,/vehicle/driver_position_cmd
33.1411,position,1785151810.723129,1.563,/vehicle/driver_position_cmd
33.1791,velocity,1785151810.700575,0.838,/vehicle/rear_bogie_velocity
33.1795,position,1785151810.700575,1.287,/vehicle/rear_bogie_velocity
33.1906,velocity,1785151810.773082,0.751,/vehicle/driver_position_cmd
33.1913,position,1785151810.773082,1.512,/vehicle/driver_position_cmd
33.2410,velocity,1785151810.823100,0.914,/vehicle/driver_position_cmd
33.2418,position,1785151810.823100,1.712,/vehicle/driver_position_cmd
33.2784,velocity,1785151810.786527,0.561,/vehicle/rear_bogie_velocity
33.2792,position,1785151810.786527,1.388,/vehicle/rear_bogie_velocity
33.2904,velocity,1785151810.873090,0.879,/vehicle/driver_position_cmd
33.2909,position,1785151810.873090,1.372,/vehicle/driver_position_cmd
33.3406,velocity,1785151810.923071,0.682,/vehicle/driver_position_cmd
33.3415,position,1785151810.923071,1.518,/vehicle/driver_position_cmd
33.3774,velocity,1785151810.886497,0.588,/vehicle/rear_bogie_velocity
33.3782,position,1785151810.886497,1.419,/vehicle/rear_bogie_velocity
33.3910,velocity,1785151810.973072,0.923,/vehicle/driver_position_cmd
33.3917,position,1785151810.973072,1.621,/vehicle/driver_position_cmd
33.4427,velocity,1785151811.023071,1.095,/vehicle/driver_position_cmd
33.4433,position,1785151811.023071,1.664,/vehicle/driver_position_cmd
33.4805,velocity,1785151810.990506,0.639,/vehicle/rear_bogie_velocity
33.4815,position,1785151810.990506,1.633,/vehicle/rear_bogie_velocity
33.4909,velocity,1785151811.073127,0.877,/vehicle/driver_position_cmd
33.4913,position,1785151811.073127,1.299,/vehicle/driver_position_cmd
33.5412,velocity,1785151811.123080,1.050,/vehicle/driver_position_cmd
33.5417,position,1785151811.123080,1.575,/vehicle/driver_position_cmd
33.5777,velocity,1785151811.086457,0.309,/vehicle/rear_bogie_velocity
33.5781,position,1785151811.086457,0.697,/vehicle/rear_bogie_velocity
33.5908,velocity,1785151811.173100,0.968,/vehicle/driver_position_cmd
33.5916,position,1785151811.173100,1.781,/vehicle/driver_position_cmd
33.6410,velocity,1785151811.223083,1.047,/vehicle/driver_position_cmd
33.6419,position,1785151811.223083,1.958,/vehicle/driver_position_cmd
33.6775,velocity,1785151811.186428,0.461,/vehicle/rear_bogie_velocity
33.6780,position,1785151811.186428,0.920,/vehicle/rear_bogie_velocity
33.6898,velocity,1785151811.273106,0.505,/vehicle/driver_position_cmd
33.6902,position,1785151811.273106,0.934,/vehicle/driver_position_cmd
33.7410,velocity,1785151811.323073,1.023,/vehicle/driver_position_cmd
33.7416,position,1785151811.323073,1.619,/vehicle/driver_position_cmd
33.7790,velocity,1785151811.286395,0.660,/vehicle/rear_bogie_velocity
33.7800,position,1785151811.286395,1.573,/vehicle/rear_bogie_velocity
33.7912,velocity,1785151811.373084,1.004,/vehicle/driver_position_cmd
33.7918,position,1785151811.373084,1.671,/vehicle/driver_position_cmd
33.8423,velocity,1785151811.423096,1.082,/vehicle/driver_position_cmd
33.8432,position,1785151811.423096,1.949,/vehicle/driver_position_cmd
33.8780,velocity,1785151811.410360,0.324,/vehicle/rear_bogie_velocity
33.8784,position,1785151811.410360,0.731,/vehicle/rear_bogie_velocity
33.8914,velocity,1785151811.473101,0.978,/vehicle/driver_position_cmd
33.8920,position,1785151811.473101,1.589,/vehicle/driver_position_cmd
33.9407,velocity,1785151811.523122,1.002,/vehicle/driver_position_cmd
33.9414,position,1785151811.523122,1.656,/vehicle/driver_position_cmd
33.9782,velocity,1785151811.522336,0.317,/vehicle/rear_bogie_velocity
33.9786,position,1785151811.522336,0.684,/vehicle/rear_bogie_velocity
33.9905,velocity,1785151811.573070,0.917,/vehicle/driver_position_cmd
33.9909,position,1785151811.573070,1.311,/vehicle/driver_position_cmd
34.0412,velocity,1785151811.623120,0.988,/vehicle/driver_position_cmd
34.0417,position,1785151811.623120,1.493,/vehicle/driver_position_cmd
34.0771,velocity,1785151811.588308,0.679,/vehicle/rear_bogie_velocity
34.0779,position,1785151811.588308,1.472,/vehicle/rear_bogie_velocity
34.0900,velocity,1785151811.673101,0.747,/vehicle/driver_position_cmd
34.0908,position,1785151811.673101,1.578,/vehicle/driver_position_cmd
34.1420,velocity,1785151811.723085,1.168,/vehicle/driver_position_cmd
34.1427,position,1785151811.723085,1.851,/vehicle/driver_position_cmd
34.1791,velocity,1785151811.688287,0.653,/vehicle/rear_bogie_velocity
34.1798,position,1785151811.688287,1.371,/vehicle/rear_bogie_velocity
34.1914,velocity,1785151811.773084,0.952,/vehicle/driver_position_cmd
34.1923,position,1785151811.773084,1.828,/vehicle/driver_position_cmd
34.2401,velocity,1785151811.823084,0.541,/vehicle/driver_position_cmd
34.2405,position,1785151811.823084,0.980,/vehicle/driver_position_cmd
34.2780,velocity,1785151811.794238,0.650,/vehicle/rear_bogie_velocity
34.2788,position,1785151811.794238,1.397,/vehicle/rear_bogie_velocity
34.2905,velocity,1785151811.873119,0.917,/vehicle/driver_position_cmd
34.2915,position,1785151811.873119,1.952,/vehicle/driver_position_cmd
34.3398,velocity,1785151811.923083,0.483,/vehicle/driver_position_cmd
34.3402,position,1785151811.923083,0.880,/vehicle/driver_position_cmd
34.3783,velocity,1785151811.890229,0.577,/vehicle/rear_bogie_velocity
34.3791,position,1785151811.890229,1.382,/vehicle/rear_bogie_velocity
34.3901,velocity,1785151811.973079,0.805,/vehicle/driver_position_cmd
34.3909,position,1785151811.973079,1.562,/vehicle/driver_position_cmd
34.4409,velocity,1785151812.023117,0.885,/vehicle/driver_position_cmd
34.4416,position,1785151812.023117,1.636,/vehicle/driver_position_cmd
34.4781,velocity,1785151812.000192,0.819,/vehicle/rear_bogie_velocity
34.4789,position,1785151812.000192,1.611,/vehicle/rear_bogie_velocity
34.4901,velocity,1785151812.073065,0.788,/vehicle/driver_position_cmd
34.4909,position,1785151812.073065,1.516,/vehicle/driver_position_cmd
34.5405,velocity,1785151812.123091,0.967,/vehicle/driver_position_cmd
34.5413,position,1785151812.123091,1.750,/vehicle/driver_position_cmd
34.5774,velocity,1785151812.096170,0.469,/vehicle/rear_bogie_velocity
34.5782,position,1785151812.096170,1.303,/vehicle/rear_bogie_velocity
34.5912,velocity,1785151812.173088,1.040,/vehicle/driver_position_cmd
34.5917,position,1785151812.173088,1.592,/vehicle/driver_position_cmd
34.6411,velocity,1785151812.223070,0.930,/vehicle/driver_position_cmd
34.6417,position,1785151812.223070,1.567,/vehicle/driver_position_cmd
34.6781,velocity,1785151812.196135,0.668,/vehicle/rear_bogie_velocity
34.6788,position,1785151812.196135,1.438,/vehicle/rear_bogie_velocity
34.6912,velocity,1785151812.273102,0.980,/vehicle/driver_position_cmd
34.6919,position,1785151812.273102,1.633,/vehicle/driver_position_cmd
34.7408,velocity,1785151812.323078,1.022,/vehicle/driver_position_cmd
34.7415,position,1785151812.323078,1.697,/vehicle/driver_position_cmd
34.7781,velocity,1785151812.300116,0.659,/vehicle/rear_bogie_velocity
34.7789,position,1785151812.300116,1.448,/vehicle/rear_bogie_velocity
34.7906,velocity,1785151812.373063,0.926,/vehicle/driver_position_cmd
34.7913,position,1785151812.373063,1.587,/vehicle/driver_position_cmd
34.8415,velocity,1785151812.423096,1.021,/vehicle/driver_position_cmd
34.8424,position,1785151812.423096,1.894,/vehicle/driver_position_cmd
34.8777,velocity,1785151812.412414,0.582,/vehicle/rear_bogie_velocity
34.8785,position,1785151812.412414,1.352,/vehicle/rear_bogie_velocity
34.8912,velocity,1785151812.473082,0.958,/vehicle/driver_position_cmd
34.8920,position,1785151812.473082,1.689,/vehicle/driver_position_cmd
34.9407,velocity,1785151812.523145,0.978,/vehicle/driver_position_cmd
34.9414,position,1785151812.523145,1.703,/vehicle/driver_position_cmd
34.9782,velocity,1785151812.500047,0.206,/vehicle/rear_bogie_velocity
34.9787,position,1785151812.500047,0.734,/vehicle/rear_bogie_velocity
34.9913,velocity,1785151812.573092,0.931,/vehicle/driver_position_cmd
34.9917,position,1785151812.573092,1.407,/vehicle/driver_position_cmd
35.0406,velocity,1785151812.623070,1.093,/vehicle/driver_position_cmd
35.0415,position,1785151812.623070,1.998,/vehicle/driver_position_cmd
35.0792,velocity,1785151812.590030,0.516,/vehicle/rear_bogie_velocity
35.0799,position,1785151812.590030,1.208,/vehicle/rear_bogie_velocity
35.0906,velocity,1785151812.673068,0.788,/vehicle/driver_position_cmd
35.0914,position,1785151812.673068,1.564,/vehicle/driver_position_cmd
35.1410,velocity,1785151812.723070,0.962,/vehicle/driver_position_cmd
35.1420,position,1785151812.723070,1.964,/vehicle/driver_position_cmd
35.1792,velocity,1785151812.707986,0.778,/vehicle/rear_bogie_velocity
35.1800,position,1785151812.707986,1.555,/vehicle/rear_bogie_velocity
35.1911,velocity,1785151812.773120,0.529,/vehicle/driver_position_cmd
35.1914,position,1785151812.773120,0.900,/vehicle/driver_position_cmd
35.2404,velocity,1785151812.823093,0.780,/vehicle/driver_position_cmd
35.2414,position,1785151812.823093,1.711,/vehicle/driver_position_cmd
35.2779,velocity,1785151812.793981,0.602,/vehicle/rear_bogie_velocity
35.2787,position,1785151812.793981,1.439,/vehicle/rear_bogie_velocity
35.2905,velocity,1785151812.873060,0.954,/vehicle/driver_position_cmd
35.2907,position,1785151812.873060,1.191,/vehicle/driver_position_cmd
35.3410,velocity,1785151812.923084,1.206,/vehicle/driver_position_cmd
35.3419,position,1785151812.923084,2.150,/vehicle/driver_position_cmd
35.3784,velocity,1785151812.889948,0.555,/vehicle/rear_bogie_velocity
35.3793,position,1785151812.889948,1.398,/vehicle/rear_bogie_velocity
35.3918,velocity,1785151812.973089,0.832,/vehicle/driver_position_cmd
35.3925,position,1785151812.973089,1.561,/vehicle/driver_position_cmd
35.4416,velocity,1785151813.023057,1.006,/vehicle/driver_position_cmd
35.4421,position,1785151813.023057,1.522,/vehicle/driver_position_cmd
35.4776,velocity,1785151812.989926,0.602,/vehicle/rear_bogie_velocity
35.4783,position,1785151812.989926,1.360,/vehicle/rear_bogie_velocity
35.4908,velocity,1785151813.073084,0.834,/vehicle/driver_position_cmd
35.4913,position,1785151813.073084,1.257,/vehicle/driver_position_cmd
35.5417,velocity,1785151813.123137,0.692,/vehicle/driver_position_cmd
35.5422,position,1785151813.123137,1.220,/vehicle/driver_position_cmd
35.5770,velocity,1785151813.085890,0.346,/vehicle/rear_bogie_velocity
35.5773,position,1785151813.085890,0.691,/vehicle/rear_bogie_velocity
35.5911,velocity,1785151813.173071,1.002,/vehicle/driver_position_cmd
35.5919,position,1785151813.173071,1.846,/vehicle/driver_position_cmd
35.6413,velocity,1785151813.223065,1.018,/vehicle/driver_position_cmd
35.6422,position,1785151813.223065,1.861,/vehicle/driver_position_cmd
35.6783,velocity,1785151813.201860,0.481,/vehicle/rear_bogie_velocity
35.6787,position,1785151813.201860,0.874,/vehicle/rear_bogie_velocity
35.6907,velocity,1785151813.273088,0.580,/vehicle/driver_position_cmd
35.6910,position,1785151813.273088,0.970,/vehicle/driver_position_cmd
35.7410,velocity,1785151813.323102,0.906,/vehicle/driver_position_cmd
35.7417,position,1785151813.323102,1.595,/vehicle/driver_position_cmd
35.7782,velocity,1785151813.289843,0.560,/vehicle/rear_bogie_velocity
35.7792,position,1785151813.289843,1.471,/vehicle/rear_bogie_velocity
35.7916,velocity,1785151813.373100,0.943,/vehicle/driver_position_cmd
35.7922,position,1785151813.373100,1.569,/vehicle/driver_position_cmd
35.8413,velocity,1785151813.423107,0.943,/vehicle/driver_position_cmd
35.8418,position,1785151813.423107,1.536,/vehicle/driver_position_cmd
35.8785,velocity,1785151813.391808,0.583,/vehicle/rear_bogie_velocity
35.8793,position,1785151813.391808,1.409,/vehicle/rear_bogie_velocity
35.8907,velocity,1785151813.473078,0.864,/vehicle/driver_position_cmd
35.8915,position,1785151813.473078,1.727,/vehicle/driver_position_cmd
35.9415,velocity,1785151813.523080,0.948,/vehicle/driver_position_cmd
35.9422,position,1785151813.523080,1.600,/vehicle/driver_position_cmd
35.9787,velocity,1785151813.481780,0.734,/vehicle/rear_bogie_velocity
35.9793,position,1785151813.481780,1.342,/vehicle/rear_bogie_velocity
35.9913,velocity,1785151813.573078,0.894,/vehicle/driver_position_cmd
35.9920,position,1785151813.573078,1.575,/vehicle/driver_position_cmd
36.0411,velocity,1785151813.623100,1.142,/vehicle/driver_position_cmd
36.0421,position,1785151813.623100,2.128,/vehicle/driver_position_cmd
36.0847,velocity,1785151813.585756,0.621,/vehicle/rear_bogie_velocity
36.0852,position,1785151813.585756,1.120,/vehicle/rear_bogie_velocity
36.0924,velocity,1785151813.673097,0.959,/vehicle/driver_position_cmd
36.0933,position,1785151813.673097,1.879,/vehicle/driver_position_cmd
36.1413,velocity,1785151813.723143,0.935,/vehicle/driver_position_cmd
36.1421,position,1785151813.723143,1.689,/vehicle/driver_position_cmd
36.1790,velocity,1785151813.685730,0.631,/vehicle/rear_bogie_velocity
36.1797,position,1785151813.685730,1.333,/vehicle/rear_bogie_velocity
36.1906,velocity,1785151813.773127,1.002,/vehicle/driver_position_cmd
36.1911,position,1785151813.773127,1.521,/vehicle/driver_position_cmd
36.2406,velocity,1785151813.823105,0.897,/vehicle/driver_position_cmd
36.2412,position,1785151813.823105,1.476,/vehicle/driver_position_cmd
36.2784,velocity,1785151813.787693,0.644,/vehicle/rear_bogie_velocity
36.2793,position,1785151813.787693,1.551,/vehicle/rear_bogie_velocity
36.2904,velocity,1785151813.873060,0.633,/vehicle/driver_position_cmd
36.2908,position,1785151813.873060,1.084,/vehicle/driver_position_cmd
36.3407,velocity,1785151813.923083,0.991,/vehicle/driver_position_cmd
36.3415,position,1785151813.923083,1.797,/vehicle/driver_position_cmd
36.3789,velocity,1785151813.889672,0.615,/vehicle/rear_bogie_velocity
36.3795,position,1785151813.889672,1.223,/vehicle/rear_bogie_velocity
36.3914,velocity,1785151813.973095,1.698,/vehicle/driver_position_cmd
36.3922,position,1785151813.973095,2.499,/vehicle/driver_position_cmd
36.4409,velocity,1785151814.023097,1.028,/vehicle/driver_position_cmd
36.4418,position,1785151814.023097,1.901,/vehicle/driver_position_cmd
36.4799,velocity,1785151813.997643,0.671,/vehicle/rear_bogie_velocity
36.4808,position,1785151813.997643,1.614,/vehicle/rear_bogie_velocity
36.4910,velocity,1785151814.073081,0.923,/vehicle/driver_position_cmd
36.4916,position,1785151814.073081,1.616,/vehicle/driver_position_cmd
36.5417,velocity,1785151814.123058,1.128,/vehicle/driver_position_cmd
36.5424,position,1785151814.123058,1.762,/vehicle/driver_position_cmd
36.5789,velocity,1785151814.109612,0.933,/vehicle/rear_bogie_velocity
36.5797,position,1785151814.109612,1.742,/vehicle/rear_bogie_velocity
36.5912,velocity,1785151814.173070,0.913,/vehicle/driver_position_cmd
36.5921,position,1785151814.173070,1.733,/vehicle/driver_position_cmd
36.6404,velocity,1785151814.223085,0.690,/vehicle/driver_position_cmd
36.6409,position,1785151814.223085,1.206,/vehicle/driver_position_cmd
36.6785,velocity,1785151814.195575,0.676,/vehicle/rear_bogie_velocity
36.6790,position,1785151814.195575,1.191,/vehicle/rear_bogie_velocity
36.6903,velocity,1785151814.273069,0.420,/vehicle/driver_position_cmd
36.6907,position,1785151814.273069,0.803,/vehicle/driver_position_cmd
36.7402,velocity,1785151814.323105,0.563,/vehicle/driver_position_cmd
36.7407,position,1785151814.323105,1.066,/vehicle/driver_position_cmd
36.7790,velocity,1785151814.293553,0.618,/vehicle/rear_bogie_velocity
36.7797,position,1785151814.293553,1.323,/vehicle/rear_bogie_velocity
36.7915,velocity,1785151814.373065,1.017,/vehicle/driver_position_cmd
36.7918,position,1785151814.373065,1.323,/vehicle/driver_position_cmd
36.8411,velocity,1785151814.423118,0.971,/vehicle/driver_position_cmd
36.8418,position,1785151814.423118,1.620,/vehicle/driver_position_cmd
36.8793,velocity,1785151814.405527,0.648,/vehicle/rear_bogie_velocity
36.8800,position,1785151814.405527,1.331,/vehicle/rear_bogie_velocity
36.8910,velocity,1785151814.473113,0.979,/vehicle/driver_position_cmd
36.8919,position,1785151814.473113,1.859,/vehicle/driver_position_cmd
36.9408,velocity,1785151814.523037,0.989,/vehicle/driver_position_cmd
36.9417,position,1785151814.523037,1.882,/vehicle/driver_position_cmd
36.9791,velocity,1785151814.503513,0.672,/vehicle/rear_bogie_velocity
36.9799,position,1785151814.503513,1.468,/vehicle/rear_bogie_velocity
36.9915,velocity,1785151814.573107,0.946,/vehicle/driver_position_cmd
36.9922,position,1785151814.573107,1.626,/vehicle/driver_position_cmd
37.0405,velocity,1785151814.623056,0.460,/vehicle/driver_position_cmd
37.0412,position,1785151814.623056,1.178,/vehicle/driver_position_cmd
37.0920,velocity,1785151814.673090,0.958,/vehicle/driver_position_cmd
37.0924,position,1785151814.673090,1.354,/vehicle/driver_position_cmd
37.1425,velocity,1785151814.723095,0.698,/vehicle/driver_position_cmd
37.1453,position,1785151814.723095,3.509,/vehicle/driver_position_cmd
37.1778,velocity,1785151814.685447,0.773,/vehicle/rear_bogie_velocity
37.1783,position,1785151814.685447,1.254,/vehicle/rear_bogie_velocity
37.1904,velocity,1785151814.773098,0.873,/vehicle/driver_position_cmd
37.1912,position,1785151814.773098,1.675,/vehicle/driver_position_cmd
37.2406,velocity,1785151814.823114,0.960,/vehicle/driver_position_cmd
37.2413,position,1785151814.823114,1.675,/vehicle/driver_position_cmd
37.2820,velocity,1785151814.783413,0.571,/vehicle/rear_bogie_velocity
37.2825,position,1785151814.783413,1.061,/vehicle/rear_bogie_velocity
37.2896,velocity,1785151814.873085,0.401,/vehicle/driver_position_cmd
37.2899,position,1785151814.873085,0.782,/vehicle/driver_position_cmd
37.3406,velocity,1785151814.923089,0.732,/vehicle/driver_position_cmd
37.3410,position,1785151814.923089,1.186,/vehicle/driver_position_cmd
37.3774,velocity,1785151814.885408,0.551,/vehicle/rear_bogie_velocity
37.3781,position,1785151814.885408,1.314,/vehicle/rear_bogie_velocity
37.3913,velocity,1785151814.973094,0.953,/vehicle/driver_position_cmd
37.3917,position,1785151814.973094,1.348,/vehicle/driver_position_cmd
37.4405,velocity,1785151815.023124,0.943,/vehicle/driver_position_cmd
37.4411,position,1785151815.023124,1.615,/vehicle/driver_position_cmd
37.4788,velocity,1785151814.991360,0.380,/vehicle/rear_bogie_velocity
37.4792,position,1785151814.991360,0.761,/vehicle/rear_bogie_velocity
37.4910,velocity,1785151815.073124,0.457,/vehicle/driver_position_cmd
37.4916,position,1785151815.073124,1.049,/vehicle/driver_position_cmd
37.5409,velocity,1785151815.123061,0.902,/vehicle/driver_position_cmd
37.5417,position,1785151815.123061,1.716,/vehicle/driver_position_cmd
37.5797,velocity,1785151815.095334,0.689,/vehicle/rear_bogie_velocity
37.5806,position,1785151815.095334,1.561,/vehicle/rear_bogie_velocity
37.5909,velocity,1785151815.173141,0.904,/vehicle/driver_position_cmd
37.5917,position,1785151815.173141,1.741,/vehicle/driver_position_cmd
37.6419,velocity,1785151815.223112,0.495,/vehicle/driver_position_cmd
37.6423,position,1785151815.223112,0.884,/vehicle/driver_position_cmd
37.6787,velocity,1785151815.185322,0.596,/vehicle/rear_bogie_velocity
37.6795,position,1785151815.185322,1.411,/vehicle/rear_bogie_velocity
37.6904,velocity,1785151815.273139,0.511,/vehicle/driver_position_cmd
37.6912,position,1785151815.273139,1.270,/vehicle/driver_position_cmd
37.7400,velocity,1785151815.323091,0.387,/vehicle/driver_position_cmd
37.7407,position,1785151815.323091,1.124,/vehicle/driver_position_cmd
37.7787,velocity,1785151815.287277,0.572,/vehicle/rear_bogie_velocity
37.7791,position,1785151815.287277,0.984,/vehicle/rear_bogie_velocity
37.7903,velocity,1785151815.373081,0.985,/vehicle/driver_position_cmd
37.7912,position,1785151815.373081,1.842,/vehicle/driver_position_cmd
37.8417,velocity,1785151815.423117,1.614,/vehicle/driver_position_cmd
37.8425,position,1785151815.423117,2.471,/vehicle/driver_position_cmd
37.8784,velocity,1785151815.391243,0.588,/vehicle/rear_bogie_velocity
37.8792,position,1785151815.391243,1.433,/vehicle/rear_bogie_velocity
37.8908,velocity,1785151815.473109,0.875,/vehicle/driver_position_cmd
37.8915,position,1785151815.473109,1.618,/vehicle/driver_position_cmd
37.9405,velocity,1785151815.523129,0.960,/vehicle/driver_position_cmd
37.9412,position,1785151815.523129,1.616,/vehicle/driver_position_cmd
37.9801,velocity,1785151815.497231,0.638,/vehicle/rear_bogie_velocity
37.9809,position,1785151815.497231,1.488,/vehicle/rear_bogie_velocity
37.9907,velocity,1785151815.573079,0.822,/vehicle/driver_position_cmd
37.9913,position,1785151815.573079,1.468,/vehicle/driver_position_cmd
38.0405,velocity,1785151815.623057,0.857,/vehicle/driver_position_cmd
38.0414,position,1785151815.623057,1.662,/vehicle/driver_position_cmd
38.0788,velocity,1785151815.595200,0.523,/vehicle/rear_bogie_velocity
38.0794,position,1785151815.595200,1.074,/vehicle/rear_bogie_velocity
38.0922,velocity,1785151815.673184,0.941,/vehicle/driver_position_cmd
38.0926,position,1785151815.673184,1.304,/vehicle/driver_position_cmd
38.1413,velocity,1785151815.723098,0.986,/vehicle/driver_position_cmd
38.1421,position,1785151815.723098,1.764,/vehicle/driver_position_cmd
38.1784,velocity,1785151815.687168,0.559,/vehicle/rear_bogie_velocity
38.1792,position,1785151815.687168,1.383,/vehicle/rear_bogie_velocity
38.1924,velocity,1785151815.773114,1.011,/vehicle/driver_position_cmd
38.1931,position,1785151815.773114,1.745,/vehicle/driver_position_cmd
38.2410,velocity,1785151815.823079,0.454,/vehicle/driver_position_cmd
38.2414,position,1785151815.823079,0.848,/vehicle/driver_position_cmd
38.2775,velocity,1785151815.795144,0.578,/vehicle/rear_bogie_velocity
38.2783,position,1785151815.795144,1.409,/vehicle/rear_bogie_velocity
38.2921,velocity,1785151815.873079,0.798,/vehicle/driver_position_cmd
38.2925,position,1785151815.873079,1.233,/vehicle/driver_position_cmd
38.3416,velocity,1785151815.923084,0.970,/vehicle/driver_position_cmd
38.3420,position,1785151815.923084,1.404,/vehicle/driver_position_cmd
38.3784,velocity,1785151815.891105,0.562,/vehicle/rear_bogie_velocity
38.3790,position,1785151815.891105,1.239,/vehicle/rear_bogie_velocity
38.3919,velocity,1785151815.973086,1.020,/vehicle/driver_position_cmd
38.3928,position,1785151815.973086,1.935,/vehicle/driver_position_cmd
38.4425,velocity,1785151816.023087,1.060,/vehicle/driver_position_cmd
38.4431,position,1785151816.023087,1.696,/vehicle/driver_position_cmd
38.4783,velocity,1785151816.031074,0.571,/vehicle/rear_bogie_velocity
38.4790,position,1785151816.031074,1.248,/vehicle/rear_bogie_velocity
38.4910,velocity,1785151816.073075,0.876,/vehicle/driver_position_cmd
38.4916,position,1785151816.073075,1.516,/vehicle/driver_position_cmd
38.5423,velocity,1785151816.123105,0.925,/vehicle/driver_position_cmd
38.5430,position,1785151816.123105,1.611,/vehicle/driver_position_cmd
38.5796,velocity,1785151816.085065,0.614,/vehicle/rear_bogie_velocity
38.5807,position,1785151816.085065,1.793,/vehicle/rear_bogie_velocity
38.5906,velocity,1785151816.173064,0.776,/vehicle/driver_position_cmd
38.5914,position,1785151816.173064,1.547,/vehicle/driver_position_cmd
38.6418,velocity,1785151816.223070,0.989,/vehicle/driver_position_cmd
38.6427,position,1785151816.223070,1.900,/vehicle/driver_position_cmd
38.6775,velocity,1785151816.187018,0.599,/vehicle/rear_bogie_velocity
38.6782,position,1785151816.187018,1.299,/vehicle/rear_bogie_velocity
38.6911,velocity,1785151816.273093,0.949,/vehicle/driver_position_cmd
38.6918,position,1785151816.273093,1.688,/vehicle/driver_position_cmd
38.7429,velocity,1785151816.323062,1.976,/vehicle/driver_position_cmd
38.7447,position,1785151816.323062,3.817,/vehicle/driver_position_cmd
38.7791,velocity,1785151816.294995,0.668,/vehicle/rear_bogie_velocity
38.7799,position,1785151816.294995,1.472,/vehicle/rear_bogie_velocity
38.7905,velocity,1785151816.373078,0.877,/vehicle/driver_position_cmd
38.7911,position,1785151816.373078,1.483,/vehicle/driver_position_cmd
38.8411,velocity,1785151816.423100,0.963,/vehicle/driver_position_cmd
38.8417,position,1785151816.423100,1.568,/vehicle/driver_position_cmd
38.8795,velocity,1785151816.430951,0.590,/vehicle/rear_bogie_velocity
38.8803,position,1785151816.430951,1.396,/vehicle/rear_bogie_velocity
38.8911,velocity,1785151816.473060,0.922,/vehicle/driver_position_cmd
38.8917,position,1785151816.473060,1.516,/vehicle/driver_position_cmd
38.9413,velocity,1785151816.523119,0.931,/vehicle/driver_position_cmd
38.9419,position,1785151816.523119,1.579,/vehicle/driver_position_cmd
38.9783,velocity,1785151816.498935,0.759,/vehicle/rear_bogie_velocity
38.9792,position,1785151816.498935,1.628,/vehicle/rear_bogie_velocity
38.9905,velocity,1785151816.573074,0.929,/vehicle/driver_position_cmd
38.9912,position,1785151816.573074,1.571,/vehicle/driver_position_cmd
39.0408,velocity,1785151816.623065,0.585,/vehicle/driver_position_cmd
39.0413,position,1785151816.623065,1.151,/vehicle/driver_position_cmd
39.0774,velocity,1785151816.588925,0.585,/vehicle/rear_bogie_velocity
39.0783,position,1785151816.588925,1.448,/vehicle/rear_bogie_velocity
39.0908,velocity,1785151816.673076,1.027,/vehicle/driver_position_cmd
39.0917,position,1785151816.673076,1.919,/vehicle/driver_position_cmd
39.1421,velocity,1785151816.723091,1.008,/vehicle/driver_position_cmd
39.1428,position,1785151816.723091,1.692,/vehicle/driver_position_cmd
39.1783,velocity,1785151816.686931,0.311,/vehicle/rear_bogie_velocity
39.1787,position,1785151816.686931,0.719,/vehicle/rear_bogie_velocity
39.1907,velocity,1785151816.773077,0.947,/vehicle/driver_position_cmd
39.1911,position,1785151816.773077,1.410,/vehicle/driver_position_cmd
39.2404,velocity,1785151816.823079,0.828,/vehicle/driver_position_cmd
39.2407,position,1785151816.823079,1.129,/vehicle/driver_position_cmd
39.2777,velocity,1785151816.804877,0.295,/vehicle/rear_bogie_velocity
39.2779,position,1785151816.804877,0.490,/vehicle/rear_bogie_velocity
39.2894,velocity,1785151816.873080,0.222,/vehicle/driver_position_cmd
39.2896,position,1785151816.873080,0.408,/vehicle/driver_position_cmd
39.3404,velocity,1785151816.923069,0.236,/vehicle/driver_position_cmd
39.3406,position,1785151816.923069,0.399,/vehicle/driver_position_cmd
39.3781,velocity,1785151816.892829,0.207,/vehicle/rear_bogie_velocity
39.3782,position,1785151816.892829,0.290,/vehicle/rear_bogie_velocity
39.3894,velocity,1785151816.973091,0.218,/vehicle/driver_position_cmd
39.3895,position,1785151816.973091,0.293,/vehicle/driver_position_cmd
39.4391,velocity,1785151817.023098,0.233,/vehicle/driver_position_cmd
39.4393,position,1785151817.023098,0.404,/vehicle/driver_position_cmd
39.4767,velocity,1785151816.988800,0.276,/vehicle/rear_bogie_velocity
39.4769,position,1785151816.988800,0.475,/vehicle/rear_bogie_velocity
39.4898,velocity,1785151817.073070,0.295,/vehicle/driver_position_cmd
39.4899,position,1785151817.073070,0.406,/vehicle/driver_position_cmd
39.5411,velocity,1785151817.123117,0.361,/vehicle/driver_position_cmd
39.5415,position,1785151817.123117,0.694,/vehicle/driver_position_cmd
39.5784,velocity,1785151817.086777,0.334,/vehicle/rear_bogie_velocity
39.5789,position,1785151817.086777,0.802,/vehicle/rear_bogie_velocity
39.5902,velocity,1785151817.173089,0.609,/vehicle/driver_position_cmd
39.5907,position,1785151817.173089,1.166,/vehicle/driver_position_cmd
39.6414,velocity,1785151817.223066,1.080,/vehicle/driver_position_cmd
39.6422,position,1785151817.223066,1.848,/vehicle/driver_position_cmd
39.6793,velocity,1785151817.186745,0.926,/vehicle/rear_bogie_velocity
39.6799,position,1785151817.186745,1.562,/vehicle/rear_bogie_velocity
39.6916,velocity,1785151817.273103,1.001,/vehicle/driver_position_cmd
39.6924,position,1785151817.273103,1.800,/vehicle/driver_position_cmd
39.7414,velocity,1785151817.323129,1.060,/vehicle/driver_position_cmd
39.7422,position,1785151817.323129,1.905,/vehicle/driver_position_cmd
39.7794,velocity,1785151817.300724,0.881,/vehicle/rear_bogie_velocity
39.7801,position,1785151817.300724,1.594,/vehicle/rear_bogie_velocity
39.7912,velocity,1785151817.373102,1.099,/vehicle/driver_position_cmd
39.7922,position,1785151817.373102,2.042,/vehicle/driver_position_cmd
39.8409,velocity,1785151817.423090,0.980,/vehicle/driver_position_cmd
39.8414,position,1785151817.423090,1.535,/vehicle/driver_position_cmd
39.8779,velocity,1785151817.422684,0.332,/vehicle/rear_bogie_velocity
39.8782,position,1785151817.422684,0.624,/vehicle/rear_bogie_velocity
39.8897,velocity,1785151817.473077,0.355,/vehicle/driver_position_cmd
39.8900,position,1785151817.473077,0.667,/vehicle/driver_position_cmd
39.9416,velocity,1785151817.523115,0.939,/vehicle/driver_position_cmd
39.9422,position,1785151817.523115,1.582,/vehicle/driver_position_cmd
39.9789,velocity,1785151817.498673,0.749,/vehicle/rear_bogie_velocity
39.9796,position,1785151817.498673,1.419,/vehicle/rear_bogie_velocity
39.9912,velocity,1785151817.573072,0.993,/vehicle/driver_position_cmd
39.9921,position,1785151817.573072,1.840,/vehicle/driver_position_cmd
40.0410,velocity,1785151817.623108,0.907,/vehicle/driver_position_cmd
40.0418,position,1785151817.623108,1.726,/vehicle/driver_position_cmd
40.0790,velocity,1785151817.586640,0.801,/vehicle/rear_bogie_velocity
40.0797,position,1785151817.586640,1.515,/vehicle/rear_bogie_velocity
40.0912,velocity,1785151817.673059,1.114,/vehicle/driver_position_cmd
40.0921,position,1785151817.673059,2.063,/vehicle/driver_position_cmd
40.1405,velocity,1785151817.723099,0.932,/vehicle/driver_position_cmd
40.1412,position,1785151817.723099,1.671,/vehicle/driver_position_cmd
40.1789,velocity,1785151817.684613,0.093,/vehicle/rear_bogie_velocity
40.1797,position,1785151817.684613,0.817,/vehicle/rear_bogie_velocity
40.1903,velocity,1785151817.773111,0.891,/vehicle/driver_position_cmd
40.1911,position,1785151817.773111,1.697,/vehicle/driver_position_cmd
40.2406,velocity,1785151817.823082,0.956,/vehicle/driver_position_cmd
40.2411,position,1785151817.823082,1.488,/vehicle/driver_position_cmd
40.2775,velocity,1785151817.796582,0.842,/vehicle/rear_bogie_velocity
40.2783,position,1785151817.796582,1.642,/vehicle/rear_bogie_velocity
40.2902,velocity,1785151817.873103,0.742,/vehicle/driver_position_cmd
40.2904,position,1785151817.873103,1.030,/vehicle/driver_position_cmd
40.3413,velocity,1785151817.923063,0.291,/vehicle/driver_position_cmd
40.3416,position,1785151817.923063,0.536,/vehicle/driver_position_cmd
40.3780,velocity,1785151817.890557,0.231,/vehicle/rear_bogie_velocity
40.3782,position,1785151817.890557,0.449,/vehicle/rear_bogie_velocity
40.3893,velocity,1785151817.973086,0.298,/vehicle/driver_position_cmd
40.3896,position,1785151817.973086,0.542,/vehicle/driver_position_cmd
40.4402,velocity,1785151818.023060,0.447,/vehicle/driver_position_cmd
40.4407,position,1785151818.023060,1.010,/vehicle/driver_position_cmd
40.4777,velocity,1785151817.990525,0.579,/vehicle/rear_bogie_velocity
40.4785,position,1785151817.990525,1.386,/vehicle/rear_bogie_velocity
40.4908,velocity,1785151818.073088,0.681,/vehicle/driver_position_cmd
40.4916,position,1785151818.073088,1.476,/vehicle/driver_position_cmd
40.5410,velocity,1785151818.123090,0.931,/vehicle/driver_position_cmd
40.5417,position,1785151818.123090,1.613,/vehicle/driver_position_cmd
40.5770,velocity,1785151818.086515,0.521,/vehicle/rear_bogie_velocity
40.5779,position,1785151818.086515,1.383,/vehicle/rear_bogie_velocity
40.5904,velocity,1785151818.173074,0.477,/vehicle/driver_position_cmd
40.5911,position,1785151818.173074,1.216,/vehicle/driver_position_cmd
40.6405,velocity,1785151818.223082,1.042,/vehicle/driver_position_cmd
40.6411,position,1785151818.223082,1.572,/vehicle/driver_position_cmd
40.6789,velocity,1785151818.192483,0.938,/vehicle/rear_bogie_velocity
40.6833,position,1785151818.192483,5.290,/vehicle/rear_bogie_velocity
40.6903,velocity,1785151818.273072,0.622,/vehicle/driver_position_cmd
40.6908,position,1785151818.273072,1.136,/vehicle/driver_position_cmd
40.7414,velocity,1785151818.323073,1.074,/vehicle/driver_position_cmd
40.7418,position,1785151818.323073,1.470,/vehicle/driver_position_cmd
40.7793,velocity,1785151818.298436,0.669,/vehicle/rear_bogie_velocity
40.7806,position,1785151818.298436,1.996,/vehicle/rear_bogie_velocity
40.7905,velocity,1785151818.373080,0.899,/vehicle/driver_position_cmd
40.7911,position,1785151818.373080,1.570,/vehicle/driver_position_cmd
40.8406,velocity,1785151818.423092,0.484,/vehicle/driver_position_cmd
40.8410,position,1785151818.423092,0.916,/vehicle/driver_position_cmd
40.8794,velocity,1785151818.402414,0.551,/vehicle/rear_bogie_velocity
40.8802,position,1785151818.402414,1.361,/vehicle/rear_bogie_velocity
40.8908,velocity,1785151818.473079,0.850,/vehicle/driver_position_cmd
40.8912,position,1785151818.473079,1.266,/vehicle/driver_position_cmd
40.9411,velocity,1785151818.523087,0.978,/vehicle/driver_position_cmd
40.9416,position,1785151818.523087,1.458,/vehicle/driver_position_cmd
40.9789,velocity,1785151818.504391,0.285,/vehicle/rear_bogie_velocity
40.9795,position,1785151818.504391,0.834,/vehicle/rear_bogie_velocity
40.9914,velocity,1785151818.573065,1.107,/vehicle/driver_position_cmd
40.9917,position,1785151818.573065,1.420,/vehicle/driver_position_cmd
41.0411,velocity,1785151818.623080,0.976,/vehicle/driver_position_cmd
41.0418,position,1785151818.623080,1.653,/vehicle/driver_position_cmd
41.0786,velocity,1785151818.596362,0.597,/vehicle/rear_bogie_velocity
41.0796,position,1785151818.596362,1.598,/vehicle/rear_bogie_velocity
41.0910,velocity,1785151818.673089,1.065,/vehicle/driver_position_cmd
41.0919,position,1785151818.673089,1.926,/vehicle/driver_position_cmd
41.1425,velocity,1785151818.723068,0.935,/vehicle/driver_position_cmd
41.1431,position,1785151818.723068,1.542,/vehicle/driver_position_cmd
41.1785,velocity,1785151818.696327,0.615,/vehicle/rear_bogie_velocity
41.1794,position,1785151818.696327,1.518,/vehicle/rear_bogie_velocity
41.1905,velocity,1785151818.773078,0.939,/vehicle/driver_position_cmd
41.1914,position,1785151818.773078,1.811,/vehicle/driver_position_cmd
41.2400,velocity,1785151818.823070,0.502,/vehicle/driver_position_cmd
41.2405,position,1785151818.823070,1.059,/vehicle/driver_position_cmd
41.2823,velocity,1785151818.790308,0.378,/vehicle/rear_bogie_velocity
41.2829,position,1785151818.790308,0.998,/vehicle/rear_bogie_velocity
41.2916,velocity,1785151818.873115,0.822,/vehicle/driver_position_cmd
41.2921,position,1785151818.873115,1.290,/vehicle/driver_position_cmd
41.3499,velocity,1785151818.923080,1.373,/vehicle/driver_position_cmd
41.3506,position,1785151818.923080,2.035,/vehicle/driver_position_cmd
41.3846,velocity,1785151818.892277,0.889,/vehicle/rear_bogie_velocity
41.3855,position,1785151818.892277,1.822,/vehicle/rear_bogie_velocity
41.3906,velocity,1785151818.973116,0.719,/vehicle/driver_position_cmd
41.3914,position,1785151818.973116,1.518,/vehicle/driver_position_cmd
41.4414,velocity,1785151819.023077,1.057,/vehicle/driver_position_cmd
41.4421,position,1785151819.023077,1.716,/vehicle/driver_position_cmd
41.4803,velocity,1785151818.988241,0.654,/vehicle/rear_bogie_velocity
41.4815,position,1785151818.988241,1.881,/vehicle/rear_bogie_velocity
41.4909,velocity,1785151819.073100,1.065,/vehicle/driver_position_cmd
41.4918,position,1785151819.073100,1.924,/vehicle/driver_position_cmd
41.5431,velocity,1785151819.123071,0.802,/vehicle/driver_position_cmd
41.5436,position,1785151819.123071,1.337,/vehicle/driver_position_cmd
41.5777,velocity,1785151819.088215,0.474,/vehicle/rear_bogie_velocity
41.5784,position,1785151819.088215,1.168,/vehicle/rear_bogie_velocity
41.5915,velocity,1785151819.173098,0.992,/vehicle/driver_position_cmd
41.5923,position,1785151819.173098,1.839,/vehicle/driver_position_cmd
41.6409,velocity,1785151819.223102,0.617,/vehicle/driver_position_cmd
41.6413,position,1785151819.223102,1.040,/vehicle/driver_position_cmd
41.6783,velocity,1785151819.190190,0.597,/vehicle/rear_bogie_velocity
41.6791,position,1785151819.190190,1.327,/vehicle/rear_bogie_velocity
41.6908,velocity,1785151819.273093,0.875,/vehicle/driver_position_cmd
41.6916,position,1785151819.273093,1.648,/vehicle/driver_position_cmd
41.7408,velocity,1785151819.323063,0.988,/vehicle/driver_position_cmd
41.7414,position,1785151819.323063,1.574,/vehicle/driver_position_cmd
41.7796,velocity,1785151819.288170,0.602,/vehicle/rear_bogie_velocity
41.7805,position,1785151819.288170,1.529,/vehicle/rear_bogie_velocity
41.7901,velocity,1785151819.373066,0.724,/vehicle/driver_position_cmd
41.7907,position,1785151819.373066,1.315,/vehicle/driver_position_cmd
41.8433,velocity,1785151819.423182,0.980,/vehicle/driver_position_cmd
41.8439,position,1785151819.423182,1.549,/vehicle/driver_position_cmd
41.8781,velocity,1785151819.404127,0.224,/vehicle/rear_bogie_velocity
41.8785,position,1785151819.404127,0.682,/vehicle/rear_bogie_velocity
41.8916,velocity,1785151819.473080,0.731,/vehicle/driver_position_cmd
41.8921,position,1785151819.473080,1.246,/vehicle/driver_position_cmd
41.9415,velocity,1785151819.523106,0.857,/vehicle/driver_position_cmd
41.9420,position,1785151819.523106,1.326,/vehicle/driver_position_cmd
41.9777,velocity,1785151819.552092,0.592,/vehicle/rear_bogie_velocity
41.9785,position,1785151819.552092,1.345,/vehicle/rear_bogie_velocity
41.9904,velocity,1785151819.573088,0.830,/vehicle/driver_position_cmd
41.9911,position,1785151819.573088,1.553,/vehicle/driver_position_cmd
42.0408,velocity,1785151819.623111,0.988,/vehicle/driver_position_cmd
42.0414,position,1785151819.623111,1.533,/vehicle/driver_position_cmd
42.0771,velocity,1785151819.612360,0.766,/vehicle/rear_bogie_velocity
42.0779,position,1785151819.612360,1.507,/vehicle/rear_bogie_velocity
42.0907,velocity,1785151819.673069,0.773,/vehicle/driver_position_cmd
42.0911,position,1785151819.673069,1.149,/vehicle/driver_position_cmd
42.1451,velocity,1785151819.723140,0.421,/vehicle/driver_position_cmd
42.1453,position,1785151819.723140,0.637,/vehicle/driver_position_cmd
42.1838,velocity,1785151819.690061,0.590,/vehicle/rear_bogie_velocity
42.1845,position,1785151819.690061,1.318,/vehicle/rear_bogie_velocity
42.1918,velocity,1785151819.773090,0.883,/vehicle/driver_position_cmd
42.1923,position,1785151819.773090,1.298,/vehicle/driver_position_cmd
42.2419,velocity,1785151819.823102,1.001,/vehicle/driver_position_cmd
42.2424,position,1785151819.823102,1.528,/vehicle/driver_position_cmd
42.2783,velocity,1785151819.796040,0.416,/vehicle/rear_bogie_velocity
42.2789,position,1785151819.796040,1.003,/vehicle/rear_bogie_velocity
42.2894,velocity,1785151819.873109,0.367,/vehicle/driver_position_cmd
42.2950,position,1785151819.873109,5.933,/vehicle/driver_position_cmd
42.3482,velocity,1785151819.923081,0.511,/vehicle/driver_position_cmd
42.3486,position,1785151819.923081,0.857,/vehicle/driver_position_cmd
42.3821,velocity,1785151819.885996,0.281,/vehicle/rear_bogie_velocity
42.3825,position,1785151819.885996,0.681,/vehicle/rear_bogie_velocity
42.3927,velocity,1785151819.973075,0.794,/vehicle/driver_position_cmd
42.3934,position,1785151819.973075,1.492,/vehicle/driver_position_cmd
42.4405,velocity,1785151820.023116,0.936,/vehicle/driver_position_cmd
42.4412,position,1785151820.023116,1.614,/vehicle/driver_position_cmd
42.4801,velocity,1785151819.987968,1.125,/vehicle/rear_bogie_velocity
42.4809,position,1785151819.987968,1.904,/vehicle/rear_bogie_velocity
42.4910,velocity,1785151820.073105,0.931,/vehicle/driver_position_cmd
42.4917,position,1785151820.073105,1.613,/vehicle/driver_position_cmd
42.5408,velocity,1785151820.123084,0.973,/vehicle/driver_position_cmd
42.5416,position,1785151820.123084,1.777,/vehicle/driver_position_cmd
42.5979,velocity,1785151820.173096,1.635,/vehicle/driver_position_cmd
42.5983,position,1785151820.173096,2.029,/vehicle/driver_position_cmd
42.6503,velocity,1785151820.223068,1.152,/vehicle/driver_position_cmd
42.6512,position,1785151820.223068,2.071,/vehicle/driver_position_cmd
42.6845,velocity,1785151820.203907,1.087,/vehicle/rear_bogie_velocity
42.6851,position,1785151820.203907,1.631,/vehicle/rear_bogie_velocity
42.6906,velocity,1785151820.273101,0.647,/vehicle/driver_position_cmd
42.6911,position,1785151820.273101,1.109,/vehicle/driver_position_cmd
42.7429,velocity,1785151820.323095,0.501,/vehicle/driver_position_cmd
42.7437,position,1785151820.323095,1.280,/vehicle/driver_position_cmd
42.7800,velocity,1785151820.293892,0.800,/vehicle/rear_bogie_velocity
42.7804,position,1785151820.293892,1.141,/vehicle/rear_bogie_velocity
42.7908,velocity,1785151820.373084,0.553,/vehicle/driver_position_cmd
42.7912,position,1785151820.373084,0.939,/vehicle/driver_position_cmd
42.8427,velocity,1785151820.423061,0.587,/vehicle/driver_position_cmd
42.8435,position,1785151820.423061,1.401,/vehicle/driver_position_cmd
42.8832,velocity,1785151820.407857,0.813,/vehicle/rear_bogie_velocity
42.8840,position,1785151820.407857,1.642,/vehicle/rear_bogie_velocity
42.8932,velocity,1785151820.473092,0.690,/vehicle/driver_position_cmd
42.8937,position,1785151820.473092,1.213,/vehicle/driver_position_cmd
42.9511,velocity,1785151820.523077,1.381,/vehicle/driver_position_cmd
42.9519,position,1785151820.523077,2.215,/vehicle/driver_position_cmd
42.9804,velocity,1785151820.503826,0.881,/vehicle/rear_bogie_velocity
42.9811,position,1785151820.503826,1.576,/vehicle/rear_bogie_velocity
42.9922,velocity,1785151820.573078,1.082,/vehicle/driver_position_cmd
42.9931,position,1785151820.573078,2.004,/vehicle/driver_position_cmd
43.0507,velocity,1785151820.623085,2.744,/vehicle/driver_position_cmd
43.0512,position,1785151820.623085,3.170,/vehicle/driver_position_cmd
43.0806,velocity,1785151820.609791,0.394,/vehicle/rear_bogie_velocity
43.0812,position,1785151820.609791,1.056,/vehicle/rear_bogie_velocity
43.0902,velocity,1785151820.673087,0.879,/vehicle/driver_position_cmd
43.0910,position,1785151820.673087,1.670,/vehicle/driver_position_cmd
43.1519,velocity,1785151820.723103,0.754,/vehicle/driver_position_cmd
43.1525,position,1785151820.723103,1.348,/vehicle/driver_position_cmd
43.1856,velocity,1785151820.723768,0.809,/vehicle/rear_bogie_velocity
43.1862,position,1785151820.723768,1.434,/vehicle/rear_bogie_velocity
43.1903,velocity,1785151820.773086,0.364,/vehicle/driver_position_cmd
43.1907,position,1785151820.773086,0.755,/vehicle/driver_position_cmd
43.2410,velocity,1785151820.823075,0.506,/vehicle/driver_position_cmd
43.2415,position,1785151820.823075,0.972,/vehicle/driver_position_cmd
43.2794,velocity,1785151820.805743,0.620,/vehicle/rear_bogie_velocity
43.2803,position,1785151820.805743,1.508,/vehicle/rear_bogie_velocity
43.2899,velocity,1785151820.873113,0.503,/vehicle/driver_position_cmd
43.2903,position,1785151820.873113,0.940,/vehicle/driver_position_cmd
43.3501,velocity,1785151820.923075,1.085,/vehicle/driver_position_cmd
43.3509,position,1785151820.923075,1.905,/vehicle/driver_position_cmd
43.3791,velocity,1785151820.897722,0.633,/vehicle/rear_bogie_velocity
43.3799,position,1785151820.897722,1.471,/vehicle/rear_bogie_velocity
43.3930,velocity,1785151820.973085,0.990,/vehicle/driver_position_cmd
43.3939,position,1785151820.973085,1.822,/vehicle/driver_position_cmd
43.4404,velocity,1785151821.023083,0.430,/vehicle/driver_position_cmd
43.4410,position,1785151821.023083,1.027,/vehicle/driver_position_cmd
43.4794,velocity,1785151820.995697,0.551,/vehicle/rear_bogie_velocity
43.4802,position,1785151820.995697,1.367,/vehicle/rear_bogie_velocity
43.4905,velocity,1785151821.073093,0.977,/vehicle/driver_position_cmd
43.4910,position,1785151821.073093,1.472,/vehicle/driver_position_cmd
43.5413,velocity,1785151821.123091,0.998,/vehicle/driver_position_cmd
43.5419,position,1785151821.123091,1.606,/vehicle/driver_position_cmd
43.5854,velocity,1785151821.085676,0.383,/vehicle/rear_bogie_velocity
43.5858,position,1785151821.085676,0.765,/vehicle/rear_bogie_velocity
43.5908,velocity,1785151821.173085,0.302,/vehicle/driver_position_cmd
43.5911,position,1785151821.173085,0.577,/vehicle/driver_position_cmd
43.6439,velocity,1785151821.223072,0.929,/vehicle/driver_position_cmd
43.6443,position,1785151821.223072,1.348,/vehicle/driver_position_cmd
43.6790,velocity,1785151821.185645,0.294,/vehicle/rear_bogie_velocity
43.6793,position,1785151821.185645,0.586,/vehicle/rear_bogie_velocity
43.6944,velocity,1785151821.273088,0.420,/vehicle/driver_position_cmd
43.6947,position,1785151821.273088,0.729,/vehicle/driver_position_cmd
43.7414,velocity,1785151821.323093,0.913,/vehicle/driver_position_cmd
43.7420,position,1785151821.323093,1.555,/vehicle/driver_position_cmd
43.7794,velocity,1785151821.299611,0.565,/vehicle/rear_bogie_velocity
43.7802,position,1785151821.299611,1.380,/vehicle/rear_bogie_velocity
43.7914,velocity,1785151821.373099,1.088,/vehicle/driver_position_cmd
43.7924,position,1785151821.373099,2.109,/vehicle/driver_position_cmd
43.8411,velocity,1785151821.423084,0.959,/vehicle/driver_position_cmd
43.8419,position,1785151821.423084,1.719,/vehicle/driver_position_cmd
43.8796,velocity,1785151821.403578,0.787,/vehicle/rear_bogie_velocity
43.8804,position,1785151821.403578,1.619,/vehicle/rear_bogie_velocity
43.8903,velocity,1785151821.473069,0.793,/vehicle/driver_position_cmd
43.8911,position,1785151821.473069,1.570,/vehicle/driver_position_cmd
43.9469,velocity,1785151821.523194,0.607,/vehicle/driver_position_cmd
43.9475,position,1785151821.523194,1.246,/vehicle/driver_position_cmd
43.9826,velocity,1785151821.495542,1.014,/vehicle/rear_bogie_velocity
43.9829,position,1785151821.495542,1.382,/vehicle/rear_bogie_velocity
43.9918,velocity,1785151821.573079,0.964,/vehicle/driver_position_cmd
43.9924,position,1785151821.573079,1.625,/vehicle/driver_position_cmd
44.0484,velocity,1785151821.623101,1.831,/vehicle/driver_position_cmd
44.0492,position,1785151821.623101,2.603,/vehicle/driver_position_cmd
44.0850,velocity,1785151821.597521,1.058,/vehicle/rear_bogie_velocity
44.0855,position,1785151821.597521,1.501,/vehicle/rear_bogie_velocity
44.0909,velocity,1785151821.673090,0.542,/vehicle/driver_position_cmd
44.0913,position,1785151821.673090,0.939,/vehicle/driver_position_cmd
44.1507,velocity,1785151821.723105,0.917,/vehicle/driver_position_cmd
44.1513,position,1785151821.723105,1.532,/vehicle/driver_position_cmd
44.1843,velocity,1785151821.689497,1.040,/vehicle/rear_bogie_velocity
44.1848,position,1785151821.689497,1.510,/vehicle/rear_bogie_velocity
44.1917,velocity,1785151821.773107,0.833,/vehicle/driver_position_cmd
44.1925,position,1785151821.773107,1.567,/vehicle/driver_position_cmd
44.2434,velocity,1785151821.823099,0.832,/vehicle/driver_position_cmd
44.2442,position,1785151821.823099,1.674,/vehicle/driver_position_cmd
44.2778,velocity,1785151821.797473,0.643,/vehicle/rear_bogie_velocity
44.2786,position,1785151821.797473,1.465,/vehicle/rear_bogie_velocity
44.2909,velocity,1785151821.873082,0.600,/vehicle/driver_position_cmd
44.2914,position,1785151821.873082,1.099,/vehicle/driver_position_cmd
44.3415,velocity,1785151821.923096,0.957,/vehicle/driver_position_cmd
44.3423,position,1785151821.923096,1.800,/vehicle/driver_position_cmd
44.3780,velocity,1785151821.891446,0.642,/vehicle/rear_bogie_velocity
44.3788,position,1785151821.891446,1.372,/vehicle/rear_bogie_velocity
44.3913,velocity,1785151821.973092,1.441,/vehicle/driver_position_cmd
44.3918,position,1785151821.973092,1.903,/vehicle/driver_position_cmd
44.4408,velocity,1785151822.023109,1.023,/vehicle/driver_position_cmd
44.4414,position,1785151822.023109,1.649,/vehicle/driver_position_cmd
44.4788,velocity,1785151821.995463,0.716,/vehicle/rear_bogie_velocity
44.4794,position,1785151821.995463,1.363,/vehicle/rear_bogie_velocity
44.4911,velocity,1785151822.073071,0.583,/vehicle/driver_position_cmd
44.4917,position,1785151822.073071,1.189,/vehicle/driver_position_cmd
44.5410,velocity,1785151822.123073,0.949,/vehicle/driver_position_cmd
44.5419,position,1785151822.123073,1.874,/vehicle/driver_position_cmd
44.5792,velocity,1785151822.087391,0.678,/vehicle/rear_bogie_velocity
44.5800,position,1785151822.087391,1.484,/vehicle/rear_bogie_velocity
44.5907,velocity,1785151822.173077,0.843,/vehicle/driver_position_cmd
44.5914,position,1785151822.173077,1.632,/vehicle/driver_position_cmd
44.6434,velocity,1785151822.223078,0.608,/vehicle/driver_position_cmd
44.6442,position,1785151822.223078,1.439,/vehicle/driver_position_cmd
44.6772,velocity,1785151822.183361,0.377,/vehicle/rear_bogie_velocity
44.6777,position,1785151822.183361,0.914,/vehicle/rear_bogie_velocity
44.6918,velocity,1785151822.273099,0.927,/vehicle/driver_position_cmd
44.6926,position,1785151822.273099,1.715,/vehicle/driver_position_cmd
44.7495,velocity,1785151822.323123,1.027,/vehicle/driver_position_cmd
44.7501,position,1785151822.323123,1.598,/vehicle/driver_position_cmd
44.7826,velocity,1785151822.297329,0.833,/vehicle/rear_bogie_velocity
44.7832,position,1785151822.297329,1.445,/vehicle/rear_bogie_velocity
44.7907,velocity,1785151822.373082,0.782,/vehicle/driver_position_cmd
44.7914,position,1785151822.373082,1.516,/vehicle/driver_position_cmd
44.8402,velocity,1785151822.423077,0.652,/vehicle/driver_position_cmd
44.8412,position,1785151822.423077,1.683,/vehicle/driver_position_cmd
44.8784,velocity,1785151822.409306,0.543,/vehicle/rear_bogie_velocity
44.8793,position,1785151822.409306,1.423,/vehicle/rear_bogie_velocity
44.8911,velocity,1785151822.473087,0.713,/vehicle/driver_position_cmd
44.8918,position,1785151822.473087,1.431,/vehicle/driver_position_cmd
44.9412,velocity,1785151822.523108,0.995,/vehicle/driver_position_cmd
44.9420,position,1785151822.523108,1.837,/vehicle/driver_position_cmd
44.9777,velocity,1785151822.497276,0.683,/vehicle/rear_bogie_velocity
44.9786,position,1785151822.497276,1.536,/vehicle/rear_bogie_velocity
44.9928,velocity,1785151822.573084,1.019,/vehicle/driver_position_cmd
44.9934,position,1785151822.573084,1.602,/vehicle/driver_position_cmd
45.0500,velocity,1785151822.623106,0.809,/vehicle/driver_position_cmd
45.0507,position,1785151822.623106,1.549,/vehicle/driver_position_cmd
45.0788,velocity,1785151822.607239,0.599,/vehicle/rear_bogie_velocity
45.0795,position,1785151822.607239,1.269,/vehicle/rear_bogie_velocity
45.0932,velocity,1785151822.673108,0.904,/vehicle/driver_position_cmd
45.0940,position,1785151822.673108,1.695,/vehicle/driver_position_cmd
45.1432,velocity,1785151822.723083,0.965,/vehicle/driver_position_cmd
45.1438,position,1785151822.723083,1.503,/vehicle/driver_position_cmd
45.1860,velocity,1785151822.691239,1.300,/vehicle/rear_bogie_velocity
45.1864,position,1785151822.691239,1.661,/vehicle/rear_bogie_velocity
45.1909,velocity,1785151822.773064,0.561,/vehicle/driver_position_cmd
45.1914,position,1785151822.773064,1.067,/vehicle/driver_position_cmd
45.2439,velocity,1785151822.823097,0.780,/vehicle/driver_position_cmd
45.2443,position,1785151822.823097,1.249,/vehicle/driver_position_cmd
45.2836,velocity,1785151822.801190,0.489,/vehicle/rear_bogie_velocity
45.2840,position,1785151822.801190,0.846,/vehicle/rear_bogie_velocity
45.2919,velocity,1785151822.873111,0.817,/vehicle/driver_position_cmd
45.2924,position,1785151822.873111,1.295,/vehicle/driver_position_cmd
45.3492,velocity,1785151822.923060,1.166,/vehicle/driver_position_cmd
45.3498,position,1785151822.923060,1.763,/vehicle/driver_position_cmd
45.3854,velocity,1785151822.901155,0.574,/vehicle/rear_bogie_velocity
45.3860,position,1785151822.901155,1.106,/vehicle/rear_bogie_velocity
45.3900,velocity,1785151822.973091,0.511,/vehicle/driver_position_cmd
45.3905,position,1785151822.973091,0.965,/vehicle/driver_position_cmd
45.4461,velocity,1785151823.023087,0.989,/vehicle/driver_position_cmd
45.4468,position,1785151823.023087,1.630,/vehicle/driver_position_cmd
45.4840,velocity,1785151822.999133,0.755,/vehicle/rear_bogie_velocity
45.4848,position,1785151822.999133,1.535,/vehicle/rear_bogie_velocity
45.4914,velocity,1785151823.073103,0.490,/vehicle/driver_position_cmd
45.4918,position,1785151823.073103,0.888,/vehicle/driver_position_cmd
45.5490,velocity,1785151823.123085,1.723,/vehicle/driver_position_cmd
45.5497,position,1785151823.123085,2.449,/vehicle/driver_position_cmd
45.5829,velocity,1785151823.087121,1.033,/vehicle/rear_bogie_velocity
45.5853,position,1785151823.087121,3.445,/vehicle/rear_bogie_velocity
45.5911,velocity,1785151823.173103,0.693,/vehicle/driver_position_cmd
45.5918,position,1785151823.173103,1.408,/vehicle/driver_position_cmd
45.6409,velocity,1785151823.223083,0.530,/vehicle/driver_position_cmd
45.6412,position,1785151823.223083,0.854,/vehicle/driver_position_cmd
45.6819,velocity,1785151823.187084,0.168,/vehicle/rear_bogie_velocity
45.6821,position,1785151823.187084,0.386,/vehicle/rear_bogie_velocity
45.6907,velocity,1785151823.273129,0.375,/vehicle/driver_position_cmd
45.6910,position,1785151823.273129,0.625,/vehicle/driver_position_cmd
45.7495,velocity,1785151823.323125,0.412,/vehicle/driver_position_cmd
45.7499,position,1785151823.323125,0.811,/vehicle/driver_position_cmd
45.7821,velocity,1785151823.295064,0.419,/vehicle/rear_bogie_velocity
45.7836,position,1785151823.295064,1.869,/vehicle/rear_bogie_velocity
45.7929,velocity,1785151823.373111,1.488,/vehicle/driver_position_cmd
45.7934,position,1785151823.373111,1.960,/vehicle/driver_position_cmd
45.8505,velocity,1785151823.423115,0.987,/vehicle/driver_position_cmd
45.8514,position,1785151823.423115,1.832,/vehicle/driver_position_cmd
45.8860,velocity,1785151823.405029,5.522,/vehicle/rear_bogie_velocity
45.8877,position,1785151823.405029,7.171,/vehicle/rear_bogie_velocity
45.8901,velocity,1785151823.473091,0.698,/vehicle/driver_position_cmd
45.8905,position,1785151823.473091,1.086,/vehicle/driver_position_cmd
45.9475,velocity,1785151823.523082,0.637,/vehicle/driver_position_cmd
45.9483,position,1785151823.523082,1.444,/vehicle/driver_position_cmd
45.9866,velocity,1785151823.494997,0.575,/vehicle/rear_bogie_velocity
45.9872,position,1785151823.494997,1.155,/vehicle/rear_bogie_velocity
45.9902,velocity,1785151823.573064,0.482,/vehicle/driver_position_cmd
45.9906,position,1785151823.573064,0.920,/vehicle/driver_position_cmd
46.0472,velocity,1785151823.623061,0.619,/vehicle/driver_position_cmd
46.0477,position,1785151823.623061,1.085,/vehicle/driver_position_cmd
46.0838,velocity,1785151823.594964,0.517,/vehicle/front_bogie_velocity
46.0843,position,1785151823.594964,0.995,/vehicle/front_bogie_velocity
46.0921,velocity,1785151823.673092,0.854,/vehicle/driver_position_cmd
46.0928,position,1785151823.673092,1.621,/vehicle/driver_position_cmd
46.1505,velocity,1785151823.723097,0.946,/vehicle/driver_position_cmd
46.1511,position,1785151823.723097,1.566,/vehicle/driver_position_cmd
46.1807,velocity,1785151823.698942,1.209,/vehicle/rear_bogie_velocity
46.1815,position,1785151823.698942,2.006,/vehicle/rear_bogie_velocity
46.1934,velocity,1785151823.773068,1.060,/vehicle/driver_position_cmd
46.1942,position,1785151823.773068,1.893,/vehicle/driver_position_cmd
46.2428,velocity,1785151823.823090,0.479,/vehicle/driver_position_cmd
46.2434,position,1785151823.823090,1.045,/vehicle/driver_position_cmd
46.2779,velocity,1785151823.794908,0.636,/vehicle/rear_bogie_velocity
46.2788,position,1785151823.794908,1.507,/vehicle/rear_bogie_velocity
46.2943,velocity,1785151823.873075,0.954,/vehicle/driver_position_cmd
46.2949,position,1785151823.873075,1.593,/vehicle/driver_position_cmd
46.3437,velocity,1785151823.923059,0.717,/vehicle/driver_position_cmd
46.3445,position,1785151823.923059,1.517,/vehicle/driver_position_cmd
46.3840,velocity,1785151823.886884,0.810,/vehicle/rear_bogie_velocity
46.3845,position,1785151823.886884,1.296,/vehicle/rear_bogie_velocity
46.3916,velocity,1785151823.973059,0.511,/vehicle/driver_position_cmd
46.3921,position,1785151823.973059,0.973,/vehicle/driver_position_cmd
46.4460,velocity,1785151824.023092,0.885,/vehicle/driver_position_cmd
46.4466,position,1785151824.023092,1.421,/vehicle/driver_position_cmd
46.4790,velocity,1785151823.992847,0.634,/vehicle/rear_bogie_velocity
46.4799,position,1785151823.992847,1.501,/vehicle/rear_bogie_velocity
46.4901,velocity,1785151824.073093,0.660,/vehicle/driver_position_cmd
46.4908,position,1785151824.073093,1.367,/vehicle/driver_position_cmd
46.5509,velocity,1785151824.123131,1.991,/vehicle/driver_position_cmd
46.5514,position,1785151824.123131,2.565,/vehicle/driver_position_cmd
46.5785,velocity,1785151824.094824,0.593,/vehicle/rear_bogie_velocity
46.5792,position,1785151824.094824,1.267,/vehicle/rear_bogie_velocity
46.5944,velocity,1785151824.173095,0.598,/vehicle/driver_position_cmd
46.5949,position,1785151824.173095,1.029,/vehicle/driver_position_cmd
46.6408,velocity,1785151824.223078,0.996,/vehicle/driver_position_cmd
46.6416,position,1785151824.223078,1.817,/vehicle/driver_position_cmd
46.6840,velocity,1785151824.190798,0.477,/vehicle/rear_bogie_velocity
46.6845,position,1785151824.190798,0.993,/vehicle/rear_bogie_velocity
46.6903,velocity,1785151824.273121,0.466,/vehicle/driver_position_cmd
46.6907,position,1785151824.273121,0.902,/vehicle/driver_position_cmd
46.7507,velocity,1785151824.323102,1.018,/vehicle/driver_position_cmd
46.7516,position,1785151824.323102,1.889,/vehicle/driver_position_cmd
46.7839,velocity,1785151824.300771,0.663,/vehicle/rear_bogie_velocity
46.7845,position,1785151824.300771,1.270,/vehicle/rear_bogie_velocity
46.7911,velocity,1785151824.373107,1.314,/vehicle/driver_position_cmd
46.7915,position,1785151824.373107,1.738,/vehicle/driver_position_cmd
46.8479,velocity,1785151824.423100,0.719,/vehicle/driver_position_cmd
46.8485,position,1785151824.423100,1.347,/vehicle/driver_position_cmd
46.8840,velocity,1785151824.402742,0.821,/vehicle/rear_bogie_velocity
46.8843,position,1785151824.402742,1.130,/vehicle/rear_bogie_velocity
46.8894,velocity,1785151824.473075,0.577,/vehicle/driver_position_cmd
46.8902,position,1785151824.473075,1.331,/vehicle/driver_position_cmd
46.9500,velocity,1785151824.523123,0.527,/vehicle/driver_position_cmd
46.9503,position,1785151824.523123,0.909,/vehicle/driver_position_cmd
46.9811,velocity,1785151824.496714,0.753,/vehicle/rear_bogie_velocity
46.9814,position,1785151824.496714,1.139,/vehicle/rear_bogie_velocity
46.9921,velocity,1785151824.573097,0.880,/vehicle/driver_position_cmd
46.9929,position,1785151824.573097,1.686,/vehicle/driver_position_cmd
47.0510,velocity,1785151824.623079,1.066,/vehicle/driver_position_cmd
47.0519,position,1785151824.623079,2.020,/vehicle/driver_position_cmd
47.0839,velocity,1785151824.594691,0.848,/vehicle/rear_bogie_velocity
47.0847,position,1785151824.594691,1.701,/vehicle/rear_bogie_velocity
47.0908,velocity,1785151824.673108,0.610,/vehicle/driver_position_cmd
47.0919,position,1785151824.673108,1.744,/vehicle/driver_position_cmd
47.1497,velocity,1785151824.723084,0.498,/vehicle/driver_position_cmd
47.1505,position,1785151824.723084,1.277,/vehicle/driver_position_cmd
47.1838,velocity,1785151824.692664,0.687,/vehicle/rear_bogie_velocity
47.1850,position,1785151824.692664,1.873,/vehicle/rear_bogie_velocity
47.1899,velocity,1785151824.773124,0.525,/vehicle/driver_position_cmd
47.1911,position,1785151824.773124,1.726,/vehicle/driver_position_cmd
47.2501,velocity,1785151824.823125,0.481,/vehicle/driver_position_cmd
47.2508,position,1785151824.823125,1.195,/vehicle/driver_position_cmd
47.2788,velocity,1785151824.796636,0.761,/vehicle/rear_bogie_velocity
47.2804,position,1785151824.796636,2.338,/vehicle/rear_bogie_velocity
47.2900,velocity,1785151824.873091,0.597,/vehicle/driver_position_cmd
47.2905,position,1785151824.873091,1.115,/vehicle/driver_position_cmd
47.3399,velocity,1785151824.923071,0.533,/vehicle/driver_position_cmd
47.3404,position,1785151824.923071,1.026,/vehicle/driver_position_cmd
47.3766,velocity,1785151824.890615,0.367,/vehicle/rear_bogie_velocity
47.3770,position,1785151824.890615,0.749,/vehicle/rear_bogie_velocity
47.3902,velocity,1785151824.973070,0.474,/vehicle/driver_position_cmd
47.3906,position,1785151824.973070,0.891,/vehicle/driver_position_cmd
47.4407,velocity,1785151825.023057,1.029,/vehicle/driver_position_cmd
47.4411,position,1785151825.023057,1.367,/vehicle/driver_position_cmd
47.4781,velocity,1785151825.002578,0.626,/vehicle/rear_bogie_velocity
47.4792,position,1785151825.002578,1.689,/vehicle/rear_bogie_velocity
47.4907,velocity,1785151825.073117,0.921,/vehicle/driver_position_cmd
47.4916,position,1785151825.073117,1.751,/vehicle/driver_position_cmd
47.5411,velocity,1785151825.123111,1.017,/vehicle/driver_position_cmd
47.5417,position,1785151825.123111,1.624,/vehicle/driver_position_cmd
47.5785,velocity,1785151825.098558,0.475,/vehicle/rear_bogie_velocity
47.5794,position,1785151825.098558,1.364,/vehicle/rear_bogie_velocity
47.5905,velocity,1785151825.173076,0.486,/vehicle/driver_position_cmd
47.5913,position,1785151825.173076,1.244,/vehicle/driver_position_cmd
47.6491,velocity,1785151825.223065,1.178,/vehicle/driver_position_cmd
47.6497,position,1785151825.223065,1.858,/vehicle/driver_position_cmd
47.6847,velocity,1785151825.198522,0.439,/vehicle/rear_bogie_velocity
47.6853,position,1785151825.198522,1.037,/vehicle/rear_bogie_velocity
47.6920,velocity,1785151825.273092,0.523,/vehicle/driver_position_cmd
47.6925,position,1785151825.273092,1.068,/vehicle/driver_position_cmd
47.7408,velocity,1785151825.323120,1.059,/vehicle/driver_position_cmd
47.7419,position,1785151825.323120,2.122,/vehicle/driver_position_cmd
47.7781,velocity,1785151825.294500,0.648,/vehicle/rear_bogie_velocity
47.7788,position,1785151825.294500,1.368,/vehicle/rear_bogie_velocity
47.7907,velocity,1785151825.373077,0.917,/vehicle/driver_position_cmd
47.7913,position,1785151825.373077,1.514,/vehicle/driver_position_cmd
47.8408,velocity,1785151825.423068,0.693,/vehicle/driver_position_cmd
47.8414,position,1785151825.423068,1.320,/vehicle/driver_position_cmd
47.8788,velocity,1785151825.406465,0.668,/vehicle/rear_bogie_velocity
47.8796,position,1785151825.406465,1.483,/vehicle/rear_bogie_velocity
47.8911,velocity,1785151825.473094,1.001,/vehicle/driver_position_cmd
47.8920,position,1785151825.473094,1.848,/vehicle/driver_position_cmd
47.9407,velocity,1785151825.523098,0.966,/vehicle/driver_position_cmd
47.9414,position,1785151825.523098,1.632,/vehicle/driver_position_cmd
47.9782,velocity,1785151825.516432,0.692,/vehicle/rear_bogie_velocity
47.9789,position,1785151825.516432,1.392,/vehicle/rear_bogie_velocity
47.9903,velocity,1785151825.573056,0.939,/vehicle/driver_position_cmd
47.9908,position,1785151825.573056,1.503,/vehicle/driver_position_cmd
48.0425,velocity,1785151825.623117,1.030,/vehicle/driver_position_cmd
48.0431,position,1785151825.623117,1.658,/vehicle/driver_position_cmd
48.0790,velocity,1785151825.588409,0.975,/vehicle/rear_bogie_velocity
48.0801,position,1785151825.588409,2.155,/vehicle/rear_bogie_velocity
48.0905,velocity,1785151825.673097,0.997,/vehicle/driver_position_cmd
48.0913,position,1785151825.673097,1.808,/vehicle/driver_position_cmd
48.1405,velocity,1785151825.723073,0.961,/vehicle/driver_position_cmd
48.1409,position,1785151825.723073,1.413,/vehicle/driver_position_cmd
48.1795,velocity,1785151825.686388,0.588,/vehicle/rear_bogie_velocity
48.1803,position,1785151825.686388,1.384,/vehicle/rear_bogie_velocity
48.1906,velocity,1785151825.773114,0.889,/vehicle/driver_position_cmd
48.1914,position,1785151825.773114,1.641,/vehicle/driver_position_cmd
48.2412,velocity,1785151825.823074,0.935,/vehicle/driver_position_cmd
48.2416,position,1785151825.823074,1.332,/vehicle/driver_position_cmd
48.2774,velocity,1785151825.794360,0.596,/vehicle/rear_bogie_velocity
48.2780,position,1785151825.794360,1.218,/vehicle/rear_bogie_velocity
48.2906,velocity,1785151825.873096,0.984,/vehicle/driver_position_cmd
48.2914,position,1785151825.873096,1.818,/vehicle/driver_position_cmd
48.3416,velocity,1785151825.923080,0.924,/vehicle/driver_position_cmd
48.3422,position,1785151825.923080,1.539,/vehicle/driver_position_cmd
48.3779,velocity,1785151825.890325,0.249,/vehicle/rear_bogie_velocity
48.3781,position,1785151825.890325,0.436,/vehicle/rear_bogie_velocity
48.3910,velocity,1785151825.973109,0.171,/vehicle/driver_position_cmd
48.3911,position,1785151825.973109,0.314,/vehicle/driver_position_cmd
48.4411,velocity,1785151826.023139,0.837,/vehicle/driver_position_cmd
48.4415,position,1785151826.023139,1.200,/vehicle/driver_position_cmd
48.4785,velocity,1785151825.992299,0.224,/vehicle/rear_bogie_velocity
48.4790,position,1785151825.992299,0.757,/vehicle/rear_bogie_velocity
48.4910,velocity,1785151826.073060,0.632,/vehicle/driver_position_cmd
48.4918,position,1785151826.073060,1.412,/vehicle/driver_position_cmd
48.5418,velocity,1785151826.123086,1.019,/vehicle/driver_position_cmd
48.5423,position,1785151826.123086,1.504,/vehicle/driver_position_cmd
48.5792,velocity,1785151826.090269,0.671,/vehicle/rear_bogie_velocity
48.5799,position,1785151826.090269,1.388,/vehicle/rear_bogie_velocity
48.5909,velocity,1785151826.173116,0.898,/vehicle/driver_position_cmd
48.5917,position,1785151826.173116,1.705,/vehicle/driver_position_cmd
48.6411,velocity,1785151826.223075,0.933,/vehicle/driver_position_cmd
48.6417,position,1785151826.223075,1.578,/vehicle/driver_position_cmd
48.6794,velocity,1785151826.188246,0.827,/vehicle/rear_bogie_velocity
48.6802,position,1785151826.188246,1.617,/vehicle/rear_bogie_velocity
48.6907,velocity,1785151826.273060,0.792,/vehicle/driver_position_cmd
48.6913,position,1785151826.273060,1.422,/vehicle/driver_position_cmd
48.7403,velocity,1785151826.323078,0.445,/vehicle/driver_position_cmd
48.7409,position,1785151826.323078,1.005,/vehicle/driver_position_cmd
48.7784,velocity,1785151826.284239,0.605,/vehicle/rear_bogie_velocity
48.7793,position,1785151826.284239,1.426,/vehicle/rear_bogie_velocity
48.7905,velocity,1785151826.373111,0.919,/vehicle/driver_position_cmd
48.7913,position,1785151826.373111,1.732,/vehicle/driver_position_cmd
48.8413,velocity,1785151826.423096,0.999,/vehicle/driver_position_cmd
48.8420,position,1785151826.423096,1.670,/vehicle/driver_position_cmd
48.8774,velocity,1785151826.402191,0.568,/vehicle/rear_bogie_velocity
48.8782,position,1785151826.402191,1.376,/vehicle/rear_bogie_velocity
48.8912,velocity,1785151826.473092,0.971,/vehicle/driver_position_cmd
48.8920,position,1785151826.473092,1.808,/vehicle/driver_position_cmd
48.9412,velocity,1785151826.523088,0.978,/vehicle/driver_position_cmd
48.9419,position,1785151826.523088,1.612,/vehicle/driver_position_cmd
48.9777,velocity,1785151826.494157,0.777,/vehicle/rear_bogie_velocity
48.9783,position,1785151826.494157,1.367,/vehicle/rear_bogie_velocity
48.9915,velocity,1785151826.573086,0.988,/vehicle/driver_position_cmd
48.9921,position,1785151826.573086,1.598,/vehicle/driver_position_cmd
49.0411,velocity,1785151826.623104,0.936,/vehicle/driver_position_cmd
49.0417,position,1785151826.623104,1.601,/vehicle/driver_position_cmd
49.0791,velocity,1785151826.588149,0.618,/vehicle/rear_bogie_velocity
49.0796,position,1785151826.588149,1.184,/vehicle/rear_bogie_velocity
49.0920,velocity,1785151826.673090,0.908,/vehicle/driver_position_cmd
49.0927,position,1785151826.673090,1.602,/vehicle/driver_position_cmd
49.1414,velocity,1785151826.723069,0.997,/vehicle/driver_position_cmd
49.1420,position,1785151826.723069,1.624,/vehicle/driver_position_cmd
49.1804,velocity,1785151826.688104,0.586,/vehicle/rear_bogie_velocity
49.1814,position,1785151826.688104,1.631,/vehicle/rear_bogie_velocity
49.1906,velocity,1785151826.773103,0.743,/vehicle/driver_position_cmd
49.1911,position,1785151826.773103,1.239,/vehicle/driver_position_cmd
49.2408,velocity,1785151826.823073,1.011,/vehicle/driver_position_cmd
49.2417,position,1785151826.823073,1.898,/vehicle/driver_position_cmd
49.2768,velocity,1785151826.800100,0.301,/vehicle/rear_bogie_velocity
49.2771,position,1785151826.800100,0.571,/vehicle/rear_bogie_velocity
49.2896,velocity,1785151826.873106,0.528,/vehicle/driver_position_cmd
49.2897,position,1785151826.873106,0.683,/vehicle/driver_position_cmd
49.3465,velocity,1785151826.923110,0.466,/vehicle/driver_position_cmd
49.3469,position,1785151826.923110,0.836,/vehicle/driver_position_cmd
49.3844,velocity,1785151826.902052,0.353,/vehicle/rear_bogie_velocity
49.3848,position,1785151826.902052,0.726,/vehicle/rear_bogie_velocity
49.3901,velocity,1785151826.973060,0.390,/vehicle/driver_position_cmd
49.3904,position,1785151826.973060,0.730,/vehicle/driver_position_cmd
49.4497,velocity,1785151827.023119,1.387,/vehicle/driver_position_cmd
49.4503,position,1785151827.023119,2.008,/vehicle/driver_position_cmd
49.4788,velocity,1785151826.998017,0.632,/vehicle/rear_bogie_velocity
49.4795,position,1785151826.998017,1.340,/vehicle/rear_bogie_velocity
49.4924,velocity,1785151827.073055,1.056,/vehicle/driver_position_cmd
49.4931,position,1785151827.073055,1.763,/vehicle/driver_position_cmd
49.5414,velocity,1785151827.123091,1.030,/vehicle/driver_position_cmd
49.5421,position,1785151827.123091,1.699,/vehicle/driver_position_cmd
49.5790,velocity,1785151827.101995,0.712,/vehicle/rear_bogie_velocity
49.5798,position,1785151827.101995,1.502,/vehicle/rear_bogie_velocity
49.5910,velocity,1785151827.173054,0.899,/vehicle/driver_position_cmd
49.5918,position,1785151827.173054,1.740,/vehicle/driver_position_cmd
49.6463,velocity,1785151827.223109,0.524,/vehicle/driver_position_cmd
49.6468,position,1785151827.223109,0.982,/vehicle/driver_position_cmd
49.6834,velocity,1785151827.193965,0.292,/vehicle/rear_bogie_velocity
49.6838,position,1785151827.193965,0.641,/vehicle/rear_bogie_velocity
49.6908,velocity,1785151827.273067,0.826,/vehicle/driver_position_cmd
49.6912,position,1785151827.273067,1.232,/vehicle/driver_position_cmd
49.7426,velocity,1785151827.323075,0.968,/vehicle/driver_position_cmd
49.7434,position,1785151827.323075,1.798,/vehicle/driver_position_cmd
49.7780,velocity,1785151827.295934,0.888,/vehicle/rear_bogie_velocity
49.7789,position,1785151827.295934,1.725,/vehicle/rear_bogie_velocity
49.7955,velocity,1785151827.373069,0.815,/vehicle/driver_position_cmd
49.7963,position,1785151827.373069,1.608,/vehicle/driver_position_cmd
49.8504,velocity,1785151827.423083,0.875,/vehicle/driver_position_cmd
49.8513,position,1785151827.423083,1.731,/vehicle/driver_position_cmd
49.8833,velocity,1785151827.403899,0.561,/vehicle/rear_bogie_velocity
49.8842,position,1785151827.403899,1.525,/vehicle/rear_bogie_velocity
49.8928,velocity,1785151827.473073,0.759,/vehicle/driver_position_cmd
49.8935,position,1785151827.473073,1.454,/vehicle/driver_position_cmd
49.9478,velocity,1785151827.523109,0.779,/vehicle/driver_position_cmd
49.9484,position,1785151827.523109,1.396,/vehicle/driver_position_cmd
49.9836,velocity,1785151827.515877,0.352,/vehicle/rear_bogie_velocity
49.9839,position,1785151827.515877,0.724,/vehicle/rear_bogie_velocity
49.9924,velocity,1785151827.573085,0.471,/vehicle/driver_position_cmd
49.9927,position,1785151827.573085,0.798,/vehicle/driver_position_cmd
50.0495,velocity,1785151827.623071,1.125,/vehicle/driver_position_cmd
50.0501,position,1785151827.623071,1.755,/vehicle/driver_position_cmd
50.0828,velocity,1785151827.595857,0.493,/vehicle/rear_bogie_velocity
50.0834,position,1785151827.595857,1.097,/vehicle/rear_bogie_velocity
50.0940,velocity,1785151827.673064,0.552,/vehicle/driver_position_cmd
50.0946,position,1785151827.673064,1.149,/vehicle/driver_position_cmd
50.1487,velocity,1785151827.723068,0.940,/vehicle/driver_position_cmd
50.1493,position,1785151827.723068,1.538,/vehicle/driver_position_cmd
50.1835,velocity,1785151827.685839,0.613,/vehicle/rear_bogie_velocity
50.1841,position,1785151827.685839,1.232,/vehicle/rear_bogie_velocity
50.1933,velocity,1785151827.773088,0.843,/vehicle/driver_position_cmd
50.1940,position,1785151827.773088,1.576,/vehicle/driver_position_cmd
50.2422,velocity,1785151827.823107,0.990,/vehicle/driver_position_cmd
50.2428,position,1785151827.823107,1.608,/vehicle/driver_position_cmd
50.2813,velocity,1785151827.795800,0.335,/vehicle/rear_bogie_velocity
50.2819,position,1785151827.795800,0.893,/vehicle/rear_bogie_velocity
50.2937,velocity,1785151827.873057,0.874,/vehicle/driver_position_cmd
50.2944,position,1785151827.873057,1.631,/vehicle/driver_position_cmd
50.3403,velocity,1785151827.923090,0.367,/vehicle/driver_position_cmd
50.3406,position,1785151827.923090,0.626,/vehicle/driver_position_cmd
50.3830,velocity,1785151827.887779,0.254,/vehicle/rear_bogie_velocity
50.3833,position,1785151827.887779,0.496,/vehicle/rear_bogie_velocity
50.3910,velocity,1785151827.973078,0.285,/vehicle/driver_position_cmd
50.3912,position,1785151827.973078,0.516,/vehicle/driver_position_cmd
50.4497,velocity,1785151828.023077,0.527,/vehicle/driver_position_cmd
50.4502,position,1785151828.023077,1.004,/vehicle/driver_position_cmd
50.4844,velocity,1785151827.997742,0.626,/vehicle/rear_bogie_velocity
50.4851,position,1785151827.997742,1.316,/vehicle/rear_bogie_velocity
50.4927,velocity,1785151828.073059,0.773,/vehicle/driver_position_cmd
50.4934,position,1785151828.073059,1.456,/vehicle/driver_position_cmd
50.5499,velocity,1785151828.123101,1.631,/vehicle/driver_position_cmd
50.5508,position,1785151828.123101,2.475,/vehicle/driver_position_cmd
50.5791,velocity,1785151828.093720,0.705,/vehicle/rear_bogie_velocity
50.5799,position,1785151828.093720,1.528,/vehicle/rear_bogie_velocity
50.5912,velocity,1785151828.173095,1.021,/vehicle/driver_position_cmd
50.5921,position,1785151828.173095,1.915,/vehicle/driver_position_cmd
50.6461,velocity,1785151828.223076,0.816,/vehicle/driver_position_cmd
50.6466,position,1785151828.223076,1.271,/vehicle/driver_position_cmd
50.6819,velocity,1785151828.187696,0.797,/vehicle/rear_bogie_velocity
50.6824,position,1785151828.187696,1.325,/vehicle/rear_bogie_velocity
50.6940,velocity,1785151828.273076,0.878,/vehicle/driver_position_cmd
50.6948,position,1785151828.273076,1.668,/vehicle/driver_position_cmd
50.7423,velocity,1785151828.323078,1.036,/vehicle/driver_position_cmd
50.7432,position,1785151828.323078,1.917,/vehicle/driver_position_cmd
50.7860,velocity,1785151828.297661,1.527,/vehicle/rear_bogie_velocity
50.7869,position,1785151828.297661,2.355,/vehicle/rear_bogie_velocity
50.7915,velocity,1785151828.373099,0.630,/vehicle/driver_position_cmd
50.7922,position,1785151828.373099,1.304,/vehicle/driver_position_cmd
50.8497,velocity,1785151828.423151,1.318,/vehicle/driver_position_cmd
50.8503,position,1785151828.423151,1.952,/vehicle/driver_position_cmd
50.8835,velocity,1785151828.403632,0.644,/vehicle/rear_bogie_velocity
50.8844,position,1785151828.403632,1.553,/vehicle/rear_bogie_velocity
50.8901,velocity,1785151828.473079,0.837,/vehicle/driver_position_cmd
50.8909,position,1785151828.473079,1.644,/vehicle/driver_position_cmd
50.9505,velocity,1785151828.523107,1.047,/vehicle/driver_position_cmd
50.9516,position,1785151828.523107,2.127,/vehicle/driver_position_cmd
50.9827,velocity,1785151828.551609,0.918,/vehicle/rear_bogie_velocity
50.9833,position,1785151828.551609,1.524,/vehicle/rear_bogie_velocity
50.9904,velocity,1785151828.573090,0.831,/vehicle/driver_position_cmd
50.9913,position,1785151828.573090,1.720,/vehicle/driver_position_cmd
51.0488,velocity,1785151828.623114,1.437,/vehicle/driver_position_cmd
51.0495,position,1785151828.623114,2.127,/vehicle/driver_position_cmd
51.0838,velocity,1785151828.605569,0.483,/vehicle/rear_bogie_velocity
51.0842,position,1785151828.605569,0.910,/vehicle/rear_bogie_velocity
51.0908,velocity,1785151828.673085,0.860,/vehicle/driver_position_cmd
51.0915,position,1785151828.673085,1.619,/vehicle/driver_position_cmd
51.1435,velocity,1785151828.723062,0.684,/vehicle/driver_position_cmd
51.1443,position,1785151828.723062,1.465,/vehicle/driver_position_cmd
51.1834,velocity,1785151828.691549,0.593,/vehicle/rear_bogie_velocity
51.1840,position,1785151828.691549,1.167,/vehicle/rear_bogie_velocity
51.1918,velocity,1785151828.773112,0.643,/vehicle/driver_position_cmd
51.1925,position,1785151828.773112,1.329,/vehicle/driver_position_cmd
51.2438,velocity,1785151828.823079,0.908,/vehicle/driver_position_cmd
51.2445,position,1785151828.823079,1.590,/vehicle/driver_position_cmd
51.2800,velocity,1785151828.803514,0.364,/vehicle/rear_bogie_velocity
51.2806,position,1785151828.803514,0.865,/vehicle/rear_bogie_velocity
51.2926,velocity,1785151828.873080,0.331,/vehicle/driver_position_cmd
51.2929,position,1785151828.873080,0.658,/vehicle/driver_position_cmd
51.3418,velocity,1785151828.923118,0.875,/vehicle/driver_position_cmd
51.3422,position,1785151828.923118,1.290,/vehicle/driver_position_cmd
51.3858,velocity,1785151828.901483,0.553,/vehicle/rear_bogie_velocity
51.3865,position,1785151828.901483,1.286,/vehicle/rear_bogie_velocity
51.3912,velocity,1785151828.973075,1.622,/vehicle/driver_position_cmd
51.3916,position,1785151828.973075,2.002,/vehicle/driver_position_cmd
51.4455,velocity,1785151829.023092,0.838,/vehicle/driver_position_cmd
51.4460,position,1785151829.023092,1.289,/vehicle/driver_position_cmd
51.4807,velocity,1785151829.001466,0.230,/vehicle/rear_bogie_velocity
51.4810,position,1785151829.001466,0.600,/vehicle/rear_bogie_velocity
51.4900,velocity,1785151829.073071,0.791,/vehicle/driver_position_cmd
51.4907,position,1785151829.073071,1.494,/vehicle/driver_position_cmd
51.5474,velocity,1785151829.123128,0.252,/vehicle/driver_position_cmd
51.5476,position,1785151829.123128,0.419,/vehicle/driver_position_cmd
51.5768,velocity,1785151829.115433,0.151,/vehicle/rear_bogie_velocity
51.5769,position,1785151829.115433,0.283,/vehicle/rear_bogie_velocity
51.5951,velocity,1785151829.173065,0.380,/vehicle/driver_position_cmd
51.5954,position,1785151829.173065,0.694,/vehicle/driver_position_cmd
51.6494,velocity,1785151829.223068,0.356,/vehicle/driver_position_cmd
51.6497,position,1785151829.223068,0.675,/vehicle/driver_position_cmd
51.6854,velocity,1785151829.197398,0.523,/vehicle/rear_bogie_velocity
51.6862,position,1785151829.197398,1.282,/vehicle/rear_bogie_velocity
51.6903,velocity,1785151829.273116,0.545,/vehicle/driver_position_cmd
51.6910,position,1785151829.273116,1.267,/vehicle/driver_position_cmd
51.7457,velocity,1785151829.323075,0.820,/vehicle/driver_position_cmd
51.7461,position,1785151829.323075,1.216,/vehicle/driver_position_cmd
51.7811,velocity,1785151829.307376,0.302,/vehicle/rear_bogie_velocity
51.7818,position,1785151829.307376,1.011,/vehicle/rear_bogie_velocity
51.7905,velocity,1785151829.373062,0.731,/vehicle/driver_position_cmd
51.7912,position,1785151829.373062,1.442,/vehicle/driver_position_cmd
51.8421,velocity,1785151829.423072,0.847,/vehicle/driver_position_cmd
51.8425,position,1785151829.423072,1.243,/vehicle/driver_position_cmd
51.8804,velocity,1785151829.407357,0.664,/vehicle/rear_bogie_velocity
51.8806,position,1785151829.407357,0.835,/vehicle/rear_bogie_velocity
51.8903,velocity,1785151829.473123,0.808,/vehicle/driver_position_cmd
51.8907,position,1785151829.473123,1.216,/vehicle/driver_position_cmd
51.9494,velocity,1785151829.523107,0.397,/vehicle/driver_position_cmd
51.9501,position,1785151829.523107,1.142,/vehicle/driver_position_cmd
51.9807,velocity,1785151829.499328,0.244,/vehicle/rear_bogie_velocity
51.9811,position,1785151829.499328,0.633,/vehicle/rear_bogie_velocity
51.9907,velocity,1785151829.573092,0.772,/vehicle/driver_position_cmd
51.9911,position,1785151829.573092,1.171,/vehicle/driver_position_cmd
52.0416,velocity,1785151829.623071,0.790,/vehicle/driver_position_cmd
52.0423,position,1785151829.623071,1.535,/vehicle/driver_position_cmd
52.0811,velocity,1785151829.605294,0.316,/vehicle/rear_bogie_velocity
52.0814,position,1785151829.605294,0.622,/vehicle/rear_bogie_velocity
52.0906,velocity,1785151829.673094,0.779,/vehicle/driver_position_cmd
52.0910,position,1785151829.673094,1.209,/vehicle/driver_position_cmd
52.1501,velocity,1785151829.723076,0.843,/vehicle/driver_position_cmd
52.1505,position,1785151829.723076,1.249,/vehicle/driver_position_cmd
52.1810,velocity,1785151829.689270,0.313,/vehicle/rear_bogie_velocity
52.1813,position,1785151829.689270,0.618,/vehicle/rear_bogie_velocity
52.1902,velocity,1785151829.773085,0.809,/vehicle/driver_position_cmd
52.1907,position,1785151829.773085,1.213,/vehicle/driver_position_cmd
52.2407,velocity,1785151829.823069,0.814,/vehicle/driver_position_cmd
52.2414,position,1785151829.823069,1.501,/vehicle/driver_position_cmd
52.2800,velocity,1785151829.795240,0.655,/vehicle/rear_bogie_velocity
52.2806,position,1785151829.795240,1.261,/vehicle/rear_bogie_velocity
52.2937,velocity,1785151829.873058,0.387,/vehicle/driver_position_cmd
52.2940,position,1785151829.873058,0.715,/vehicle/driver_position_cmd
52.3512,velocity,1785151829.923112,0.907,/vehicle/driver_position_cmd
52.3517,position,1785151829.923112,1.345,/vehicle/driver_position_cmd
52.3789,velocity,1785151829.885219,0.537,/vehicle/rear_bogie_velocity
52.3796,position,1785151829.885219,1.248,/vehicle/rear_bogie_velocity
52.3910,velocity,1785151829.973094,0.874,/vehicle/driver_position_cmd
52.3914,position,1785151829.973094,1.285,/vehicle/driver_position_cmd
52.4438,velocity,1785151830.023102,0.847,/vehicle/driver_position_cmd
52.4442,position,1785151830.023102,1.253,/vehicle/driver_position_cmd
52.4778,velocity,1785151829.993185,0.554,/vehicle/rear_bogie_velocity
52.4785,position,1785151829.993185,1.264,/vehicle/rear_bogie_velocity
52.4913,velocity,1785151830.073084,0.810,/vehicle/driver_position_cmd
52.4920,position,1785151830.073084,1.533,/vehicle/driver_position_cmd
52.5500,velocity,1785151830.123110,0.864,/vehicle/driver_position_cmd
52.5508,position,1785151830.123110,1.619,/vehicle/driver_position_cmd
52.5850,velocity,1785151830.113647,0.602,/vehicle/rear_bogie_velocity
52.5858,position,1785151830.113647,1.406,/vehicle/rear_bogie_velocity
52.5915,velocity,1785151830.173060,0.644,/vehicle/driver_position_cmd
52.5922,position,1785151830.173060,1.283,/vehicle/driver_position_cmd
52.6404,velocity,1785151830.223146,0.345,/vehicle/driver_position_cmd
52.6407,position,1785151830.223146,0.651,/vehicle/driver_position_cmd
52.6820,velocity,1785151830.189125,0.550,/vehicle/rear_bogie_velocity
52.6827,position,1785151830.189125,1.310,/vehicle/rear_bogie_velocity
52.6910,velocity,1785151830.273094,0.737,/vehicle/driver_position_cmd
52.6916,position,1785151830.273094,1.378,/vehicle/driver_position_cmd
52.7420,velocity,1785151830.323118,0.918,/vehicle/driver_position_cmd
52.7428,position,1785151830.323118,1.708,/vehicle/driver_position_cmd
52.7798,velocity,1785151830.291102,0.539,/vehicle/rear_bogie_velocity
52.7804,position,1785151830.291102,1.124,/vehicle/rear_bogie_velocity
52.7897,velocity,1785151830.373064,0.802,/vehicle/driver_position_cmd
52.7904,position,1785151830.373064,1.491,/vehicle/driver_position_cmd
52.8419,velocity,1785151830.423094,0.896,/vehicle/driver_position_cmd
52.8423,position,1785151830.423094,1.321,/vehicle/driver_position_cmd
52.8798,velocity,1785151830.403077,0.778,/vehicle/rear_bogie_velocity
52.8800,position,1785151830.403077,0.970,/vehicle/rear_bogie_velocity
52.8916,velocity,1785151830.473094,0.786,/vehicle/driver_position_cmd
52.8924,position,1785151830.473094,1.555,/vehicle/driver_position_cmd
52.9410,velocity,1785151830.523109,0.944,/vehicle/driver_position_cmd
52.9413,position,1785151830.523109,1.295,/vehicle/driver_position_cmd
52.9850,velocity,1785151830.495046,0.590,/vehicle/rear_bogie_velocity
52.9858,position,1785151830.495046,1.373,/vehicle/rear_bogie_velocity
52.9899,velocity,1785151830.573094,0.624,/vehicle/driver_position_cmd
52.9904,position,1785151830.573094,1.175,/vehicle/driver_position_cmd
53.0419,velocity,1785151830.623073,0.900,/vehicle/driver_position_cmd
53.0424,position,1785151830.623073,1.323,/vehicle/driver_position_cmd
53.0785,velocity,1785151830.595015,0.324,/vehicle/rear_bogie_velocity
53.0789,position,1785151830.595015,0.728,/vehicle/rear_bogie_velocity
53.0892,velocity,1785151830.673100,0.252,/vehicle/driver_position_cmd
53.0893,position,1785151830.673100,0.420,/vehicle/driver_position_cmd
53.1487,velocity,1785151830.723094,0.368,/vehicle/driver_position_cmd
53.1491,position,1785151830.723094,0.682,/vehicle/driver_position_cmd
53.1800,velocity,1785151830.700990,0.256,/vehicle/rear_bogie_velocity
53.1804,position,1785151830.700990,0.643,/vehicle/rear_bogie_velocity
53.1911,velocity,1785151830.773119,0.926,/vehicle/driver_position_cmd
53.1918,position,1785151830.773119,1.627,/vehicle/driver_position_cmd
53.2428,velocity,1785151830.823125,0.874,/vehicle/driver_position_cmd
53.2433,position,1785151830.823125,1.297,/vehicle/driver_position_cmd
53.2839,velocity,1785151830.794961,0.560,/vehicle/rear_bogie_velocity
53.2847,position,1785151830.794961,1.303,/vehicle/rear_bogie_velocity
53.2927,velocity,1785151830.873096,0.741,/vehicle/driver_position_cmd
53.2931,position,1785151830.873096,1.113,/vehicle/driver_position_cmd
53.3501,velocity,1785151830.923091,0.826,/vehicle/driver_position_cmd
53.3505,position,1785151830.923091,1.227,/vehicle/driver_position_cmd
53.3845,velocity,1785151830.890938,0.535,/vehicle/rear_bogie_velocity
53.3853,position,1785151830.890938,1.316,/vehicle/rear_bogie_velocity
53.3899,velocity,1785151830.973098,0.662,/vehicle/driver_position_cmd
53.3903,position,1785151830.973098,0.968,/vehicle/driver_position_cmd
53.4405,velocity,1785151831.023087,1.005,/vehicle/driver_position_cmd
53.4413,position,1785151831.023087,1.760,/vehicle/driver_position_cmd
53.4790,velocity,1785151831.002908,0.224,/vehicle/rear_bogie_velocity
53.4793,position,1785151831.002908,0.519,/vehicle/rear_bogie_velocity
53.4918,velocity,1785151831.073119,0.582,/vehicle/driver_position_cmd
53.4923,position,1785151831.073119,1.080,/vehicle/driver_position_cmd
53.5432,velocity,1785151831.123098,0.905,/vehicle/driver_position_cmd
53.5436,position,1785151831.123098,1.330,/vehicle/driver_position_cmd
53.5831,velocity,1785151831.100881,0.514,/vehicle/rear_bogie_velocity
53.5839,position,1785151831.100881,1.286,/vehicle/rear_bogie_velocity
53.5915,velocity,1785151831.173127,0.743,/vehicle/driver_position_cmd
53.5919,position,1785151831.173127,1.149,/vehicle/driver_position_cmd
53.6497,velocity,1785151831.223094,0.697,/vehicle/driver_position_cmd
53.6501,position,1785151831.223094,1.128,/vehicle/driver_position_cmd
53.6805,velocity,1785151831.204844,0.381,/vehicle/rear_bogie_velocity
53.6810,position,1785151831.204844,0.786,/vehicle/rear_bogie_velocity
53.6911,velocity,1785151831.273109,0.783,/vehicle/driver_position_cmd
53.6919,position,1785151831.273109,1.567,/vehicle/driver_position_cmd
53.7404,velocity,1785151831.323101,0.637,/vehicle/driver_position_cmd
53.7412,position,1785151831.323101,1.389,/vehicle/driver_position_cmd
53.7808,velocity,1785151831.298824,0.395,/vehicle/rear_bogie_velocity
53.7812,position,1785151831.298824,0.781,/vehicle/rear_bogie_velocity
53.7920,velocity,1785151831.373081,0.645,/vehicle/driver_position_cmd
53.7927,position,1785151831.373081,1.396,/vehicle/driver_position_cmd
53.8504,velocity,1785151831.423115,0.944,/vehicle/driver_position_cmd
53.8508,position,1785151831.423115,1.406,/vehicle/driver_position_cmd
53.8869,velocity,1785151831.406806,0.567,/vehicle/rear_bogie_velocity
53.8877,position,1785151831.406806,1.316,/vehicle/rear_bogie_velocity
53.8908,velocity,1785151831.473112,0.783,/vehicle/driver_position_cmd
53.8911,position,1785151831.473112,1.141,/vehicle/driver_position_cmd
53.9407,velocity,1785151831.523071,0.817,/vehicle/driver_position_cmd
53.9412,position,1785151831.523071,1.228,/vehicle/driver_position_cmd
53.9835,velocity,1785151831.500763,0.535,/vehicle/rear_bogie_velocity
53.9843,position,1785151831.500763,1.357,/vehicle/rear_bogie_velocity
53.9901,velocity,1785151831.573129,0.755,/vehicle/driver_position_cmd
53.9905,position,1785151831.573129,1.121,/vehicle/driver_position_cmd
54.0424,velocity,1785151831.623035,0.689,/vehicle/driver_position_cmd
54.0432,position,1785151831.623035,1.408,/vehicle/driver_position_cmd
54.0786,velocity,1785151831.596754,0.509,/vehicle/rear_bogie_velocity
54.0793,position,1785151831.596754,1.251,/vehicle/rear_bogie_velocity
54.0909,velocity,1785151831.673095,1.155,/vehicle/driver_position_cmd
54.0914,position,1785151831.673095,1.637,/vehicle/driver_position_cmd
54.1459,velocity,1785151831.723110,0.888,/vehicle/driver_position_cmd
54.1463,position,1785151831.723110,1.310,/vehicle/driver_position_cmd
54.1836,velocity,1785151831.688738,0.557,/vehicle/rear_bogie_velocity
54.1840,position,1785151831.688738,1.014,/vehicle/rear_bogie_velocity
54.1928,velocity,1785151831.773144,0.972,/vehicle/driver_position_cmd
54.1937,position,1785151831.773144,1.862,/vehicle/driver_position_cmd
54.2451,velocity,1785151831.823105,0.674,/vehicle/driver_position_cmd
54.2459,position,1785151831.823105,1.476,/vehicle/driver_position_cmd
54.2788,velocity,1785151831.813081,0.595,/vehicle/rear_bogie_velocity
54.2796,position,1785151831.813081,1.340,/vehicle/rear_bogie_velocity
54.2948,velocity,1785151831.873112,0.787,/vehicle/driver_position_cmd
54.2955,position,1785151831.873112,1.484,/vehicle/driver_position_cmd
54.3434,velocity,1785151831.923063,0.932,/vehicle/driver_position_cmd
54.3443,position,1785151831.923063,1.782,/vehicle/driver_position_cmd
54.3786,velocity,1785151831.888656,0.493,/vehicle/rear_bogie_velocity
54.3793,position,1785151831.888656,1.211,/vehicle/rear_bogie_velocity
54.3945,velocity,1785151831.973085,0.722,/vehicle/driver_position_cmd
54.3952,position,1785151831.973085,1.423,/vehicle/driver_position_cmd
54.4497,velocity,1785151832.023083,0.611,/vehicle/driver_position_cmd
54.4504,position,1785151832.023083,1.334,/vehicle/driver_position_cmd
54.4813,velocity,1785151832.000633,0.206,/vehicle/rear_bogie_velocity
54.4819,position,1785151832.000633,0.813,/vehicle/rear_bogie_velocity
54.4934,velocity,1785151832.073092,0.707,/vehicle/driver_position_cmd
54.4941,position,1785151832.073092,1.383,/vehicle/driver_position_cmd
54.5499,velocity,1785151832.123081,0.628,/vehicle/driver_position_cmd
54.5506,position,1785151832.123081,1.378,/vehicle/driver_position_cmd
54.5794,velocity,1785151832.086621,0.530,/vehicle/rear_bogie_velocity
54.5802,position,1785151832.086621,1.311,/vehicle/rear_bogie_velocity
54.5901,velocity,1785151832.173123,0.811,/vehicle/driver_position_cmd
54.5909,position,1785151832.173123,1.544,/vehicle/driver_position_cmd
54.6500,velocity,1785151832.223070,0.747,/vehicle/driver_position_cmd
54.6509,position,1785151832.223070,1.622,/vehicle/driver_position_cmd
54.6807,velocity,1785151832.188582,0.228,/vehicle/rear_bogie_velocity
54.6810,position,1785151832.188582,0.536,/vehicle/rear_bogie_velocity
54.6921,velocity,1785151832.273081,0.848,/vehicle/driver_position_cmd
54.6929,position,1785151832.273081,1.628,/vehicle/driver_position_cmd
54.7482,velocity,1785151832.323069,0.314,/vehicle/driver_position_cmd
54.7485,position,1785151832.323069,0.597,/vehicle/driver_position_cmd
54.7835,velocity,1785151832.288557,0.531,/vehicle/rear_bogie_velocity
54.7844,position,1785151832.288557,1.393,/vehicle/rear_bogie_velocity
54.7914,velocity,1785151832.373071,0.815,/vehicle/driver_position_cmd
54.7918,position,1785151832.373071,1.281,/vehicle/driver_position_cmd
54.8409,velocity,1785151832.423101,0.887,/vehicle/driver_position_cmd
54.8413,position,1785151832.423101,1.313,/vehicle/driver_position_cmd
54.8845,velocity,1785151832.428512,0.761,/vehicle/rear_bogie_velocity
54.8852,position,1785151832.428512,1.510,/vehicle/rear_bogie_velocity
54.8915,velocity,1785151832.473085,0.750,/vehicle/driver_position_cmd
54.8919,position,1785151832.473085,1.184,/vehicle/driver_position_cmd
54.9502,velocity,1785151832.523070,0.903,/vehicle/driver_position_cmd
54.9507,position,1785151832.523070,1.372,/vehicle/driver_position_cmd
54.9798,velocity,1785151832.490494,0.605,/vehicle/rear_bogie_velocity
54.9804,position,1785151832.490494,1.204,/vehicle/rear_bogie_velocity
54.9907,velocity,1785151832.573075,0.854,/vehicle/driver_position_cmd
54.9914,position,1785151832.573075,1.583,/vehicle/driver_position_cmd
55.0417,velocity,1785151832.623076,0.874,/vehicle/driver_position_cmd
55.0424,position,1785151832.623076,1.610,/vehicle/driver_position_cmd
55.0832,velocity,1785151832.586469,0.535,/vehicle/rear_bogie_velocity
55.0840,position,1785151832.586469,1.287,/vehicle/rear_bogie_velocity
55.0905,velocity,1785151832.673123,0.735,/vehicle/driver_position_cmd
55.0909,position,1785151832.673123,1.184,/vehicle/driver_position_cmd
55.1428,velocity,1785151832.723077,0.921,/vehicle/driver_position_cmd
55.1437,position,1785151832.723077,1.820,/vehicle/driver_position_cmd
55.1815,velocity,1785151832.686440,0.447,/vehicle/rear_bogie_velocity
55.1824,position,1785151832.686440,1.329,/vehicle/rear_bogie_velocity
55.1938,velocity,1785151832.773076,0.755,/vehicle/driver_position_cmd
55.1944,position,1785151832.773076,1.410,/vehicle/driver_position_cmd
55.2497,velocity,1785151832.823068,0.436,/vehicle/driver_position_cmd
55.2500,position,1785151832.823068,0.711,/vehicle/driver_position_cmd
55.2801,velocity,1785151832.790421,0.219,/vehicle/rear_bogie_velocity
55.2805,position,1785151832.790421,0.563,/vehicle/rear_bogie_velocity
55.2900,velocity,1785151832.873093,0.673,/vehicle/driver_position_cmd
55.2905,position,1785151832.873093,1.173,/vehicle/driver_position_cmd
55.3475,velocity,1785151832.923092,0.407,/vehicle/driver_position_cmd
55.3479,position,1785151832.923092,0.740,/vehicle/driver_position_cmd
55.3806,velocity,1785151832.886390,0.232,/vehicle/rear_bogie_velocity
55.3810,position,1785151832.886390,0.613,/vehicle/rear_bogie_velocity
55.3899,velocity,1785151832.973095,0.370,/vehicle/driver_position_cmd
55.3902,position,1785151832.973095,0.665,/vehicle/driver_position_cmd
55.4503,velocity,1785151833.023119,0.923,/vehicle/driver_position_cmd
55.4510,position,1785151833.023119,1.693,/vehicle/driver_position_cmd
55.4786,velocity,1785151833.012424,0.518,/vehicle/rear_bogie_velocity
55.4794,position,1785151833.012424,1.283,/vehicle/rear_bogie_velocity
55.4926,velocity,1785151833.073106,0.715,/vehicle/driver_position_cmd
55.4930,position,1785151833.073106,1.093,/vehicle/driver_position_cmd
55.5405,velocity,1785151833.123076,0.814,/vehicle/driver_position_cmd
55.5413,position,1785151833.123076,1.571,/vehicle/driver_position_cmd
55.5782,velocity,1785151833.096335,0.487,/vehicle/rear_bogie_velocity
55.5790,position,1785151833.096335,1.217,/vehicle/rear_bogie_velocity
55.5956,velocity,1785151833.173075,0.708,/vehicle/driver_position_cmd
55.5963,position,1785151833.173075,1.405,/vehicle/driver_position_cmd
55.6399,velocity,1785151833.223062,0.776,/vehicle/driver_position_cmd
55.6403,position,1785151833.223062,1.146,/vehicle/driver_position_cmd
55.6823,velocity,1785151833.186304,0.512,/vehicle/rear_bogie_velocity
55.6831,position,1785151833.186304,1.239,/vehicle/rear_bogie_velocity
55.6923,velocity,1785151833.273080,0.741,/vehicle/driver_position_cmd
55.6930,position,1785151833.273080,1.413,/vehicle/driver_position_cmd
55.7429,velocity,1785151833.323087,0.457,/vehicle/driver_position_cmd
55.7437,position,1785151833.323087,1.232,/vehicle/driver_position_cmd
55.7828,velocity,1785151833.300278,0.455,/vehicle/rear_bogie_velocity
55.7830,position,1785151833.300278,0.684,/vehicle/rear_bogie_velocity
55.7906,velocity,1785151833.373090,0.311,/vehicle/driver_position_cmd
55.7909,position,1785151833.373090,0.619,/vehicle/driver_position_cmd
55.8485,velocity,1785151833.423092,0.549,/vehicle/driver_position_cmd
55.8493,position,1785151833.423092,1.300,/vehicle/driver_position_cmd
55.8871,velocity,1785151833.422251,0.265,/vehicle/rear_bogie_velocity
55.8875,position,1785151833.422251,0.609,/vehicle/rear_bogie_velocity
55.8912,velocity,1785151833.473057,0.394,/vehicle/driver_position_cmd
55.8916,position,1785151833.473057,0.747,/vehicle/driver_position_cmd
55.9479,velocity,1785151833.523133,0.386,/vehicle/driver_position_cmd
55.9482,position,1785151833.523133,0.688,/vehicle/driver_position_cmd
55.9777,velocity,1785151833.492214,0.584,/vehicle/rear_bogie_velocity
55.9785,position,1785151833.492214,1.310,/vehicle/rear_bogie_velocity
55.9918,velocity,1785151833.573120,0.299,/vehicle/driver_position_cmd
55.9924,position,1785151833.573120,0.925,/vehicle/driver_position_cmd
56.0461,velocity,1785151833.623060,0.362,/vehicle/driver_position_cmd
56.0464,position,1785151833.623060,0.662,/vehicle/driver_position_cmd
56.0782,velocity,1785151833.600192,0.397,/vehicle/rear_bogie_velocity
56.0785,position,1785151833.600192,0.703,/vehicle/rear_bogie_velocity
56.0956,velocity,1785151833.673107,1.457,/vehicle/driver_position_cmd
56.0962,position,1785151833.673107,2.066,/vehicle/driver_position_cmd
56.1403,velocity,1785151833.723084,0.710,/vehicle/driver_position_cmd
56.1411,position,1785151833.723084,1.493,/vehicle/driver_position_cmd
56.1823,velocity,1785151833.700159,0.250,/vehicle/rear_bogie_velocity
56.1828,position,1785151833.700159,0.747,/vehicle/rear_bogie_velocity
56.1913,velocity,1785151833.773086,0.574,/vehicle/driver_position_cmd
56.1922,position,1785151833.773086,1.407,/vehicle/driver_position_cmd
56.2426,velocity,1785151833.823062,1.221,/vehicle/driver_position_cmd
56.2430,position,1785151833.823062,1.659,/vehicle/driver_position_cmd
56.2785,velocity,1785151833.800136,0.225,/vehicle/rear_bogie_velocity
56.2788,position,1785151833.800136,0.538,/vehicle/rear_bogie_velocity
56.2955,velocity,1785151833.873088,0.773,/vehicle/driver_position_cmd
56.2963,position,1785151833.873088,1.543,/vehicle/driver_position_cmd
56.3424,velocity,1785151833.923074,0.998,/vehicle/driver_position_cmd
56.3433,position,1785151833.923074,1.839,/vehicle/driver_position_cmd
56.3791,velocity,1785151833.886108,0.642,/vehicle/rear_bogie_velocity
56.3800,position,1785151833.886108,1.569,/vehicle/rear_bogie_velocity
56.3935,velocity,1785151833.973098,1.135,/vehicle/driver_position_cmd
56.3941,position,1785151833.973098,1.748,/vehicle/driver_position_cmd
56.4431,velocity,1785151834.023098,0.941,/vehicle/driver_position_cmd
56.4438,position,1785151834.023098,1.613,/vehicle/driver_position_cmd
56.4838,velocity,1785151833.998088,1.344,/vehicle/rear_bogie_velocity
56.4845,position,1785151833.998088,2.113,/vehicle/rear_bogie_velocity
56.4920,velocity,1785151834.073117,0.805,/vehicle/driver_position_cmd
56.4928,position,1785151834.073117,1.552,/vehicle/driver_position_cmd
56.5414,velocity,1785151834.123080,0.931,/vehicle/driver_position_cmd
56.5420,position,1785151834.123080,1.534,/vehicle/driver_position_cmd
56.5792,velocity,1785151834.086054,0.635,/vehicle/rear_bogie_velocity
56.5799,position,1785151834.086054,1.378,/vehicle/rear_bogie_velocity
56.5952,velocity,1785151834.173093,0.965,/vehicle/driver_position_cmd
56.5959,position,1785151834.173093,1.605,/vehicle/driver_position_cmd
56.6405,velocity,1785151834.223098,0.485,/vehicle/driver_position_cmd
56.6412,position,1785151834.223098,1.217,/vehicle/driver_position_cmd
56.6835,velocity,1785151834.194025,0.429,/vehicle/rear_bogie_velocity
56.6843,position,1785151834.194025,1.255,/vehicle/rear_bogie_velocity
56.6906,velocity,1785151834.273088,0.829,/vehicle/driver_position_cmd
56.6910,position,1785151834.273088,1.289,/vehicle/driver_position_cmd
56.7416,velocity,1785151834.323066,1.130,/vehicle/driver_position_cmd
56.7425,position,1785151834.323066,2.039,/vehicle/driver_position_cmd
56.7836,velocity,1785151834.297991,0.599,/vehicle/rear_bogie_velocity
56.7843,position,1785151834.297991,1.259,/vehicle/rear_bogie_velocity
56.7909,velocity,1785151834.373090,1.117,/vehicle/driver_position_cmd
56.7913,position,1785151834.373090,1.504,/vehicle/driver_position_cmd
56.8449,velocity,1785151834.423103,0.957,/vehicle/driver_position_cmd
56.8456,position,1785151834.423103,1.617,/vehicle/driver_position_cmd
56.8814,velocity,1785151834.421968,0.411,/vehicle/rear_bogie_velocity
56.8820,position,1785151834.421968,0.994,/vehicle/rear_bogie_velocity
56.8918,velocity,1785151834.473071,0.843,/vehicle/driver_position_cmd
56.8925,position,1785151834.473071,1.561,/vehicle/driver_position_cmd
56.9467,velocity,1785151834.523107,0.674,/vehicle/driver_position_cmd
56.9472,position,1785151834.523107,1.246,/vehicle/driver_position_cmd
56.9823,velocity,1785151834.483964,0.896,/vehicle/rear_bogie_velocity
56.9832,position,1785151834.483964,1.791,/vehicle/rear_bogie_velocity
56.9907,velocity,1785151834.573074,0.774,/vehicle/driver_position_cmd
56.9914,position,1785151834.573074,1.469,/vehicle/driver_position_cmd
57.0496,velocity,1785151834.623119,0.614,/vehicle/driver_position_cmd
57.0504,position,1785151834.623119,1.443,/vehicle/driver_position_cmd
57.0792,velocity,1785151834.585912,1.107,/vehicle/rear_bogie_velocity
57.0797,position,1785151834.585912,1.550,/vehicle/rear_bogie_velocity
57.0934,velocity,1785151834.673074,1.002,/vehicle/driver_position_cmd
57.0941,position,1785151834.673074,1.662,/vehicle/driver_position_cmd
57.1486,velocity,1785151834.723063,1.177,/vehicle/driver_position_cmd
57.1493,position,1785151834.723063,1.915,/vehicle/driver_position_cmd
57.1818,velocity,1785151834.687898,0.473,/vehicle/rear_bogie_velocity
57.1824,position,1785151834.687898,1.058,/vehicle/rear_bogie_velocity
57.1933,velocity,1785151834.773096,0.639,/vehicle/driver_position_cmd
57.1937,position,1785151834.773096,1.056,/vehicle/driver_position_cmd
57.2414,velocity,1785151834.823103,1.186,/vehicle/driver_position_cmd
57.2418,position,1785151834.823103,1.611,/vehicle/driver_position_cmd
57.2788,velocity,1785151834.793857,0.712,/vehicle/rear_bogie_velocity
57.2796,position,1785151834.793857,1.488,/vehicle/rear_bogie_velocity
57.2898,velocity,1785151834.873106,0.425,/vehicle/driver_position_cmd
57.2901,position,1785151834.873106,0.783,/vehicle/driver_position_cmd
57.3454,velocity,1785151834.923075,0.951,/vehicle/driver_position_cmd
57.3462,position,1785151834.923075,1.789,/vehicle/driver_position_cmd
57.3791,velocity,1785151834.885831,0.649,/vehicle/rear_bogie_velocity
57.3798,position,1785151834.885831,1.340,/vehicle/rear_bogie_velocity
57.3913,velocity,1785151834.973135,0.630,/vehicle/driver_position_cmd
57.3918,position,1785151834.973135,1.081,/vehicle/driver_position_cmd
57.4418,velocity,1785151835.023111,1.283,/vehicle/driver_position_cmd
57.4424,position,1785151835.023111,1.867,/vehicle/driver_position_cmd
57.4836,velocity,1785151835.003798,0.315,/vehicle/front_bogie_velocity
57.4840,position,1785151835.003798,0.728,/vehicle/front_bogie_velocity
57.4926,velocity,1785151835.073122,0.784,/vehicle/driver_position_cmd
57.4933,position,1785151835.073122,1.518,/vehicle/driver_position_cmd
57.5463,velocity,1785151835.123104,0.900,/vehicle/driver_position_cmd
57.5470,position,1785151835.123104,1.541,/vehicle/driver_position_cmd
57.5804,velocity,1785151835.101765,0.859,/vehicle/rear_bogie_velocity
57.5818,position,1785151835.101765,2.256,/vehicle/rear_bogie_velocity
57.5919,velocity,1785151835.173099,0.938,/vehicle/driver_position_cmd
57.5927,position,1785151835.173099,1.780,/vehicle/driver_position_cmd
57.6423,velocity,1785151835.223070,1.199,/vehicle/driver_position_cmd
57.6433,position,1785151835.223070,2.212,/vehicle/driver_position_cmd
57.6855,velocity,1785151835.199739,0.650,/vehicle/rear_bogie_velocity
57.6862,position,1785151835.199739,1.275,/vehicle/rear_bogie_velocity
57.6916,velocity,1785151835.273104,0.739,/vehicle/driver_position_cmd
57.6921,position,1785151835.273104,1.233,/vehicle/driver_position_cmd
57.7443,velocity,1785151835.323076,1.375,/vehicle/driver_position_cmd
57.7452,position,1785151835.323076,2.328,/vehicle/driver_position_cmd
57.7786,velocity,1785151835.295715,0.454,/vehicle/rear_bogie_velocity
57.7794,position,1785151835.295715,1.276,/vehicle/rear_bogie_velocity
57.7905,velocity,1785151835.373112,0.918,/vehicle/driver_position_cmd
57.7913,position,1785151835.373112,1.735,/vehicle/driver_position_cmd
57.8426,velocity,1785151835.423065,0.640,/vehicle/driver_position_cmd
57.8431,position,1785151835.423065,1.195,/vehicle/driver_position_cmd
57.8846,velocity,1785151835.397685,0.635,/vehicle/rear_bogie_velocity
57.8854,position,1785151835.397685,1.490,/vehicle/rear_bogie_velocity
57.8917,velocity,1785151835.473067,0.655,/vehicle/driver_position_cmd
57.8924,position,1785151835.473067,1.315,/vehicle/driver_position_cmd
57.9489,velocity,1785151835.523100,1.139,/vehicle/driver_position_cmd
57.9494,position,1785151835.523100,1.705,/vehicle/driver_position_cmd
57.9921,velocity,1785151835.573028,0.987,/vehicle/driver_position_cmd
57.9926,position,1785151835.573028,1.501,/vehicle/driver_position_cmd
58.0493,velocity,1785151835.623097,1.691,/vehicle/driver_position_cmd
58.0500,position,1785151835.623097,2.414,/vehicle/driver_position_cmd
58.0784,velocity,1785151835.605625,0.406,/vehicle/rear_bogie_velocity
58.0789,position,1785151835.605625,0.871,/vehicle/rear_bogie_velocity
58.0938,velocity,1785151835.673088,0.966,/vehicle/driver_position_cmd
58.0946,position,1785151835.673088,1.771,/vehicle/driver_position_cmd
58.1479,velocity,1785151835.723137,0.699,/vehicle/driver_position_cmd
58.1484,position,1785151835.723137,1.201,/vehicle/driver_position_cmd
58.1832,velocity,1785151835.691599,0.311,/vehicle/rear_bogie_velocity
58.1836,position,1785151835.691599,0.757,/vehicle/rear_bogie_velocity
58.1912,velocity,1785151835.773066,0.415,/vehicle/driver_position_cmd
58.1915,position,1785151835.773066,0.770,/vehicle/driver_position_cmd
58.2501,velocity,1785151835.823061,0.862,/vehicle/driver_position_cmd
58.2509,position,1785151835.823061,1.712,/vehicle/driver_position_cmd
58.2819,velocity,1785151835.803569,0.421,/vehicle/rear_bogie_velocity
58.2823,position,1785151835.803569,0.805,/vehicle/rear_bogie_velocity
58.2901,velocity,1785151835.873132,0.343,/vehicle/driver_position_cmd
58.2906,position,1785151835.873132,0.772,/vehicle/driver_position_cmd
58.3453,velocity,1785151835.923075,0.878,/vehicle/driver_position_cmd
58.3460,position,1785151835.923075,1.534,/vehicle/driver_position_cmd
58.3832,velocity,1785151835.903543,0.371,/vehicle/rear_bogie_velocity
58.3836,position,1785151835.903543,0.737,/vehicle/rear_bogie_velocity
58.3941,velocity,1785151835.973103,0.799,/vehicle/driver_position_cmd
58.3948,position,1785151835.973103,1.437,/vehicle/driver_position_cmd
58.4493,velocity,1785151836.023097,1.489,/vehicle/driver_position_cmd
58.4503,position,1785151836.023097,2.458,/vehicle/driver_position_cmd
58.4841,velocity,1785151835.997517,0.574,/vehicle/rear_bogie_velocity
58.4855,position,1785151835.997517,2.035,/vehicle/rear_bogie_velocity
58.4924,velocity,1785151836.073082,0.751,/vehicle/driver_position_cmd
58.4928,position,1785151836.073082,1.223,/vehicle/driver_position_cmd
58.5433,velocity,1785151836.123130,1.023,/vehicle/driver_position_cmd
58.5440,position,1785151836.123130,1.739,/vehicle/driver_position_cmd
58.5835,velocity,1785151836.103487,0.576,/vehicle/rear_bogie_velocity
58.5842,position,1785151836.103487,1.309,/vehicle/rear_bogie_velocity
58.5903,velocity,1785151836.173090,0.821,/vehicle/driver_position_cmd
58.5908,position,1785151836.173090,1.340,/vehicle/driver_position_cmd
58.6494,velocity,1785151836.223094,1.468,/vehicle/driver_position_cmd
58.6501,position,1785151836.223094,2.155,/vehicle/driver_position_cmd
58.6840,velocity,1785151836.203460,0.657,/vehicle/rear_bogie_velocity
58.6849,position,1785151836.203460,1.556,/vehicle/rear_bogie_velocity
58.6931,velocity,1785151836.273087,0.904,/vehicle/driver_position_cmd
58.6935,position,1785151836.273087,1.336,/vehicle/driver_position_cmd
58.7487,velocity,1785151836.323065,1.372,/vehicle/driver_position_cmd
58.7494,position,1785151836.323065,2.046,/vehicle/driver_position_cmd
58.7838,velocity,1785151836.287440,0.670,/vehicle/rear_bogie_velocity
58.7848,position,1785151836.287440,1.577,/vehicle/rear_bogie_velocity
58.7947,velocity,1785151836.373109,0.820,/vehicle/driver_position_cmd
58.7954,position,1785151836.373109,1.546,/vehicle/driver_position_cmd
58.8493,velocity,1785151836.423085,1.016,/vehicle/driver_position_cmd
58.8501,position,1785151836.423085,1.782,/vehicle/driver_position_cmd
58.8850,velocity,1785151836.421404,0.666,/vehicle/rear_bogie_velocity
58.8860,position,1785151836.421404,1.625,/vehicle/rear_bogie_velocity
58.8905,velocity,1785151836.473101,0.623,/vehicle/driver_position_cmd
58.8911,position,1785151836.473101,1.245,/vehicle/driver_position_cmd
58.9462,velocity,1785151836.523124,1.039,/vehicle/driver_position_cmd
58.9471,position,1785151836.523124,1.878,/vehicle/driver_position_cmd
58.9852,velocity,1785151836.497376,0.613,/vehicle/rear_bogie_velocity
58.9860,position,1785151836.497376,1.333,/vehicle/rear_bogie_velocity
58.9907,velocity,1785151836.573070,0.716,/vehicle/driver_position_cmd
58.9913,position,1785151836.573070,1.385,/vehicle/driver_position_cmd
59.0448,velocity,1785151836.623090,0.958,/vehicle/driver_position_cmd
59.0456,position,1785151836.623090,1.743,/vehicle/driver_position_cmd
59.0855,velocity,1785151836.587349,0.528,/vehicle/rear_bogie_velocity
59.0863,position,1785151836.587349,1.285,/vehicle/rear_bogie_velocity
59.0908,velocity,1785151836.673086,0.242,/vehicle/driver_position_cmd
59.0911,position,1785151836.673086,0.501,/vehicle/driver_position_cmd
59.1404,velocity,1785151836.723083,0.861,/vehicle/driver_position_cmd
59.1407,position,1785151836.723083,1.187,/vehicle/driver_position_cmd
59.1799,velocity,1785151836.685323,0.221,/vehicle/rear_bogie_velocity
59.1802,position,1785151836.685323,0.523,/vehicle/rear_bogie_velocity
59.1897,velocity,1785151836.773103,0.317,/vehicle/driver_position_cmd
59.1900,position,1785151836.773103,0.604,/vehicle/driver_position_cmd
59.2402,velocity,1785151836.823069,0.475,/vehicle/driver_position_cmd
59.2407,position,1785151836.823069,0.889,/vehicle/driver_position_cmd
59.2774,velocity,1785151836.785302,0.139,/vehicle/rear_bogie_velocity
59.2775,position,1785151836.785302,0.238,/vehicle/rear_bogie_velocity
59.2897,velocity,1785151836.873072,0.215,/vehicle/driver_position_cmd
59.2898,position,1785151836.873072,0.352,/vehicle/driver_position_cmd
59.3475,velocity,1785151836.923120,0.438,/vehicle/driver_position_cmd
59.3477,position,1785151836.923120,0.625,/vehicle/driver_position_cmd
59.3845,velocity,1785151836.885269,0.213,/vehicle/rear_bogie_velocity
59.3848,position,1785151836.885269,0.520,/vehicle/rear_bogie_velocity
59.3911,velocity,1785151836.973090,0.306,/vehicle/driver_position_cmd
59.3912,position,1785151836.973090,0.466,/vehicle/driver_position_cmd
59.4453,velocity,1785151837.023098,0.607,/vehicle/driver_position_cmd
59.4461,position,1785151837.023098,1.385,/vehicle/driver_position_cmd
59.4844,velocity,1785151836.995239,0.544,/vehicle/rear_bogie_velocity
59.4851,position,1785151836.995239,1.298,/vehicle/rear_bogie_velocity
59.4916,velocity,1785151837.073070,0.497,/vehicle/driver_position_cmd
59.4918,position,1785151837.073070,0.766,/vehicle/driver_position_cmd
59.5437,velocity,1785151837.123081,0.816,/vehicle/driver_position_cmd
59.5444,position,1785151837.123081,1.510,/vehicle/driver_position_cmd
59.5806,velocity,1785151837.085217,0.384,/vehicle/rear_bogie_velocity
59.5810,position,1785151837.085217,0.763,/vehicle/rear_bogie_velocity
59.5899,velocity,1785151837.173096,0.308,/vehicle/driver_position_cmd
59.5901,position,1785151837.173096,0.563,/vehicle/driver_position_cmd
59.6427,velocity,1785151837.223087,0.620,/vehicle/driver_position_cmd
59.6434,position,1785151837.223087,1.334,/vehicle/driver_position_cmd
59.6812,velocity,1785151837.189193,0.411,/vehicle/rear_bogie_velocity
59.6820,position,1785151837.189193,1.120,/vehicle/rear_bogie_velocity
59.6900,velocity,1785151837.273102,0.671,/vehicle/driver_position_cmd
59.6906,position,1785151837.273102,1.203,/vehicle/driver_position_cmd
59.7428,velocity,1785151837.323058,1.022,/vehicle/driver_position_cmd
59.7434,position,1785151837.323058,1.604,/vehicle/driver_position_cmd
59.7795,velocity,1785151837.291168,0.592,/vehicle/rear_bogie_velocity
59.7802,position,1785151837.291168,1.230,/vehicle/rear_bogie_velocity
59.7919,velocity,1785151837.373068,0.882,/vehicle/driver_position_cmd
59.7926,position,1785151837.373068,1.560,/vehicle/driver_position_cmd
59.8420,velocity,1785151837.423038,0.914,/vehicle/driver_position_cmd
59.8425,position,1785151837.423038,1.343,/vehicle/driver_position_cmd
59.8823,velocity,1785151837.397125,0.462,/vehicle/rear_bogie_velocity
59.8827,position,1785151837.397125,0.902,/vehicle/rear_bogie_velocity
59.8936,velocity,1785151837.473099,0.512,/vehicle/driver_position_cmd
59.8939,position,1785151837.473099,0.806,/vehicle/driver_position_cmd
59.9488,velocity,1785151837.523098,1.340,/vehicle/driver_position_cmd
59.9494,position,1785151837.523098,1.901,/vehicle/driver_position_cmd
59.9818,velocity,1785151837.497101,1.034,/vehicle/rear_bogie_velocity
59.9826,position,1785151837.497101,1.826,/vehicle/rear_bogie_velocity
59.9917,velocity,1785151837.573090,0.672,/vehicle/driver_position_cmd
59.9923,position,1785151837.573090,1.286,/vehicle/driver_position_cmd
60.0491,velocity,1785151837.623083,1.195,/vehicle/driver_position_cmd
60.0497,position,1785151837.623083,1.847,/vehicle/driver_position_cmd
60.0841,velocity,1785151837.611067,0.652,/vehicle/rear_bogie_velocity
60.0847,position,1785151837.611067,1.274,/vehicle/rear_bogie_velocity
60.0923,velocity,1785151837.673106,0.827,/vehicle/driver_position_cmd
60.0931,position,1785151837.673106,1.622,/vehicle/driver_position_cmd
60.1493,velocity,1785151837.723106,1.787,/vehicle/driver_position_cmd
60.1501,position,1785151837.723106,2.560,/vehicle/driver_position_cmd
60.1843,velocity,1785151837.689044,0.601,/vehicle/rear_bogie_velocity
60.1850,position,1785151837.689044,1.251,/vehicle/rear_bogie_velocity
60.1931,velocity,1785151837.773062,1.752,/vehicle/driver_position_cmd
60.1935,position,1785151837.773062,2.093,/vehicle/driver_position_cmd
60.2422,velocity,1785151837.823090,0.994,/vehicle/driver_position_cmd
60.2429,position,1785151837.823090,1.640,/vehicle/driver_position_cmd
60.2827,velocity,1785151837.797319,0.472,/vehicle/rear_bogie_velocity
60.2831,position,1785151837.797319,0.889,/vehicle/rear_bogie_velocity
60.2900,velocity,1785151837.873109,0.655,/vehicle/driver_position_cmd
60.2905,position,1785151837.873109,1.203,/vehicle/driver_position_cmd
60.3416,velocity,1785151837.923057,0.246,/vehicle/driver_position_cmd
60.3418,position,1785151837.923057,0.450,/vehicle/driver_position_cmd
60.3789,velocity,1785151837.896989,0.369,/vehicle/rear_bogie_velocity
60.3792,position,1785151837.896989,0.633,/vehicle/rear_bogie_velocity
60.3901,velocity,1785151837.973083,0.285,/vehicle/driver_position_cmd
60.3902,position,1785151837.973083,0.423,/vehicle/driver_position_cmd
60.4480,velocity,1785151838.023087,0.794,/vehicle/driver_position_cmd
60.4486,position,1785151838.023087,1.323,/vehicle/driver_position_cmd
60.4805,velocity,1785151838.000972,0.961,/vehicle/rear_bogie_velocity
60.4812,position,1785151838.000972,1.669,/vehicle/rear_bogie_velocity
60.4906,velocity,1785151838.073081,0.782,/vehicle/driver_position_cmd
60.4926,position,1785151838.073081,2.755,/vehicle/driver_position_cmd
60.5494,velocity,1785151838.123094,1.399,/vehicle/driver_position_cmd
60.5501,position,1785151838.123094,2.106,/vehicle/driver_position_cmd
60.5847,velocity,1785151838.112950,0.684,/vehicle/rear_bogie_velocity
60.5852,position,1785151838.112950,1.226,/vehicle/rear_bogie_velocity
60.5906,velocity,1785151838.173105,0.686,/vehicle/driver_position_cmd
60.5913,position,1785151838.173105,1.439,/vehicle/driver_position_cmd
60.6493,velocity,1785151838.223085,1.178,/vehicle/driver_position_cmd
60.6500,position,1785151838.223085,1.854,/vehicle/driver_position_cmd
60.6821,velocity,1785151838.196909,0.811,/vehicle/rear_bogie_velocity
60.6829,position,1785151838.196909,1.619,/vehicle/rear_bogie_velocity
60.6927,velocity,1785151838.273122,0.836,/vehicle/driver_position_cmd
60.6933,position,1785151838.273122,1.490,/vehicle/driver_position_cmd
60.7491,velocity,1785151838.323116,1.424,/vehicle/driver_position_cmd
60.7498,position,1785151838.323116,2.114,/vehicle/driver_position_cmd
60.7818,velocity,1785151838.302878,0.454,/vehicle/rear_bogie_velocity
60.7824,position,1785151838.302878,1.001,/vehicle/rear_bogie_velocity
60.7921,velocity,1785151838.373069,0.884,/vehicle/driver_position_cmd
60.7928,position,1785151838.373069,1.594,/vehicle/driver_position_cmd
60.8487,velocity,1785151838.423088,1.910,/vehicle/driver_position_cmd
60.8493,position,1785151838.423088,2.544,/vehicle/driver_position_cmd
60.8787,velocity,1785151838.404851,0.617,/vehicle/rear_bogie_velocity
60.8798,position,1785151838.404851,1.713,/vehicle/rear_bogie_velocity
60.8905,velocity,1785151838.473077,0.856,/vehicle/driver_position_cmd
60.8913,position,1785151838.473077,1.621,/vehicle/driver_position_cmd
60.9488,velocity,1785151838.523062,1.329,/vehicle/driver_position_cmd
60.9494,position,1785151838.523062,1.954,/vehicle/driver_position_cmd
60.9826,velocity,1785151838.506825,0.721,/vehicle/rear_bogie_velocity
60.9835,position,1785151838.506825,1.665,/vehicle/rear_bogie_velocity
60.9909,velocity,1785151838.573090,0.821,/vehicle/driver_position_cmd
60.9917,position,1785151838.573090,1.566,/vehicle/driver_position_cmd
61.0498,velocity,1785151838.623073,0.807,/vehicle/driver_position_cmd
61.0505,position,1785151838.623073,1.469,/vehicle/driver_position_cmd
61.0811,velocity,1785151838.620808,0.402,/vehicle/rear_bogie_velocity
61.0815,position,1785151838.620808,0.783,/vehicle/rear_bogie_velocity
61.0901,velocity,1785151838.673079,0.333,/vehicle/driver_position_cmd
61.0904,position,1785151838.673079,0.644,/vehicle/driver_position_cmd
61.1508,velocity,1785151838.723057,1.027,/vehicle/driver_position_cmd
61.1516,position,1785151838.723057,1.908,/vehicle/driver_position_cmd
61.1836,velocity,1785151838.690778,0.886,/vehicle/rear_bogie_velocity
61.1862,position,1785151838.690778,3.567,/vehicle/rear_bogie_velocity
61.1921,velocity,1785151838.773093,0.591,/vehicle/driver_position_cmd
61.1926,position,1785151838.773093,1.082,/vehicle/driver_position_cmd
61.2440,velocity,1785151838.823098,0.977,/vehicle/driver_position_cmd
61.2449,position,1785151838.823098,1.822,/vehicle/driver_position_cmd
61.2820,velocity,1785151838.796746,1.731,/vehicle/rear_bogie_velocity
61.2825,position,1785151838.796746,2.244,/vehicle/rear_bogie_velocity
61.2895,velocity,1785151838.873091,0.380,/vehicle/driver_position_cmd
61.2899,position,1785151838.873091,0.738,/vehicle/driver_position_cmd
61.3463,velocity,1785151838.923093,1.006,/vehicle/driver_position_cmd
61.3476,position,1785151838.923093,2.272,/vehicle/driver_position_cmd
61.3844,velocity,1785151838.884726,0.700,/vehicle/rear_bogie_velocity
61.3850,position,1785151838.884726,1.332,/vehicle/rear_bogie_velocity
61.3920,velocity,1785151838.973088,0.872,/vehicle/driver_position_cmd
61.3927,position,1785151838.973088,1.655,/vehicle/driver_position_cmd
61.4487,velocity,1785151839.023135,1.295,/vehicle/driver_position_cmd
61.4496,position,1785151839.023135,2.176,/vehicle/driver_position_cmd
61.4840,velocity,1785151838.994694,0.652,/vehicle/rear_bogie_velocity
61.4846,position,1785151838.994694,1.276,/vehicle/rear_bogie_velocity
61.4931,velocity,1785151839.073135,0.660,/vehicle/driver_position_cmd
61.4940,position,1785151839.073135,1.578,/vehicle/driver_position_cmd
61.5442,velocity,1785151839.123314,1.018,/vehicle/driver_position_cmd
61.5451,position,1785151839.123314,1.901,/vehicle/driver_position_cmd
61.5807,velocity,1785151839.092667,0.870,/vehicle/rear_bogie_velocity
61.5813,position,1785151839.092667,1.528,/vehicle/rear_bogie_velocity
61.5912,velocity,1785151839.173113,0.796,/vehicle/driver_position_cmd
61.5920,position,1785151839.173113,1.581,/vehicle/driver_position_cmd
61.6505,velocity,1785151839.223085,0.701,/vehicle/driver_position_cmd
61.6511,position,1785151839.223085,1.362,/vehicle/driver_position_cmd
61.6823,velocity,1785151839.202631,1.010,/vehicle/rear_bogie_velocity
61.6832,position,1785151839.202631,1.881,/vehicle/rear_bogie_velocity
61.6925,velocity,1785151839.273099,0.687,/vehicle/driver_position_cmd
61.6933,position,1785151839.273099,1.487,/vehicle/driver_position_cmd
61.7499,velocity,1785151839.323085,0.504,/vehicle/driver_position_cmd
61.7508,position,1785151839.323085,1.349,/vehicle/driver_position_cmd
61.7844,velocity,1785151839.296601,0.338,/vehicle/rear_bogie_velocity
61.7849,position,1785151839.296601,0.888,/vehicle/rear_bogie_velocity
61.7894,velocity,1785151839.373126,0.379,/vehicle/driver_position_cmd
61.7900,position,1785151839.373126,0.975,/vehicle/driver_position_cmd
61.8491,velocity,1785151839.423017,1.183,/vehicle/driver_position_cmd
61.8498,position,1785151839.423017,1.895,/vehicle/driver_position_cmd
61.8836,velocity,1785151839.404576,0.562,/vehicle/rear_bogie_velocity
61.8841,position,1785151839.404576,1.086,/vehicle/rear_bogie_velocity
61.8930,velocity,1785151839.473100,0.751,/vehicle/driver_position_cmd
61.8935,position,1785151839.473100,1.225,/vehicle/driver_position_cmd
61.9474,velocity,1785151839.523147,0.808,/vehicle/driver_position_cmd
61.9479,position,1785151839.523147,1.261,/vehicle/driver_position_cmd
61.9873,velocity,1785151839.490550,0.568,/vehicle/rear_bogie_velocity
61.9881,position,1785151839.490550,1.395,/vehicle/rear_bogie_velocity
61.9894,velocity,1785151839.573103,0.493,/vehicle/driver_position_cmd
61.9899,position,1785151839.573103,0.961,/vehicle/driver_position_cmd
62.0515,velocity,1785151839.623105,1.180,/vehicle/driver_position_cmd
62.0524,position,1785151839.623105,2.011,/vehicle/driver_position_cmd
62.0797,velocity,1785151839.594522,0.285,/vehicle/rear_bogie_velocity
62.0800,position,1785151839.594522,0.659,/vehicle/rear_bogie_velocity
62.0915,velocity,1785151839.673118,0.587,/vehicle/driver_position_cmd
62.0923,position,1785151839.673118,1.398,/vehicle/driver_position_cmd
62.1480,velocity,1785151839.723067,0.802,/vehicle/driver_position_cmd
62.1489,position,1785151839.723067,1.790,/vehicle/driver_position_cmd
62.1800,velocity,1785151839.702496,0.508,/vehicle/rear_bogie_velocity
62.1805,position,1785151839.702496,1.037,/vehicle/rear_bogie_velocity
62.1938,velocity,1785151839.773069,0.534,/vehicle/driver_position_cmd
62.1942,position,1785151839.773069,0.998,/vehicle/driver_position_cmd
62.2480,velocity,1785151839.823107,0.817,/vehicle/driver_position_cmd
62.2488,position,1785151839.823107,1.615,/vehicle/driver_position_cmd
62.2833,velocity,1785151839.800466,0.440,/vehicle/rear_bogie_velocity
62.2838,position,1785151839.800466,0.857,/vehicle/rear_bogie_velocity
62.2911,velocity,1785151839.873086,0.613,/vehicle/driver_position_cmd
62.2915,position,1785151839.873086,1.017,/vehicle/driver_position_cmd
62.3482,velocity,1785151839.923099,1.019,/vehicle/driver_position_cmd
62.3486,position,1785151839.923099,1.468,/vehicle/driver_position_cmd
62.3812,velocity,1785151839.888438,0.713,/vehicle/rear_bogie_velocity
62.3821,position,1785151839.888438,1.590,/vehicle/rear_bogie_velocity
62.3940,velocity,1785151839.973078,0.845,/vehicle/driver_position_cmd
62.3948,position,1785151839.973078,1.650,/vehicle/driver_position_cmd
62.4488,velocity,1785151840.023095,1.269,/vehicle/driver_position_cmd
62.4498,position,1785151840.023095,2.259,/vehicle/driver_position_cmd
62.4832,velocity,1785151840.002405,0.661,/vehicle/rear_bogie_velocity
62.4839,position,1785151840.002405,1.394,/vehicle/rear_bogie_velocity
62.4929,velocity,1785151840.073087,0.794,/vehicle/driver_position_cmd
62.4937,position,1785151840.073087,1.616,/vehicle/driver_position_cmd
62.5472,velocity,1785151840.123075,1.062,/vehicle/driver_position_cmd
62.5487,position,1785151840.123075,2.501,/vehicle/driver_position_cmd
62.5978,velocity,1785151840.173109,0.637,/vehicle/driver_position_cmd
62.5982,position,1785151840.173109,1.047,/vehicle/driver_position_cmd
62.6489,velocity,1785151840.223061,0.529,/vehicle/driver_position_cmd
62.6493,position,1785151840.223061,0.927,/vehicle/driver_position_cmd
62.6832,velocity,1785151840.222361,0.289,/vehicle/rear_bogie_velocity
62.6838,position,1785151840.222361,0.849,/vehicle/rear_bogie_velocity
62.6905,velocity,1785151840.273126,0.301,/vehicle/driver_position_cmd
62.6909,position,1785151840.273126,0.772,/vehicle/driver_position_cmd
62.7440,velocity,1785151840.323065,0.978,/vehicle/driver_position_cmd
62.7445,position,1785151840.323065,1.567,/vehicle/driver_position_cmd
62.7791,velocity,1785151840.298334,0.621,/vehicle/rear_bogie_velocity
62.7799,position,1785151840.298334,1.326,/vehicle/rear_bogie_velocity
62.7938,velocity,1785151840.373068,0.950,/vehicle/driver_position_cmd
62.7945,position,1785151840.373068,1.682,/vehicle/driver_position_cmd
62.8481,velocity,1785151840.423118,1.482,/vehicle/driver_position_cmd
62.8488,position,1785151840.423118,2.202,/vehicle/driver_position_cmd
62.8844,velocity,1785151840.398298,0.627,/vehicle/rear_bogie_velocity
62.8849,position,1785151840.398298,1.178,/vehicle/rear_bogie_velocity
62.8908,velocity,1785151840.473087,0.497,/vehicle/driver_position_cmd
62.8912,position,1785151840.473087,0.934,/vehicle/driver_position_cmd
62.9436,velocity,1785151840.523062,0.993,/vehicle/driver_position_cmd
62.9442,position,1785151840.523062,1.626,/vehicle/driver_position_cmd
62.9853,velocity,1785151840.494277,0.703,/vehicle/rear_bogie_velocity
62.9859,position,1785151840.494277,1.342,/vehicle/rear_bogie_velocity
62.9898,velocity,1785151840.573086,0.486,/vehicle/driver_position_cmd
62.9902,position,1785151840.573086,0.927,/vehicle/driver_position_cmd
63.0440,velocity,1785151840.623080,0.944,/vehicle/driver_position_cmd
63.0448,position,1785151840.623080,1.753,/vehicle/driver_position_cmd
63.0821,velocity,1785151840.594249,1.229,/vehicle/rear_bogie_velocity
63.0827,position,1785151840.594249,1.903,/vehicle/rear_bogie_velocity
63.0908,velocity,1785151840.673082,0.569,/vehicle/driver_position_cmd
63.0914,position,1785151840.673082,1.181,/vehicle/driver_position_cmd
63.1500,velocity,1785151840.723092,0.672,/vehicle/driver_position_cmd
63.1506,position,1785151840.723092,1.224,/vehicle/driver_position_cmd
63.1829,velocity,1785151840.686215,0.637,/vehicle/rear_bogie_velocity
63.1835,position,1785151840.686215,1.220,/vehicle/rear_bogie_velocity
63.1921,velocity,1785151840.773094,1.106,/vehicle/driver_position_cmd
63.1926,position,1785151840.773094,1.613,/vehicle/driver_position_cmd
63.2501,velocity,1785151840.823085,0.938,/vehicle/driver_position_cmd
63.2505,position,1785151840.823085,1.395,/vehicle/driver_position_cmd
63.2808,velocity,1785151840.802188,0.259,/vehicle/rear_bogie_velocity
63.2812,position,1785151840.802188,0.677,/vehicle/rear_bogie_velocity
63.2907,velocity,1785151840.873098,0.875,/vehicle/driver_position_cmd
63.2911,position,1785151840.873098,1.286,/vehicle/driver_position_cmd
63.3493,velocity,1785151840.923097,0.316,/vehicle/driver_position_cmd
63.3496,position,1785151840.923097,0.597,/vehicle/driver_position_cmd
63.3823,velocity,1785151840.886177,0.821,/vehicle/rear_bogie_velocity
63.3831,position,1785151840.886177,1.662,/vehicle/rear_bogie_velocity
63.3932,velocity,1785151840.973107,0.846,/vehicle/driver_position_cmd
63.3939,position,1785151840.973107,1.623,/vehicle/driver_position_cmd
63.4406,velocity,1785151841.023089,0.939,/vehicle/driver_position_cmd
63.4431,position,1785151841.023089,3.484,/vehicle/driver_position_cmd
63.4800,velocity,1785151840.998128,0.810,/vehicle/rear_bogie_velocity
63.4804,position,1785151840.998128,1.241,/vehicle/rear_bogie_velocity
63.4900,velocity,1785151841.073083,0.782,/vehicle/driver_position_cmd
63.4908,position,1785151841.073083,1.519,/vehicle/driver_position_cmd
63.5459,velocity,1785151841.123083,0.922,/vehicle/driver_position_cmd
63.5467,position,1785151841.123083,1.737,/vehicle/driver_position_cmd
63.5781,velocity,1785151841.104108,0.431,/vehicle/rear_bogie_velocity
63.5786,position,1785151841.104108,0.862,/vehicle/rear_bogie_velocity
63.5914,velocity,1785151841.173092,0.598,/vehicle/driver_position_cmd
63.5918,position,1785151841.173092,0.983,/vehicle/driver_position_cmd
63.6406,velocity,1785151841.223094,0.415,/vehicle/driver_position_cmd
63.6414,position,1785151841.223094,1.215,/vehicle/driver_position_cmd
63.6852,velocity,1785151841.186093,0.681,/vehicle/rear_bogie_velocity
63.6860,position,1785151841.186093,1.467,/vehicle/rear_bogie_velocity
63.6907,velocity,1785151841.273097,0.682,/vehicle/driver_position_cmd
63.6913,position,1785151841.273097,1.314,/vehicle/driver_position_cmd
63.7465,velocity,1785151841.323121,0.945,/vehicle/driver_position_cmd
63.7469,position,1785151841.323121,1.349,/vehicle/driver_position_cmd
63.7803,velocity,1785151841.288044,0.267,/vehicle/rear_bogie_velocity
63.7808,position,1785151841.288044,0.689,/vehicle/rear_bogie_velocity
63.7942,velocity,1785151841.373102,0.854,/vehicle/driver_position_cmd
63.7950,position,1785151841.373102,1.612,/vehicle/driver_position_cmd
63.8507,velocity,1785151841.423065,1.095,/vehicle/driver_position_cmd
63.8515,position,1785151841.423065,1.945,/vehicle/driver_position_cmd
63.8819,velocity,1785151841.396033,0.337,/vehicle/rear_bogie_velocity
63.8824,position,1785151841.396033,0.755,/vehicle/rear_bogie_velocity
63.8932,velocity,1785151841.473099,0.793,/vehicle/driver_position_cmd
63.8939,position,1785151841.473099,1.514,/vehicle/driver_position_cmd
63.9478,velocity,1785151841.523197,1.408,/vehicle/driver_position_cmd
63.9484,position,1785151841.523197,2.043,/vehicle/driver_position_cmd
63.9869,velocity,1785151841.488007,0.922,/vehicle/rear_bogie_velocity
63.9878,position,1785151841.488007,1.814,/vehicle/rear_bogie_velocity
63.9899,velocity,1785151841.573102,0.515,/vehicle/driver_position_cmd
63.9904,position,1785151841.573102,0.963,/vehicle/driver_position_cmd
64.0500,velocity,1785151841.623105,0.585,/vehicle/driver_position_cmd
64.0505,position,1785151841.623105,1.050,/vehicle/driver_position_cmd
64.0838,velocity,1785151841.587970,0.612,/vehicle/rear_bogie_velocity
64.0844,position,1785151841.587970,1.272,/vehicle/rear_bogie_velocity
64.0923,velocity,1785151841.673069,0.825,/vehicle/driver_position_cmd
64.0927,position,1785151841.673069,1.260,/vehicle/driver_position_cmd
64.1498,velocity,1785151841.723067,0.555,/vehicle/driver_position_cmd
64.1503,position,1785151841.723067,1.014,/vehicle/driver_position_cmd
64.1853,velocity,1785151841.687942,0.756,/vehicle/rear_bogie_velocity
64.1889,position,1785151841.687942,4.368,/vehicle/rear_bogie_velocity
64.1898,velocity,1785151841.773109,0.467,/vehicle/driver_position_cmd
64.1902,position,1785151841.773109,0.894,/vehicle/driver_position_cmd
64.2418,velocity,1785151841.823060,0.412,/vehicle/driver_position_cmd
64.2423,position,1785151841.823060,0.957,/vehicle/driver_position_cmd
64.2782,velocity,1785151841.795904,0.603,/vehicle/rear_bogie_velocity
64.2789,position,1785151841.795904,1.335,/vehicle/rear_bogie_velocity
64.2916,velocity,1785151841.873064,0.821,/vehicle/driver_position_cmd
64.2924,position,1785151841.873064,1.610,/vehicle/driver_position_cmd
64.3436,velocity,1785151841.923090,0.652,/vehicle/driver_position_cmd
64.3444,position,1785151841.923090,1.426,/vehicle/driver_position_cmd
64.3800,velocity,1785151841.887895,0.393,/vehicle/rear_bogie_velocity
64.3804,position,1785151841.887895,0.803,/vehicle/rear_bogie_velocity
64.3948,velocity,1785151841.973094,0.949,/vehicle/driver_position_cmd
64.3955,position,1785151841.973094,1.726,/vehicle/driver_position_cmd
64.4430,velocity,1785151842.023204,0.917,/vehicle/driver_position_cmd
64.4438,position,1785151842.023204,1.728,/vehicle/driver_position_cmd
64.4838,velocity,1785151841.995859,0.525,/vehicle/rear_bogie_velocity
64.4843,position,1785151841.995859,1.071,/vehicle/rear_bogie_velocity
64.4905,velocity,1785151842.073074,0.810,/vehicle/driver_position_cmd
64.4913,position,1785151842.073074,1.608,/vehicle/driver_position_cmd
64.5479,velocity,1785151842.123088,0.986,/vehicle/driver_position_cmd
64.5484,position,1785151842.123088,1.535,/vehicle/driver_position_cmd
64.5835,velocity,1785151842.095830,0.681,/vehicle/rear_bogie_velocity
64.5844,position,1785151842.095830,1.568,/vehicle/rear_bogie_velocity
64.5901,velocity,1785151842.173094,0.674,/vehicle/driver_position_cmd
64.5907,position,1785151842.173094,1.291,/vehicle/driver_position_cmd
64.6488,velocity,1785151842.223089,1.236,/vehicle/driver_position_cmd
64.6494,position,1785151842.223089,1.873,/vehicle/driver_position_cmd
64.6828,velocity,1785151842.195811,0.586,/vehicle/rear_bogie_velocity
64.6835,position,1785151842.195811,1.193,/vehicle/rear_bogie_velocity
64.6909,velocity,1785151842.273096,0.934,/vehicle/driver_position_cmd
64.6917,position,1785151842.273096,1.753,/vehicle/driver_position_cmd
64.7462,velocity,1785151842.323081,1.012,/vehicle/driver_position_cmd
64.7468,position,1785151842.323081,1.658,/vehicle/driver_position_cmd
64.7789,velocity,1785151842.291783,0.580,/vehicle/rear_bogie_velocity
64.7795,position,1785151842.291783,1.190,/vehicle/rear_bogie_velocity
64.7944,velocity,1785151842.373091,0.880,/vehicle/driver_position_cmd
64.7952,position,1785151842.373091,1.690,/vehicle/driver_position_cmd
64.8503,velocity,1785151842.423059,0.723,/vehicle/driver_position_cmd
64.8509,position,1785151842.423059,1.336,/vehicle/driver_position_cmd
64.8819,velocity,1785151842.427748,0.880,/vehicle/rear_bogie_velocity
64.8827,position,1785151842.427748,1.645,/vehicle/rear_bogie_velocity
64.8914,velocity,1785151842.473074,0.540,/vehicle/driver_position_cmd
64.8921,position,1785151842.473074,1.239,/vehicle/driver_position_cmd
64.9445,velocity,1785151842.523115,0.689,/vehicle/driver_position_cmd
64.9453,position,1785151842.523115,1.484,/vehicle/driver_position_cmd
64.9829,velocity,1785151842.499730,0.218,/vehicle/rear_bogie_velocity
64.9832,position,1785151842.499730,0.513,/vehicle/rear_bogie_velocity
64.9897,velocity,1785151842.573130,0.288,/vehicle/driver_position_cmd
64.9900,position,1785151842.573130,0.613,/vehicle/driver_position_cmd
65.0503,velocity,1785151842.623085,0.947,/vehicle/driver_position_cmd
65.0507,position,1785151842.623085,1.395,/vehicle/driver_position_cmd
65.0791,velocity,1785151842.583708,0.854,/vehicle/rear_bogie_velocity
65.0795,position,1785151842.583708,1.254,/vehicle/rear_bogie_velocity
65.0936,velocity,1785151842.673066,0.329,/vehicle/driver_position_cmd
65.0939,position,1785151842.673066,0.621,/vehicle/driver_position_cmd
65.1420,velocity,1785151842.723075,0.956,/vehicle/driver_position_cmd
65.1427,position,1785151842.723075,1.629,/vehicle/driver_position_cmd
65.1789,velocity,1785151842.693678,0.760,/vehicle/rear_bogie_velocity
65.1795,position,1785151842.693678,1.410,/vehicle/rear_bogie_velocity
65.1912,velocity,1785151842.773064,0.835,/vehicle/driver_position_cmd
65.1923,position,1785151842.773064,1.910,/vehicle/driver_position_cmd
65.2408,velocity,1785151842.823056,0.976,/vehicle/driver_position_cmd
65.2416,position,1785151842.823056,1.775,/vehicle/driver_position_cmd
65.2818,velocity,1785151842.797650,0.640,/vehicle/rear_bogie_velocity
65.2826,position,1785151842.797650,1.429,/vehicle/rear_bogie_velocity
65.2925,velocity,1785151842.873094,0.840,/vehicle/driver_position_cmd
65.2933,position,1785151842.873094,1.636,/vehicle/driver_position_cmd
65.3505,velocity,1785151842.923118,0.972,/vehicle/driver_position_cmd
65.3510,position,1785151842.923118,1.531,/vehicle/driver_position_cmd
65.3840,velocity,1785151842.887621,0.636,/vehicle/rear_bogie_velocity
65.3849,position,1785151842.887621,1.462,/vehicle/rear_bogie_velocity
65.3917,velocity,1785151842.973089,0.772,/vehicle/driver_position_cmd
65.3925,position,1785151842.973089,1.531,/vehicle/driver_position_cmd
65.4502,velocity,1785151843.023064,0.889,/vehicle/driver_position_cmd
65.4510,position,1785151843.023064,1.693,/vehicle/driver_position_cmd
65.4817,velocity,1785151843.003605,0.367,/vehicle/rear_bogie_velocity
65.4825,position,1785151843.003605,1.156,/vehicle/rear_bogie_velocity
65.4942,velocity,1785151843.073086,0.855,/vehicle/driver_position_cmd
65.4950,position,1785151843.073086,1.663,/vehicle/driver_position_cmd
65.5480,velocity,1785151843.123104,0.776,/vehicle/driver_position_cmd
65.5484,position,1785151843.123104,1.195,/vehicle/driver_position_cmd
65.5781,velocity,1785151843.083567,0.639,/vehicle/rear_bogie_velocity
65.5788,position,1785151843.083567,1.332,/vehicle/rear_bogie_velocity
65.5920,velocity,1785151843.173083,0.424,/vehicle/driver_position_cmd
65.5925,position,1785151843.173083,0.951,/vehicle/driver_position_cmd
65.6499,velocity,1785151843.223092,0.470,/vehicle/driver_position_cmd
65.6502,position,1785151843.223092,0.858,/vehicle/driver_position_cmd
65.6808,velocity,1785151843.185538,0.718,/vehicle/rear_bogie_velocity
65.6812,position,1785151843.185538,1.143,/vehicle/rear_bogie_velocity
65.6902,velocity,1785151843.273082,0.816,/vehicle/driver_position_cmd
65.6909,position,1785151843.273082,1.498,/vehicle/driver_position_cmd
65.7492,velocity,1785151843.323097,1.489,/vehicle/driver_position_cmd
65.7499,position,1785151843.323097,2.157,/vehicle/driver_position_cmd
65.7780,velocity,1785151843.295518,0.681,/vehicle/rear_bogie_velocity
65.7787,position,1785151843.295518,1.418,/vehicle/rear_bogie_velocity
65.7933,velocity,1785151843.373114,0.962,/vehicle/driver_position_cmd
65.7939,position,1785151843.373114,1.606,/vehicle/driver_position_cmd
65.8504,velocity,1785151843.423092,1.072,/vehicle/driver_position_cmd
65.8513,position,1785151843.423092,1.883,/vehicle/driver_position_cmd
65.8772,velocity,1785151843.407482,0.314,/vehicle/rear_bogie_velocity
65.8778,position,1785151843.407482,0.947,/vehicle/rear_bogie_velocity
65.8926,velocity,1785151843.473094,0.437,/vehicle/driver_position_cmd
65.8931,position,1785151843.473094,0.939,/vehicle/driver_position_cmd
65.9460,velocity,1785151843.523089,0.772,/vehicle/driver_position_cmd
65.9469,position,1785151843.523089,1.696,/vehicle/driver_position_cmd
65.9784,velocity,1785151843.491460,0.533,/vehicle/rear_bogie_velocity
65.9791,position,1785151843.491460,1.224,/vehicle/rear_bogie_velocity
65.9925,velocity,1785151843.573090,0.963,/vehicle/driver_position_cmd
65.9932,position,1785151843.573090,1.629,/vehicle/driver_position_cmd
66.0414,velocity,1785151843.623092,1.038,/vehicle/driver_position_cmd
66.0421,position,1785151843.623092,1.671,/vehicle/driver_position_cmd
66.0834,velocity,1785151843.587427,0.703,/vehicle/rear_bogie_velocity
66.0843,position,1785151843.587427,1.629,/vehicle/rear_bogie_velocity
66.0913,velocity,1785151843.673091,0.981,/vehicle/driver_position_cmd
66.0918,position,1785151843.673091,1.474,/vehicle/driver_position_cmd
66.1510,velocity,1785151843.723115,0.661,/vehicle/driver_position_cmd
66.1515,position,1785151843.723115,1.218,/vehicle/driver_position_cmd
66.1775,velocity,1785151843.697402,0.538,/vehicle/rear_bogie_velocity
66.1784,position,1785151843.697402,1.474,/vehicle/rear_bogie_velocity
66.1913,velocity,1785151843.773075,0.828,/vehicle/driver_position_cmd
66.1921,position,1785151843.773075,1.627,/vehicle/driver_position_cmd
66.2488,velocity,1785151843.823088,0.714,/vehicle/driver_position_cmd
66.2496,position,1785151843.823088,1.543,/vehicle/driver_position_cmd
66.2791,velocity,1785151843.795368,0.657,/vehicle/rear_bogie_velocity
66.2800,position,1785151843.795368,1.509,/vehicle/rear_bogie_velocity
66.2957,velocity,1785151843.873092,0.868,/vehicle/driver_position_cmd
66.2964,position,1785151843.873092,1.544,/vehicle/driver_position_cmd
66.3420,velocity,1785151843.923085,0.921,/vehicle/driver_position_cmd
66.3424,position,1785151843.923085,1.348,/vehicle/driver_position_cmd
66.3792,velocity,1785151843.891348,0.685,/vehicle/rear_bogie_velocity
66.3799,position,1785151843.891348,1.424,/vehicle/rear_bogie_velocity
66.3944,velocity,1785151843.973096,0.867,/vehicle/driver_position_cmd
66.3954,position,1785151843.973096,1.927,/vehicle/driver_position_cmd
66.4478,velocity,1785151844.023103,0.806,/vehicle/driver_position_cmd
66.4484,position,1785151844.023103,1.448,/vehicle/driver_position_cmd
66.4862,velocity,1785151843.997314,0.321,/vehicle/rear_bogie_velocity
66.4868,position,1785151843.997314,0.888,/vehicle/rear_bogie_velocity
66.4914,velocity,1785151844.073125,0.440,/vehicle/driver_position_cmd
66.4919,position,1785151844.073125,0.922,/vehicle/driver_position_cmd
66.5478,velocity,1785151844.123095,0.819,/vehicle/driver_position_cmd
66.5485,position,1785151844.123095,1.450,/vehicle/driver_position_cmd
66.5840,velocity,1785151844.093289,0.643,/vehicle/rear_bogie_velocity
66.5848,position,1785151844.093289,1.459,/vehicle/rear_bogie_velocity
66.5962,velocity,1785151844.173084,2.981,/vehicle/driver_position_cmd
66.5966,position,1785151844.173084,3.352,/vehicle/driver_position_cmd
66.6499,velocity,1785151844.223076,0.424,/vehicle/driver_position_cmd
66.6502,position,1785151844.223076,0.736,/vehicle/driver_position_cmd
66.6851,velocity,1785151844.197256,1.786,/vehicle/rear_bogie_velocity
66.6857,position,1785151844.197256,2.422,/vehicle/rear_bogie_velocity
66.6925,velocity,1785151844.273094,0.626,/vehicle/driver_position_cmd
66.6932,position,1785151844.273094,1.383,/vehicle/driver_position_cmd
66.7421,velocity,1785151844.323093,0.920,/vehicle/driver_position_cmd
66.7429,position,1785151844.323093,1.754,/vehicle/driver_position_cmd
66.7806,velocity,1785151844.297232,0.385,/vehicle/rear_bogie_velocity
66.7810,position,1785151844.297232,0.714,/vehicle/rear_bogie_velocity
66.7927,velocity,1785151844.373084,0.791,/vehicle/driver_position_cmd
66.7934,position,1785151844.373084,1.494,/vehicle/driver_position_cmd
66.8433,velocity,1785151844.423113,0.942,/vehicle/driver_position_cmd
66.8440,position,1785151844.423113,1.692,/vehicle/driver_position_cmd
66.8813,velocity,1785151844.407206,0.290,/vehicle/rear_bogie_velocity
66.8817,position,1785151844.407206,0.706,/vehicle/rear_bogie_velocity
66.8918,velocity,1785151844.473089,0.916,/vehicle/driver_position_cmd
66.8922,position,1785151844.473089,1.330,/vehicle/driver_position_cmd
66.9502,velocity,1785151844.523103,0.967,/vehicle/driver_position_cmd
66.9506,position,1785151844.523103,1.402,/vehicle/driver_position_cmd
66.9982,velocity,1785151844.573125,0.935,/vehicle/driver_position_cmd
66.9987,position,1785151844.573125,1.492,/vehicle/driver_position_cmd
67.0479,velocity,1785151844.623087,0.971,/vehicle/driver_position_cmd
67.0485,position,1785151844.623087,1.570,/vehicle/driver_position_cmd
67.0814,velocity,1785151844.589158,0.505,/vehicle/rear_bogie_velocity
67.0822,position,1785151844.589158,1.315,/vehicle/rear_bogie_velocity
67.0934,velocity,1785151844.673098,0.762,/vehicle/driver_position_cmd
67.0940,position,1785151844.673098,1.329,/vehicle/driver_position_cmd
67.1487,velocity,1785151844.723156,1.550,/vehicle/driver_position_cmd
67.1495,position,1785151844.723156,2.340,/vehicle/driver_position_cmd
67.1824,velocity,1785151844.689118,0.637,/vehicle/rear_bogie_velocity
67.1833,position,1785151844.689118,1.519,/vehicle/rear_bogie_velocity
67.1911,velocity,1785151844.773097,0.842,/vehicle/driver_position_cmd
67.1919,position,1785151844.773097,1.595,/vehicle/driver_position_cmd
67.2416,velocity,1785151844.823119,0.498,/vehicle/driver_position_cmd
67.2424,position,1785151844.823119,1.315,/vehicle/driver_position_cmd
67.2801,velocity,1785151844.799090,0.658,/vehicle/rear_bogie_velocity
67.2805,position,1785151844.799090,1.131,/vehicle/rear_bogie_velocity
67.2907,velocity,1785151844.873094,0.393,/vehicle/driver_position_cmd
67.2910,position,1785151844.873094,0.730,/vehicle/driver_position_cmd
67.3474,velocity,1785151844.923063,0.544,/vehicle/driver_position_cmd
67.3478,position,1785151844.923063,0.938,/vehicle/driver_position_cmd
67.3786,velocity,1785151844.887064,0.532,/vehicle/rear_bogie_velocity
67.3793,position,1785151844.887064,1.249,/vehicle/rear_bogie_velocity
67.3948,velocity,1785151844.973101,0.966,/vehicle/driver_position_cmd
67.3955,position,1785151844.973101,1.654,/vehicle/driver_position_cmd
67.4495,velocity,1785151845.023078,1.988,/vehicle/driver_position_cmd
67.4499,position,1785151845.023078,2.432,/vehicle/driver_position_cmd
67.4812,velocity,1785151844.995037,0.539,/vehicle/rear_bogie_velocity
67.4816,position,1785151844.995037,0.915,/vehicle/rear_bogie_velocity
67.4935,velocity,1785151845.073083,1.659,/vehicle/driver_position_cmd
67.4940,position,1785151845.073083,2.198,/vehicle/driver_position_cmd
67.5415,velocity,1785151845.123077,0.629,/vehicle/driver_position_cmd
67.5420,position,1785151845.123077,1.100,/vehicle/driver_position_cmd
67.5819,velocity,1785151845.089022,0.659,/vehicle/rear_bogie_velocity
67.5828,position,1785151845.089022,1.526,/vehicle/rear_bogie_velocity
67.5961,velocity,1785151845.173081,1.062,/vehicle/driver_position_cmd
67.5971,position,1785151845.173081,2.047,/vehicle/driver_position_cmd
67.6500,velocity,1785151845.223072,0.633,/vehicle/driver_position_cmd
67.6507,position,1785151845.223072,1.283,/vehicle/driver_position_cmd
67.6810,velocity,1785151845.194981,0.571,/vehicle/rear_bogie_velocity
67.6816,position,1785151845.194981,1.157,/vehicle/rear_bogie_velocity
67.6925,velocity,1785151845.273091,0.970,/vehicle/driver_position_cmd
67.6933,position,1785151845.273091,1.787,/vehicle/driver_position_cmd
67.7432,velocity,1785151845.323060,0.981,/vehicle/driver_position_cmd
67.7441,position,1785151845.323060,1.822,/vehicle/driver_position_cmd
67.7840,velocity,1785151845.294967,0.645,/vehicle/rear_bogie_velocity
67.7846,position,1785151845.294967,1.272,/vehicle/rear_bogie_velocity
67.7928,velocity,1785151845.373075,1.662,/vehicle/driver_position_cmd
67.7931,position,1785151845.373075,1.994,/vehicle/driver_position_cmd
67.8443,velocity,1785151845.423080,0.813,/vehicle/driver_position_cmd
67.8450,position,1785151845.423080,1.563,/vehicle/driver_position_cmd
67.8841,velocity,1785151845.398923,0.687,/vehicle/rear_bogie_velocity
67.8851,position,1785151845.398923,1.680,/vehicle/rear_bogie_velocity
67.8940,velocity,1785151845.473076,0.759,/vehicle/driver_position_cmd
67.8943,position,1785151845.473076,1.125,/vehicle/driver_position_cmd
67.9433,velocity,1785151845.523140,1.134,/vehicle/driver_position_cmd
67.9441,position,1785151845.523140,1.888,/vehicle/driver_position_cmd
67.9816,velocity,1785151845.492904,0.441,/vehicle/rear_bogie_velocity
67.9821,position,1785151845.492904,0.996,/vehicle/rear_bogie_velocity
67.9934,velocity,1785151845.573199,0.797,/vehicle/driver_position_cmd
67.9941,position,1785151845.573199,1.525,/vehicle/driver_position_cmd
68.0509,velocity,1785151845.623079,1.015,/vehicle/driver_position_cmd
68.0515,position,1785151845.623079,1.606,/vehicle/driver_position_cmd
68.0812,velocity,1785151845.586871,1.361,/vehicle/rear_bogie_velocity
68.0822,position,1785151845.586871,2.346,/vehicle/rear_bogie_velocity
68.0965,velocity,1785151845.673111,0.913,/vehicle/driver_position_cmd
68.0974,position,1785151845.673111,1.822,/vehicle/driver_position_cmd
68.1435,velocity,1785151845.723073,0.818,/vehicle/driver_position_cmd
68.1445,position,1785151845.723073,1.743,/vehicle/driver_position_cmd
68.1834,velocity,1785151845.688840,0.643,/vehicle/rear_bogie_velocity
68.1842,position,1785151845.688840,1.400,/vehicle/rear_bogie_velocity
68.1919,velocity,1785151845.773082,0.767,/vehicle/driver_position_cmd
68.1927,position,1785151845.773082,1.545,/vehicle/driver_position_cmd
68.2422,velocity,1785151845.823089,0.588,/vehicle/driver_position_cmd
68.2428,position,1785151845.823089,1.264,/vehicle/driver_position_cmd
68.2935,velocity,1785151845.788819,0.332,/vehicle/rear_bogie_velocity
68.2941,position,1785151845.788819,0.884,/vehicle/rear_bogie_velocity
68.2944,velocity,1785151845.873106,1.205,/vehicle/driver_position_cmd
68.2949,position,1785151845.873106,1.703,/vehicle/driver_position_cmd
68.3397,velocity,1785151845.923057,0.479,/vehicle/driver_position_cmd
68.3401,position,1785151845.923057,0.887,/vehicle/driver_position_cmd
68.3838,velocity,1785151845.886800,0.624,/vehicle/rear_bogie_velocity
68.3846,position,1785151845.886800,1.409,/vehicle/rear_bogie_velocity
68.3911,velocity,1785151845.973096,0.792,/vehicle/driver_position_cmd
68.3919,position,1785151845.973096,1.600,/vehicle/driver_position_cmd
68.4476,velocity,1785151846.023104,0.550,/vehicle/driver_position_cmd
68.4484,position,1785151846.023104,1.403,/vehicle/driver_position_cmd
68.4829,velocity,1785151846.000756,0.662,/vehicle/rear_bogie_velocity
68.4835,position,1785151846.000756,1.250,/vehicle/rear_bogie_velocity
68.4938,velocity,1785151846.073100,0.892,/vehicle/driver_position_cmd
68.4944,position,1785151846.073100,1.528,/vehicle/driver_position_cmd
68.5428,velocity,1785151846.123090,0.542,/vehicle/driver_position_cmd
68.5433,position,1785151846.123090,0.965,/vehicle/driver_position_cmd
68.5800,velocity,1785151846.104735,0.454,/vehicle/rear_bogie_velocity
68.5807,position,1785151846.104735,1.228,/vehicle/rear_bogie_velocity
68.5928,velocity,1785151846.173057,0.487,/vehicle/driver_position_cmd
68.5933,position,1785151846.173057,1.044,/vehicle/driver_position_cmd
68.6467,velocity,1785151846.223069,0.724,/vehicle/driver_position_cmd
68.6474,position,1785151846.223069,1.405,/vehicle/driver_position_cmd
68.6845,velocity,1785151846.188717,0.534,/vehicle/rear_bogie_velocity
68.6856,position,1785151846.188717,1.595,/vehicle/rear_bogie_velocity
68.6939,velocity,1785151846.273103,0.898,/vehicle/driver_position_cmd
68.6946,position,1785151846.273103,1.621,/vehicle/driver_position_cmd
68.7442,velocity,1785151846.323108,0.998,/vehicle/driver_position_cmd
68.7450,position,1785151846.323108,1.833,/vehicle/driver_position_cmd
68.7838,velocity,1785151846.294678,0.571,/vehicle/rear_bogie_velocity
68.7845,position,1785151846.294678,1.308,/vehicle/rear_bogie_velocity
68.7925,velocity,1785151846.373055,0.804,/vehicle/driver_position_cmd
68.7930,position,1785151846.373055,1.286,/vehicle/driver_position_cmd
68.8514,velocity,1785151846.423082,0.977,/vehicle/driver_position_cmd
68.8521,position,1785151846.423082,1.682,/vehicle/driver_position_cmd
68.8835,velocity,1785151846.404663,0.433,/vehicle/rear_bogie_velocity
68.8838,position,1785151846.404663,0.801,/vehicle/rear_bogie_velocity
68.8917,velocity,1785151846.473068,0.861,/vehicle/driver_position_cmd
68.8924,position,1785151846.473068,1.581,/vehicle/driver_position_cmd
68.9411,velocity,1785151846.523077,0.952,/vehicle/driver_position_cmd
68.9414,position,1785151846.523077,1.251,/vehicle/driver_position_cmd
68.9818,velocity,1785151846.498621,0.353,/vehicle/rear_bogie_velocity
68.9822,position,1785151846.498621,0.807,/vehicle/rear_bogie_velocity
68.9948,velocity,1785151846.573071,0.790,/vehicle/driver_position_cmd
68.9954,position,1785151846.573071,1.339,/vehicle/driver_position_cmd
69.0445,velocity,1785151846.623098,1.077,/vehicle/driver_position_cmd
69.0454,position,1785151846.623098,1.984,/vehicle/driver_position_cmd
69.0831,velocity,1785151846.606609,0.468,/vehicle/rear_bogie_velocity
69.0837,position,1785151846.606609,1.053,/vehicle/rear_bogie_velocity
69.0908,velocity,1785151846.673074,0.879,/vehicle/driver_position_cmd
69.0915,position,1785151846.673074,1.573,/vehicle/driver_position_cmd
69.1483,velocity,1785151846.723099,0.822,/vehicle/driver_position_cmd
69.1488,position,1785151846.723099,1.267,/vehicle/driver_position_cmd
69.1793,velocity,1785151846.710565,0.288,/vehicle/rear_bogie_velocity
69.1798,position,1785151846.710565,0.790,/vehicle/rear_bogie_velocity
69.1916,velocity,1785151846.773105,0.417,/vehicle/driver_position_cmd
69.1924,position,1785151846.773105,1.255,/vehicle/driver_position_cmd
69.2425,velocity,1785151846.823129,1.153,/vehicle/driver_position_cmd
69.2429,position,1785151846.823129,1.572,/vehicle/driver_position_cmd
69.2776,velocity,1785151846.802538,0.288,/vehicle/rear_bogie_velocity
69.2778,position,1785151846.802538,0.570,/vehicle/rear_bogie_velocity
69.2906,velocity,1785151846.873099,0.577,/vehicle/driver_position_cmd
69.2907,position,1785151846.873099,0.715,/vehicle/driver_position_cmd
69.3504,velocity,1785151846.923112,0.450,/vehicle/driver_position_cmd
69.3508,position,1785151846.923112,0.790,/vehicle/driver_position_cmd
69.3868,velocity,1785151846.888523,0.367,/vehicle/rear_bogie_velocity
69.3871,position,1785151846.888523,0.706,/vehicle/rear_bogie_velocity
69.3916,velocity,1785151846.973132,0.273,/vehicle/driver_position_cmd
69.3919,position,1785151846.973132,0.567,/vehicle/driver_position_cmd
69.4488,velocity,1785151847.023140,1.512,/vehicle/driver_position_cmd
69.4492,position,1785151847.023140,1.887,/vehicle/driver_position_cmd
69.4819,velocity,1785151847.000480,1.640,/vehicle/rear_bogie_velocity
69.4826,position,1785151847.000480,2.339,/vehicle/rear_bogie_velocity
69.4950,velocity,1785151847.073138,0.919,/vehicle/driver_position_cmd
69.4957,position,1785151847.073138,1.599,/vehicle/driver_position_cmd
69.5508,velocity,1785151847.123114,0.527,/vehicle/driver_position_cmd
69.5514,position,1785151847.123114,1.130,/vehicle/driver_position_cmd
69.5876,velocity,1785151847.098464,1.425,/vehicle/rear_bogie_velocity
69.5881,position,1785151847.098464,1.976,/vehicle/rear_bogie_velocity
69.5918,velocity,1785151847.173123,0.687,/vehicle/driver_position_cmd
69.5924,position,1785151847.173123,1.294,/vehicle/driver_position_cmd
69.6486,velocity,1785151847.223010,1.336,/vehicle/driver_position_cmd
69.6492,position,1785151847.223010,1.976,/vehicle/driver_position_cmd
69.6855,velocity,1785151847.200425,0.602,/vehicle/rear_bogie_velocity
69.6864,position,1785151847.200425,1.456,/vehicle/rear_bogie_velocity
69.6920,velocity,1785151847.273103,0.651,/vehicle/driver_position_cmd
69.6926,position,1785151847.273103,1.268,/vehicle/driver_position_cmd
69.7491,velocity,1785151847.323111,1.568,/vehicle/driver_position_cmd
69.7500,position,1785151847.323111,2.530,/vehicle/driver_position_cmd
69.7794,velocity,1785151847.300408,0.593,/vehicle/rear_bogie_velocity
69.7802,position,1785151847.300408,1.429,/vehicle/rear_bogie_velocity
69.7930,velocity,1785151847.373090,0.953,/vehicle/driver_position_cmd
69.7939,position,1785151847.373090,1.899,/vehicle/driver_position_cmd
69.8467,velocity,1785151847.423081,1.055,/vehicle/driver_position_cmd
69.8479,position,1785151847.423081,2.312,/vehicle/driver_position_cmd
69.8799,velocity,1785151847.424364,0.382,/vehicle/rear_bogie_velocity
69.8803,position,1785151847.424364,0.733,/vehicle/rear_bogie_velocity
69.8948,velocity,1785151847.473109,0.862,/vehicle/driver_position_cmd
69.8956,position,1785151847.473109,1.601,/vehicle/driver_position_cmd
69.9496,velocity,1785151847.523086,0.958,/vehicle/driver_position_cmd
69.9509,position,1785151847.523086,2.270,/vehicle/driver_position_cmd
69.9834,velocity,1785151847.510339,0.371,/vehicle/rear_bogie_velocity
69.9843,position,1785151847.510339,1.236,/vehicle/rear_bogie_velocity
69.9905,velocity,1785151847.573088,0.315,/vehicle/driver_position_cmd
69.9908,position,1785151847.573088,0.619,/vehicle/driver_position_cmd
70.0525,velocity,1785151847.623089,0.967,/vehicle/driver_position_cmd
70.0533,position,1785151847.623089,1.801,/vehicle/driver_position_cmd
70.0800,velocity,1785151847.588319,0.657,/vehicle/rear_bogie_velocity
70.0804,position,1785151847.588319,0.996,/vehicle/rear_bogie_velocity
70.0922,velocity,1785151847.673091,1.042,/vehicle/driver_position_cmd
70.0927,position,1785151847.673091,1.574,/vehicle/driver_position_cmd
70.1445,velocity,1785151847.723123,1.019,/vehicle/driver_position_cmd
70.1450,position,1785151847.723123,1.573,/vehicle/driver_position_cmd
70.1884,velocity,1785151847.692298,0.590,/vehicle/rear_bogie_velocity
70.1891,position,1785151847.692298,1.274,/vehicle/rear_bogie_velocity
70.1904,velocity,1785151847.773107,0.440,/vehicle/driver_position_cmd
70.1909,position,1785151847.773107,0.888,/vehicle/driver_position_cmd
70.2431,velocity,1785151847.823076,1.029,/vehicle/driver_position_cmd
70.2438,position,1785151847.823076,1.710,/vehicle/driver_position_cmd
70.2819,velocity,1785151847.794266,0.389,/vehicle/rear_bogie_velocity
70.2824,position,1785151847.794266,0.908,/vehicle/rear_bogie_velocity
70.2911,velocity,1785151847.873051,0.784,/vehicle/driver_position_cmd
70.2915,position,1785151847.873051,1.184,/vehicle/driver_position_cmd
70.3472,velocity,1785151847.923071,0.495,/vehicle/driver_position_cmd
70.3478,position,1785151847.923071,1.123,/vehicle/driver_position_cmd
70.3801,velocity,1785151847.888229,0.254,/vehicle/rear_bogie_velocity
70.3804,position,1785151847.888229,0.569,/vehicle/rear_bogie_velocity
70.3909,velocity,1785151847.973117,0.405,/vehicle/driver_position_cmd
70.3910,position,1785151847.973117,0.549,/vehicle/driver_position_cmd
70.4422,velocity,1785151848.023075,0.469,/vehicle/driver_position_cmd
70.4426,position,1785151848.023075,0.864,/vehicle/driver_position_cmd
70.4843,velocity,1785151848.004202,0.488,/vehicle/rear_bogie_velocity
70.4849,position,1785151848.004202,1.096,/vehicle/rear_bogie_velocity
70.4922,velocity,1785151848.073084,0.850,/vehicle/driver_position_cmd
70.4926,position,1785151848.073084,1.333,/vehicle/driver_position_cmd
70.5506,velocity,1785151848.123092,1.069,/vehicle/driver_position_cmd
70.5513,position,1785151848.123092,1.807,/vehicle/driver_position_cmd
70.5821,velocity,1785151848.100177,0.700,/vehicle/rear_bogie_velocity
70.5828,position,1785151848.100177,1.469,/vehicle/rear_bogie_velocity
70.5943,velocity,1785151848.173090,0.862,/vehicle/driver_position_cmd
70.5947,position,1785151848.173090,1.326,/vehicle/driver_position_cmd
70.6486,velocity,1785151848.223077,1.310,/vehicle/driver_position_cmd
70.6492,position,1785151848.223077,1.924,/vehicle/driver_position_cmd
70.6826,velocity,1785151848.188153,0.658,/vehicle/rear_bogie_velocity
70.6835,position,1785151848.188153,1.589,/vehicle/rear_bogie_velocity
70.6941,velocity,1785151848.273103,0.985,/vehicle/driver_position_cmd
70.6948,position,1785151848.273103,1.712,/vehicle/driver_position_cmd
70.7501,velocity,1785151848.323064,0.716,/vehicle/driver_position_cmd
70.7506,position,1785151848.323064,1.178,/vehicle/driver_position_cmd
70.7810,velocity,1785151848.294129,0.650,/vehicle/rear_bogie_velocity
70.7816,position,1785151848.294129,1.292,/vehicle/rear_bogie_velocity
70.7908,velocity,1785151848.373081,0.374,/vehicle/driver_position_cmd
70.7911,position,1785151848.373081,0.708,/vehicle/driver_position_cmd
70.8514,velocity,1785151848.423075,0.786,/vehicle/driver_position_cmd
70.8519,position,1785151848.423075,1.358,/vehicle/driver_position_cmd
70.8870,velocity,1785151848.408089,0.816,/vehicle/rear_bogie_velocity
70.8882,position,1785151848.408089,2.058,/vehicle/rear_bogie_velocity
70.8910,velocity,1785151848.473102,0.759,/vehicle/driver_position_cmd
70.8915,position,1785151848.473102,1.301,/vehicle/driver_position_cmd
70.9494,velocity,1785151848.523086,0.462,/vehicle/driver_position_cmd
70.9499,position,1785151848.523086,0.967,/vehicle/driver_position_cmd
70.9830,velocity,1785151848.546068,0.911,/vehicle/rear_bogie_velocity
70.9835,position,1785151848.546068,1.395,/vehicle/rear_bogie_velocity
70.9940,velocity,1785151848.573063,0.909,/vehicle/driver_position_cmd
70.9944,position,1785151848.573063,1.352,/vehicle/driver_position_cmd
71.0504,velocity,1785151848.623077,1.288,/vehicle/driver_position_cmd
71.0514,position,1785151848.623077,2.253,/vehicle/driver_position_cmd
71.0811,velocity,1785151848.604039,0.953,/vehicle/rear_bogie_velocity
71.0820,position,1785151848.604039,1.844,/vehicle/rear_bogie_velocity
71.0946,velocity,1785151848.673046,0.771,/vehicle/driver_position_cmd
71.0954,position,1785151848.673046,1.546,/vehicle/driver_position_cmd
71.1489,velocity,1785151848.723104,0.816,/vehicle/driver_position_cmd
71.1497,position,1785151848.723104,1.580,/vehicle/driver_position_cmd
71.1831,velocity,1785151848.696015,0.443,/vehicle/rear_bogie_velocity
71.1837,position,1785151848.696015,1.056,/vehicle/rear_bogie_velocity
71.1935,velocity,1785151848.773106,0.796,/vehicle/driver_position_cmd
71.1942,position,1785151848.773106,1.547,/vehicle/driver_position_cmd
71.2445,velocity,1785151848.823055,0.767,/vehicle/driver_position_cmd
71.2454,position,1785151848.823055,1.620,/vehicle/driver_position_cmd
71.2830,velocity,1785151848.797985,0.307,/vehicle/rear_bogie_velocity
71.2834,position,1785151848.797985,0.682,/vehicle/rear_bogie_velocity
71.2924,velocity,1785151848.873079,0.608,/vehicle/driver_position_cmd
71.2932,position,1785151848.873079,1.438,/vehicle/driver_position_cmd
71.3517,velocity,1785151848.923096,1.121,/vehicle/driver_position_cmd
71.3528,position,1785151848.923096,2.192,/vehicle/driver_position_cmd
71.3821,velocity,1785151848.897962,0.716,/vehicle/front_bogie_velocity
71.3826,position,1785151848.897962,1.227,/vehicle/front_bogie_velocity
71.3953,velocity,1785151848.973083,0.930,/vehicle/driver_position_cmd
71.3962,position,1785151848.973083,1.835,/vehicle/driver_position_cmd
71.4482,velocity,1785151849.023077,0.448,/vehicle/driver_position_cmd
71.4487,position,1785151849.023077,1.031,/vehicle/driver_position_cmd
71.4793,velocity,1785151849.007925,0.291,/vehicle/rear_bogie_velocity
71.4797,position,1785151849.007925,0.756,/vehicle/rear_bogie_velocity
71.4971,velocity,1785151849.073091,1.804,/vehicle/driver_position_cmd
71.4975,position,1785151849.073091,2.226,/vehicle/driver_position_cmd
71.5501,velocity,1785151849.123085,0.525,/vehicle/driver_position_cmd
71.5505,position,1785151849.123085,0.913,/vehicle/driver_position_cmd
71.5835,velocity,1785151849.107900,0.571,/vehicle/rear_bogie_velocity
71.5844,position,1785151849.107900,1.409,/vehicle/rear_bogie_velocity
71.5941,velocity,1785151849.173071,0.361,/vehicle/driver_position_cmd
71.5943,position,1785151849.173071,0.639,/vehicle/driver_position_cmd
71.6409,velocity,1785151849.223075,0.694,/vehicle/driver_position_cmd
71.6418,position,1785151849.223075,1.550,/vehicle/driver_position_cmd
71.6809,velocity,1785151849.199874,0.357,/vehicle/rear_bogie_velocity
71.6813,position,1785151849.199874,0.762,/vehicle/rear_bogie_velocity
71.6951,velocity,1785151849.273141,0.905,/vehicle/driver_position_cmd
71.6957,position,1785151849.273141,1.547,/vehicle/driver_position_cmd
71.7442,velocity,1785151849.323045,0.999,/vehicle/driver_position_cmd
71.7448,position,1785151849.323045,1.640,/vehicle/driver_position_cmd
71.7840,velocity,1785151849.295849,0.752,/vehicle/rear_bogie_velocity
71.7847,position,1785151849.295849,1.406,/vehicle/rear_bogie_velocity
71.7951,velocity,1785151849.373093,0.792,/vehicle/driver_position_cmd
71.7959,position,1785151849.373093,1.606,/vehicle/driver_position_cmd
71.8437,velocity,1785151849.423110,1.067,/vehicle/driver_position_cmd
71.8443,position,1785151849.423110,1.672,/vehicle/driver_position_cmd
71.8811,velocity,1785151849.405806,0.833,/vehicle/rear_bogie_velocity
71.8816,position,1785151849.405806,1.290,/vehicle/rear_bogie_velocity
71.8915,velocity,1785151849.473079,0.773,/vehicle/driver_position_cmd
71.8919,position,1785151849.473079,1.224,/vehicle/driver_position_cmd
71.9480,velocity,1785151849.523086,0.781,/vehicle/driver_position_cmd
71.9486,position,1785151849.523086,1.428,/vehicle/driver_position_cmd
71.9841,velocity,1785151849.493793,0.657,/vehicle/rear_bogie_velocity
71.9847,position,1785151849.493793,1.280,/vehicle/rear_bogie_velocity
71.9933,velocity,1785151849.573081,1.012,/vehicle/driver_position_cmd
71.9940,position,1785151849.573081,1.717,/vehicle/driver_position_cmd
72.0420,velocity,1785151849.623111,0.995,/vehicle/driver_position_cmd
72.0428,position,1785151849.623111,1.835,/vehicle/driver_position_cmd
72.0834,velocity,1785151849.597762,0.637,/vehicle/rear_bogie_velocity
72.0842,position,1785151849.597762,1.392,/vehicle/rear_bogie_velocity
72.0927,velocity,1785151849.673098,0.815,/vehicle/driver_position_cmd
72.0931,position,1785151849.673098,1.237,/vehicle/driver_position_cmd
72.1430,velocity,1785151849.723118,0.841,/vehicle/driver_position_cmd
72.1435,position,1785151849.723118,1.365,/vehicle/driver_position_cmd
72.1828,velocity,1785151849.693735,0.724,/vehicle/rear_bogie_velocity
72.1838,position,1785151849.693735,1.637,/vehicle/rear_bogie_velocity
72.1936,velocity,1785151849.773102,0.766,/vehicle/driver_position_cmd
72.1944,position,1785151849.773102,1.532,/vehicle/driver_position_cmd
72.2412,velocity,1785151849.823065,0.985,/vehicle/driver_position_cmd
72.2418,position,1785151849.823065,1.508,/vehicle/driver_position_cmd
72.2808,velocity,1785151849.799706,1.734,/vehicle/rear_bogie_velocity
72.2813,position,1785151849.799706,2.176,/vehicle/rear_bogie_velocity
72.2944,velocity,1785151849.873129,0.452,/vehicle/driver_position_cmd
72.2947,position,1785151849.873129,0.795,/vehicle/driver_position_cmd
72.3478,velocity,1785151849.923107,0.965,/vehicle/driver_position_cmd
72.3483,position,1785151849.923107,1.447,/vehicle/driver_position_cmd
72.3795,velocity,1785151849.897676,0.678,/vehicle/rear_bogie_velocity
72.3800,position,1785151849.897676,1.209,/vehicle/rear_bogie_velocity
72.3960,velocity,1785151849.973098,0.772,/vehicle/driver_position_cmd
72.3966,position,1785151849.973098,1.361,/vehicle/driver_position_cmd
72.4481,velocity,1785151850.023106,1.574,/vehicle/driver_position_cmd
72.4487,position,1785151850.023106,2.123,/vehicle/driver_position_cmd
72.4788,velocity,1785151849.999648,0.586,/vehicle/rear_bogie_velocity
72.4795,position,1785151849.999648,1.278,/vehicle/rear_bogie_velocity
72.4935,velocity,1785151850.073110,0.743,/vehicle/driver_position_cmd
72.4943,position,1785151850.073110,1.462,/vehicle/driver_position_cmd
72.5499,velocity,1785151850.123090,0.470,/vehicle/driver_position_cmd
72.5502,position,1785151850.123090,0.769,/vehicle/driver_position_cmd
72.5782,velocity,1785151850.095624,0.215,/vehicle/rear_bogie_velocity
72.5789,position,1785151850.095624,0.857,/vehicle/rear_bogie_velocity
72.6014,velocity,1785151850.173098,2.151,/vehicle/driver_position_cmd
72.6019,position,1785151850.173098,2.688,/vehicle/driver_position_cmd
72.6518,velocity,1785151850.223082,1.127,/vehicle/driver_position_cmd
72.6523,position,1785151850.223082,1.614,/vehicle/driver_position_cmd
72.6837,velocity,1785151850.197597,0.585,/vehicle/rear_bogie_velocity
72.6845,position,1785151850.197597,1.364,/vehicle/rear_bogie_velocity
72.6929,velocity,1785151850.273084,0.772,/vehicle/driver_position_cmd
72.6935,position,1785151850.273084,1.424,/vehicle/driver_position_cmd
72.7444,velocity,1785151850.323090,0.964,/vehicle/driver_position_cmd
72.7453,position,1785151850.323090,1.804,/vehicle/driver_position_cmd
72.7831,velocity,1785151850.301570,0.650,/vehicle/rear_bogie_velocity
72.7837,position,1785151850.301570,1.238,/vehicle/rear_bogie_velocity
72.7922,velocity,1785151850.373070,0.396,/vehicle/driver_position_cmd
72.7925,position,1785151850.373070,0.754,/vehicle/driver_position_cmd
72.8511,velocity,1785151850.423093,0.836,/vehicle/driver_position_cmd
72.8515,position,1785151850.423093,1.180,/vehicle/driver_position_cmd
72.8816,velocity,1785151850.407531,0.311,/vehicle/rear_bogie_velocity
72.8820,position,1785151850.407531,0.714,/vehicle/rear_bogie_velocity
72.8916,velocity,1785151850.473029,0.799,/vehicle/driver_position_cmd
72.8921,position,1785151850.473029,1.238,/vehicle/driver_position_cmd
72.9439,velocity,1785151850.523102,0.722,/vehicle/driver_position_cmd
72.9445,position,1785151850.523102,1.311,/vehicle/driver_position_cmd
72.9812,velocity,1785151850.495511,0.564,/vehicle/rear_bogie_velocity
72.9821,position,1785151850.495511,1.413,/vehicle/rear_bogie_velocity
72.9933,velocity,1785151850.573110,0.868,/vehicle/driver_position_cmd
72.9941,position,1785151850.573110,1.633,/vehicle/driver_position_cmd
73.0437,velocity,1785151850.623097,0.944,/vehicle/driver_position_cmd
73.0440,position,1785151850.623097,1.319,/vehicle/driver_position_cmd
73.0835,velocity,1785151850.597486,0.666,/vehicle/rear_bogie_velocity
73.0837,position,1785151850.597486,0.882,/vehicle/rear_bogie_velocity
73.0940,velocity,1785151850.673059,0.773,/vehicle/driver_position_cmd
73.0948,position,1785151850.673059,1.590,/vehicle/driver_position_cmd
73.1510,velocity,1785151850.723079,0.951,/vehicle/driver_position_cmd
73.1517,position,1785151850.723079,1.640,/vehicle/driver_position_cmd
73.1798,velocity,1785151850.703456,0.323,/vehicle/rear_bogie_velocity
73.1804,position,1785151850.703456,0.840,/vehicle/rear_bogie_velocity
73.1917,velocity,1785151850.773086,1.288,/vehicle/driver_position_cmd
73.1928,position,1785151850.773086,2.328,/vehicle/driver_position_cmd
73.2441,velocity,1785151850.823112,0.929,/vehicle/driver_position_cmd
73.2448,position,1785151850.823112,1.652,/vehicle/driver_position_cmd
73.2775,velocity,1785151850.797429,0.592,/vehicle/rear_bogie_velocity
73.2781,position,1785151850.797429,1.278,/vehicle/rear_bogie_velocity
73.2966,velocity,1785151850.873089,0.625,/vehicle/driver_position_cmd
73.2970,position,1785151850.873089,0.988,/vehicle/driver_position_cmd
73.3432,velocity,1785151850.923078,0.988,/vehicle/driver_position_cmd
73.3438,position,1785151850.923078,1.584,/vehicle/driver_position_cmd
73.3861,velocity,1785151850.893414,0.802,/vehicle/rear_bogie_velocity
73.3865,position,1785151850.893414,1.212,/vehicle/rear_bogie_velocity
73.3912,velocity,1785151850.973070,0.693,/vehicle/driver_position_cmd
73.3914,position,1785151850.973070,0.966,/vehicle/driver_position_cmd
73.4429,velocity,1785151851.023089,0.915,/vehicle/driver_position_cmd
73.4434,position,1785151851.023089,1.337,/vehicle/driver_position_cmd
73.4795,velocity,1785151851.003373,0.431,/vehicle/rear_bogie_velocity
73.4798,position,1785151851.003373,0.750,/vehicle/rear_bogie_velocity
73.4958,velocity,1785151851.073064,0.877,/vehicle/driver_position_cmd
73.4963,position,1785151851.073064,1.323,/vehicle/driver_position_cmd
73.5454,velocity,1785151851.123109,0.621,/vehicle/driver_position_cmd
73.5460,position,1785151851.123109,1.132,/vehicle/driver_position_cmd
73.5840,velocity,1785151851.103339,0.680,/vehicle/rear_bogie_velocity
73.5848,position,1785151851.103339,1.494,/vehicle/rear_bogie_velocity
73.5929,velocity,1785151851.173056,0.777,/vehicle/driver_position_cmd
73.5937,position,1785151851.173056,1.499,/vehicle/driver_position_cmd
73.6424,velocity,1785151851.223130,0.907,/vehicle/driver_position_cmd
73.6428,position,1785151851.223130,1.324,/vehicle/driver_position_cmd
73.6850,velocity,1785151851.199324,0.391,/vehicle/rear_bogie_velocity
73.6855,position,1785151851.199324,0.913,/vehicle/rear_bogie_velocity
73.6895,velocity,1785151851.273088,0.293,/vehicle/driver_position_cmd
73.6899,position,1785151851.273088,0.684,/vehicle/driver_position_cmd
73.7482,velocity,1785151851.323091,0.916,/vehicle/driver_position_cmd
73.7488,position,1785151851.323091,1.459,/vehicle/driver_position_cmd
73.7854,velocity,1785151851.293299,0.596,/vehicle/rear_bogie_velocity
73.7860,position,1785151851.293299,1.291,/vehicle/rear_bogie_velocity
73.7918,velocity,1785151851.373072,0.907,/vehicle/driver_position_cmd
73.7922,position,1785151851.373072,1.307,/vehicle/driver_position_cmd
73.8497,velocity,1785151851.423074,0.901,/vehicle/driver_position_cmd
73.8504,position,1785151851.423074,1.606,/vehicle/driver_position_cmd
73.8813,velocity,1785151851.399260,0.639,/vehicle/rear_bogie_velocity
73.8820,position,1785151851.399260,1.420,/vehicle/rear_bogie_velocity
73.8937,velocity,1785151851.473069,0.789,/vehicle/driver_position_cmd
73.8944,position,1785151851.473069,1.492,/vehicle/driver_position_cmd
73.9493,velocity,1785151851.523096,0.985,/vehicle/driver_position_cmd
73.9497,position,1785151851.523096,1.373,/vehicle/driver_position_cmd
73.9803,velocity,1785151851.495244,1.018,/vehicle/rear_bogie_velocity
73.9809,position,1785151851.495244,1.617,/vehicle/rear_bogie_velocity
73.9963,velocity,1785151851.573067,1.119,/vehicle/driver_position_cmd
73.9974,position,1785151851.573067,2.166,/vehicle/driver_position_cmd
74.0492,velocity,1785151851.623059,0.571,/vehicle/driver_position_cmd
74.0496,position,1785151851.623059,0.985,/vehicle/driver_position_cmd
74.0790,velocity,1785151851.595213,0.642,/vehicle/rear_bogie_velocity
74.0797,position,1785151851.595213,1.320,/vehicle/rear_bogie_velocity
74.0964,velocity,1785151851.673086,0.827,/vehicle/driver_position_cmd
74.0968,position,1785151851.673086,1.211,/vehicle/driver_position_cmd
74.1412,velocity,1785151851.723065,0.473,/vehicle/driver_position_cmd
74.1416,position,1785151851.723065,0.835,/vehicle/driver_position_cmd
74.1790,velocity,1785151851.687182,0.625,/vehicle/rear_bogie_velocity
74.1797,position,1785151851.687182,1.364,/vehicle/rear_bogie_velocity
74.1966,velocity,1785151851.773122,1.188,/vehicle/driver_position_cmd
74.1972,position,1785151851.773122,1.759,/vehicle/driver_position_cmd
74.2512,velocity,1785151851.823092,1.487,/vehicle/driver_position_cmd
74.2520,position,1785151851.823092,2.279,/vehicle/driver_position_cmd
74.2832,velocity,1785151851.793148,0.916,/vehicle/rear_bogie_velocity
74.2840,position,1785151851.793148,1.758,/vehicle/rear_bogie_velocity
74.2920,velocity,1785151851.873099,0.421,/vehicle/driver_position_cmd
74.2924,position,1785151851.873099,0.781,/vehicle/driver_position_cmd
74.3483,velocity,1785151851.923075,1.157,/vehicle/driver_position_cmd
74.3493,position,1785151851.923075,2.127,/vehicle/driver_position_cmd
74.3793,velocity,1785151851.889123,0.833,/vehicle/rear_bogie_velocity
74.3798,position,1785151851.889123,1.324,/vehicle/rear_bogie_velocity
74.3920,velocity,1785151851.973056,0.940,/vehicle/driver_position_cmd
74.3925,position,1785151851.973056,1.426,/vehicle/driver_position_cmd
74.4512,velocity,1785151852.023056,0.724,/vehicle/driver_position_cmd
74.4520,position,1785151852.023056,1.532,/vehicle/driver_position_cmd
74.4829,velocity,1785151851.995089,0.638,/vehicle/rear_bogie_velocity
74.4837,position,1785151851.995089,1.442,/vehicle/rear_bogie_velocity
74.4920,velocity,1785151852.073093,0.870,/vehicle/driver_position_cmd
74.4924,position,1785151852.073093,1.294,/vehicle/driver_position_cmd
74.5408,velocity,1785151852.123073,0.986,/vehicle/driver_position_cmd
74.5417,position,1785151852.123073,1.865,/vehicle/driver_position_cmd
74.5820,velocity,1785151852.099066,0.577,/vehicle/rear_bogie_velocity
74.5826,position,1785151852.099066,1.159,/vehicle/rear_bogie_velocity
74.5924,velocity,1785151852.173428,0.843,/vehicle/driver_position_cmd
74.5932,position,1785151852.173428,1.586,/vehicle/driver_position_cmd
74.6405,velocity,1785151852.223056,0.515,/vehicle/driver_position_cmd
74.6409,position,1785151852.223056,0.969,/vehicle/driver_position_cmd
74.6789,velocity,1785151852.187036,0.581,/vehicle/rear_bogie_velocity
74.6794,position,1785151852.187036,1.078,/vehicle/rear_bogie_velocity
74.6902,velocity,1785151852.273095,0.797,/vehicle/driver_position_cmd
74.6908,position,1785151852.273095,1.463,/vehicle/driver_position_cmd
74.7505,velocity,1785151852.323091,0.961,/vehicle/driver_position_cmd
74.7522,position,1785151852.323091,2.627,/vehicle/driver_position_cmd
74.7830,velocity,1785151852.297061,0.632,/vehicle/rear_bogie_velocity
74.7835,position,1785151852.297061,1.176,/vehicle/rear_bogie_velocity
74.7945,velocity,1785151852.373089,0.807,/vehicle/driver_position_cmd
74.7953,position,1785151852.373089,1.563,/vehicle/driver_position_cmd
74.8485,velocity,1785151852.423084,2.255,/vehicle/driver_position_cmd
74.8494,position,1785151852.423084,3.130,/vehicle/driver_position_cmd
74.8822,velocity,1785151852.404973,0.659,/vehicle/rear_bogie_velocity
74.8829,position,1785151852.404973,1.337,/vehicle/rear_bogie_velocity
74.8911,velocity,1785151852.473077,0.845,/vehicle/driver_position_cmd
74.8919,position,1785151852.473077,1.607,/vehicle/driver_position_cmd
74.9460,velocity,1785151852.523098,0.861,/vehicle/driver_position_cmd
74.9469,position,1785151852.523098,1.719,/vehicle/driver_position_cmd
74.9809,velocity,1785151852.496954,0.637,/vehicle/rear_bogie_velocity
74.9814,position,1785151852.496954,1.157,/vehicle/rear_bogie_velocity
74.9940,velocity,1785151852.573097,0.880,/vehicle/driver_position_cmd
74.9944,position,1785151852.573097,1.208,/vehicle/driver_position_cmd
75.0482,velocity,1785151852.623095,0.936,/vehicle/driver_position_cmd
75.0487,position,1785151852.623095,1.447,/vehicle/driver_position_cmd
75.0800,velocity,1785151852.600927,0.270,/vehicle/rear_bogie_velocity
75.0803,position,1785151852.600927,0.586,/vehicle/rear_bogie_velocity
75.0951,velocity,1785151852.673068,0.353,/vehicle/driver_position_cmd
75.0953,position,1785151852.673068,0.529,/vehicle/driver_position_cmd
75.1505,velocity,1785151852.723102,1.071,/vehicle/driver_position_cmd
75.1510,position,1785151852.723102,1.591,/vehicle/driver_position_cmd
75.1805,velocity,1785151852.688897,0.301,/vehicle/rear_bogie_velocity
75.1809,position,1785151852.688897,0.672,/vehicle/rear_bogie_velocity
75.1927,velocity,1785151852.773114,0.836,/vehicle/driver_position_cmd
75.1934,position,1785151852.773114,1.481,/vehicle/driver_position_cmd
75.2432,velocity,1785151852.823078,0.935,/vehicle/driver_position_cmd
75.2438,position,1785151852.823078,1.534,/vehicle/driver_position_cmd
75.2832,velocity,1785151852.802877,0.670,/vehicle/rear_bogie_velocity
75.2835,position,1785151852.802877,0.977,/vehicle/rear_bogie_velocity
75.2943,velocity,1785151852.873076,0.677,/vehicle/driver_position_cmd
75.2949,position,1785151852.873076,1.284,/vehicle/driver_position_cmd
75.3415,velocity,1785151852.923071,0.650,/vehicle/driver_position_cmd
75.3421,position,1785151852.923071,1.235,/vehicle/driver_position_cmd
75.3780,velocity,1785151852.890844,0.448,/vehicle/rear_bogie_velocity
75.3784,position,1785151852.890844,0.854,/vehicle/rear_bogie_velocity
75.3980,velocity,1785151852.973106,1.753,/vehicle/driver_position_cmd
75.3988,position,1785151852.973106,2.517,/vehicle/driver_position_cmd
75.4484,velocity,1785151853.023094,1.415,/vehicle/driver_position_cmd
75.4491,position,1785151853.023094,2.050,/vehicle/driver_position_cmd
75.4817,velocity,1785151853.002819,0.821,/vehicle/rear_bogie_velocity
75.4826,position,1785151853.002819,1.635,/vehicle/rear_bogie_velocity
75.4912,velocity,1785151853.073094,0.839,/vehicle/driver_position_cmd
75.4919,position,1785151853.073094,1.577,/vehicle/driver_position_cmd
75.5467,velocity,1785151853.123088,0.757,/vehicle/driver_position_cmd
75.5478,position,1785151853.123088,1.790,/vehicle/driver_position_cmd
75.5828,velocity,1785151853.098780,0.385,/vehicle/rear_bogie_velocity
75.5833,position,1785151853.098780,0.920,/vehicle/rear_bogie_velocity
75.5932,velocity,1785151853.173098,0.452,/vehicle/driver_position_cmd
75.5936,position,1785151853.173098,0.852,/vehicle/driver_position_cmd
75.6443,velocity,1785151853.223073,0.990,/vehicle/driver_position_cmd
75.6450,position,1785151853.223073,1.675,/vehicle/driver_position_cmd
75.6823,velocity,1785151853.194761,0.300,/vehicle/rear_bogie_velocity
75.6827,position,1785151853.194761,0.690,/vehicle/rear_bogie_velocity
75.6909,velocity,1785151853.273098,0.820,/vehicle/driver_position_cmd
75.6917,position,1785151853.273098,1.604,/vehicle/driver_position_cmd
75.7476,velocity,1785151853.323106,0.641,/vehicle/driver_position_cmd
75.7481,position,1785151853.323106,1.101,/vehicle/driver_position_cmd
75.7807,velocity,1785151853.294729,0.601,/vehicle/rear_bogie_velocity
75.7812,position,1785151853.294729,1.084,/vehicle/rear_bogie_velocity
75.7934,velocity,1785151853.373111,0.752,/vehicle/driver_position_cmd
75.7941,position,1785151853.373111,1.472,/vehicle/driver_position_cmd
75.8509,velocity,1785151853.423072,1.023,/vehicle/driver_position_cmd
75.8518,position,1785151853.423072,1.898,/vehicle/driver_position_cmd
75.8816,velocity,1785151853.406701,0.609,/vehicle/rear_bogie_velocity
75.8825,position,1785151853.406701,1.494,/vehicle/rear_bogie_velocity
75.8926,velocity,1785151853.473072,0.797,/vehicle/driver_position_cmd
75.8930,position,1785151853.473072,1.251,/vehicle/driver_position_cmd
75.9494,velocity,1785151853.523095,0.457,/vehicle/driver_position_cmd
75.9498,position,1785151853.523095,0.881,/vehicle/driver_position_cmd
75.9809,velocity,1785151853.500669,0.925,/vehicle/rear_bogie_velocity
75.9812,position,1785151853.500669,1.198,/vehicle/rear_bogie_velocity
75.9940,velocity,1785151853.573069,0.632,/vehicle/driver_position_cmd
75.9945,position,1785151853.573069,1.130,/vehicle/driver_position_cmd
76.0434,velocity,1785151853.623107,0.936,/vehicle/driver_position_cmd
76.0443,position,1785151853.623107,1.817,/vehicle/driver_position_cmd
76.0805,velocity,1785151853.588644,0.509,/vehicle/rear_bogie_velocity
76.0809,position,1785151853.588644,0.893,/vehicle/rear_bogie_velocity
76.0918,velocity,1785151853.673054,0.904,/vehicle/driver_position_cmd
76.0922,position,1785151853.673054,1.302,/vehicle/driver_position_cmd
76.1472,velocity,1785151853.723089,0.753,/vehicle/driver_position_cmd
76.1478,position,1785151853.723089,1.388,/vehicle/driver_position_cmd
76.1792,velocity,1785151853.688616,0.690,/vehicle/rear_bogie_velocity
76.1799,position,1785151853.688616,1.349,/vehicle/rear_bogie_velocity
76.1932,velocity,1785151853.773089,0.527,/vehicle/driver_position_cmd
76.1937,position,1785151853.773089,1.026,/vehicle/driver_position_cmd
76.2503,velocity,1785151853.823090,1.153,/vehicle/driver_position_cmd
76.2512,position,1785151853.823090,2.067,/vehicle/driver_position_cmd
76.2773,velocity,1785151853.792588,0.510,/vehicle/rear_bogie_velocity
76.2780,position,1785151853.792588,1.162,/vehicle/rear_bogie_velocity
76.2930,velocity,1785151853.873055,1.047,/vehicle/driver_position_cmd
76.2938,position,1785151853.873055,1.776,/vehicle/driver_position_cmd
76.3436,velocity,1785151853.923115,0.975,/vehicle/driver_position_cmd
76.3444,position,1785151853.923115,1.821,/vehicle/driver_position_cmd
76.3817,velocity,1785151853.890565,0.316,/vehicle/rear_bogie_velocity
76.3820,position,1785151853.890565,0.682,/vehicle/rear_bogie_velocity
76.3917,velocity,1785151853.973095,0.848,/vehicle/driver_position_cmd
76.3925,position,1785151853.973095,1.628,/vehicle/driver_position_cmd
76.4492,velocity,1785151854.023106,0.864,/vehicle/driver_position_cmd
76.4498,position,1785151854.023106,1.487,/vehicle/driver_position_cmd
76.4834,velocity,1785151853.996530,0.377,/vehicle/rear_bogie_velocity
76.4838,position,1785151853.996530,0.766,/vehicle/rear_bogie_velocity
76.4923,velocity,1785151854.073092,0.757,/vehicle/driver_position_cmd
76.4927,position,1785151854.073092,1.151,/vehicle/driver_position_cmd
76.5419,velocity,1785151854.123099,0.630,/vehicle/driver_position_cmd
76.5424,position,1785151854.123099,1.106,/vehicle/driver_position_cmd
76.5798,velocity,1785151854.104514,0.661,/vehicle/rear_bogie_velocity
76.5805,position,1785151854.104514,1.410,/vehicle/rear_bogie_velocity
76.5928,velocity,1785151854.173096,0.434,/vehicle/driver_position_cmd
76.5934,position,1785151854.173096,0.999,/vehicle/driver_position_cmd
76.6476,velocity,1785151854.223074,1.721,/vehicle/driver_position_cmd
76.6480,position,1785151854.223074,2.161,/vehicle/driver_position_cmd
76.6793,velocity,1785151854.186481,0.579,/vehicle/rear_bogie_velocity
76.6802,position,1785151854.186481,1.480,/vehicle/rear_bogie_velocity
76.6939,velocity,1785151854.273075,0.526,/vehicle/driver_position_cmd
76.6943,position,1785151854.273075,0.944,/vehicle/driver_position_cmd
76.7424,velocity,1785151854.323116,0.350,/vehicle/driver_position_cmd
76.7428,position,1785151854.323116,0.747,/vehicle/driver_position_cmd
76.7791,velocity,1785151854.294456,1.323,/vehicle/rear_bogie_velocity
76.7800,position,1785151854.294456,2.216,/vehicle/rear_bogie_velocity
76.7920,velocity,1785151854.373085,0.863,/vehicle/driver_position_cmd
76.7928,position,1785151854.373085,1.687,/vehicle/driver_position_cmd
76.8433,velocity,1785151854.423097,0.994,/vehicle/driver_position_cmd
76.8444,position,1785151854.423097,2.052,/vehicle/driver_position_cmd
76.8852,velocity,1785151854.404432,0.675,/vehicle/rear_bogie_velocity
76.8861,position,1785151854.404432,1.537,/vehicle/rear_bogie_velocity
76.8922,velocity,1785151854.473082,0.793,/vehicle/driver_position_cmd
76.8929,position,1785151854.473082,1.537,/vehicle/driver_position_cmd
76.9423,velocity,1785151854.523096,0.451,/vehicle/driver_position_cmd
76.9427,position,1785151854.523096,0.848,/vehicle/driver_position_cmd
76.9808,velocity,1785151854.492394,0.460,/vehicle/rear_bogie_velocity
76.9812,position,1785151854.492394,0.832,/vehicle/rear_bogie_velocity
76.9923,velocity,1785151854.573087,0.367,/vehicle/driver_position_cmd
76.9927,position,1785151854.573087,0.702,/vehicle/driver_position_cmd
77.0425,velocity,1785151854.623095,0.664,/vehicle/driver_position_cmd
77.0434,position,1785151854.623095,1.517,/vehicle/driver_position_cmd
77.0812,velocity,1785151854.596373,0.425,/vehicle/rear_bogie_velocity
77.0815,position,1785151854.596373,0.771,/vehicle/rear_bogie_velocity
77.0934,velocity,1785151854.673067,1.210,/vehicle/driver_position_cmd
77.0943,position,1785151854.673067,2.097,/vehicle/driver_position_cmd
77.1433,velocity,1785151854.723113,0.983,/vehicle/driver_position_cmd
77.1445,position,1785151854.723113,2.161,/vehicle/driver_position_cmd
77.1790,velocity,1785151854.698348,0.633,/vehicle/rear_bogie_velocity
77.1795,position,1785151854.698348,1.191,/vehicle/rear_bogie_velocity
77.1927,velocity,1785151854.773091,0.758,/vehicle/driver_position_cmd
77.1933,position,1785151854.773091,1.423,/vehicle/driver_position_cmd
77.2424,velocity,1785151854.823143,1.122,/vehicle/driver_position_cmd
77.2432,position,1785151854.823143,1.896,/vehicle/driver_position_cmd
77.2804,velocity,1785151854.794314,0.964,/vehicle/rear_bogie_velocity
77.2813,position,1785151854.794314,1.910,/vehicle/rear_bogie_velocity
77.2933,velocity,1785151854.873086,0.454,/vehicle/driver_position_cmd
77.2937,position,1785151854.873086,0.821,/vehicle/driver_position_cmd
77.3499,velocity,1785151854.923068,0.554,/vehicle/driver_position_cmd
77.3503,position,1785151854.923068,0.980,/vehicle/driver_position_cmd
77.3818,velocity,1785151854.894284,1.125,/vehicle/rear_bogie_velocity
77.3825,position,1785151854.894284,1.845,/vehicle/rear_bogie_velocity
77.3915,velocity,1785151854.973092,0.701,/vehicle/driver_position_cmd
77.3922,position,1785151854.973092,1.419,/vehicle/driver_position_cmd
77.4504,velocity,1785151855.023128,0.677,/vehicle/driver_position_cmd
77.4510,position,1785151855.023128,1.227,/vehicle/driver_position_cmd
77.4793,velocity,1785151855.000263,0.315,/vehicle/rear_bogie_velocity
77.4797,position,1785151855.000263,0.732,/vehicle/rear_bogie_velocity
77.4956,velocity,1785151855.073119,1.254,/vehicle/driver_position_cmd
77.4963,position,1785151855.073119,1.928,/vehicle/driver_position_cmd
77.5507,velocity,1785151855.123092,1.225,/vehicle/driver_position_cmd
77.5518,position,1785151855.123092,2.263,/vehicle/driver_position_cmd
77.5915,velocity,1785151855.096234,0.756,/vehicle/rear_bogie_velocity
77.5921,position,1785151855.096234,1.268,/vehicle/rear_bogie_velocity
77.5926,velocity,1785151855.173156,1.616,/vehicle/driver_position_cmd
77.5929,position,1785151855.173156,1.986,/vehicle/driver_position_cmd
77.6474,velocity,1785151855.223063,0.426,/vehicle/driver_position_cmd
77.6478,position,1785151855.223063,0.818,/vehicle/driver_position_cmd
77.6808,velocity,1785151855.198204,0.401,/vehicle/rear_bogie_velocity
77.6814,position,1785151855.198204,0.932,/vehicle/rear_bogie_velocity
77.6955,velocity,1785151855.273091,0.833,/vehicle/driver_position_cmd
77.6959,position,1785151855.273091,1.232,/vehicle/driver_position_cmd
77.7455,velocity,1785151855.323120,0.538,/vehicle/driver_position_cmd
77.7460,position,1785151855.323120,1.071,/vehicle/driver_position_cmd
77.7789,velocity,1785151855.294180,0.357,/vehicle/rear_bogie_velocity
77.7793,position,1785151855.294180,0.763,/vehicle/rear_bogie_velocity
77.7968,velocity,1785151855.373091,0.661,/vehicle/driver_position_cmd
77.7973,position,1785151855.373091,1.148,/vehicle/driver_position_cmd
77.8492,velocity,1785151855.423112,1.003,/vehicle/driver_position_cmd
77.8502,position,1785151855.423112,1.934,/vehicle/driver_position_cmd
77.8833,velocity,1785151855.406144,0.753,/vehicle/rear_bogie_velocity
77.8842,position,1785151855.406144,1.653,/vehicle/rear_bogie_velocity
77.8918,velocity,1785151855.473096,0.270,/vehicle/driver_position_cmd
77.8921,position,1785151855.473096,0.526,/vehicle/driver_position_cmd
77.9469,velocity,1785151855.523100,0.478,/vehicle/driver_position_cmd
77.9473,position,1785151855.523100,0.845,/vehicle/driver_position_cmd
77.9851,velocity,1785151855.490122,0.606,/vehicle/rear_bogie_velocity
77.9858,position,1785151855.490122,1.370,/vehicle/rear_bogie_velocity
77.9904,velocity,1785151855.573088,0.455,/vehicle/driver_position_cmd
77.9909,position,1785151855.573088,0.957,/vehicle/driver_position_cmd
78.0440,velocity,1785151855.623106,0.919,/vehicle/driver_position_cmd
78.0444,position,1785151855.623106,1.382,/vehicle/driver_position_cmd
78.0792,velocity,1785151855.600093,0.406,/vehicle/rear_bogie_velocity
78.0800,position,1785151855.600093,1.209,/vehicle/rear_bogie_velocity
78.0945,velocity,1785151855.673105,0.710,/vehicle/driver_position_cmd
78.0952,position,1785151855.673105,1.448,/vehicle/driver_position_cmd
78.1517,velocity,1785151855.723098,1.122,/vehicle/driver_position_cmd
78.1526,position,1785151855.723098,1.951,/vehicle/driver_position_cmd
78.1789,velocity,1785151855.696066,0.624,/vehicle/rear_bogie_velocity
78.1795,position,1785151855.696066,1.244,/vehicle/rear_bogie_velocity
78.1961,velocity,1785151855.773095,0.824,/vehicle/driver_position_cmd
78.1963,position,1785151855.773095,1.111,/vehicle/driver_position_cmd
78.2506,velocity,1785151855.823121,1.061,/vehicle/driver_position_cmd
78.2514,position,1785151855.823121,1.903,/vehicle/driver_position_cmd
78.2801,velocity,1785151855.796033,0.498,/vehicle/rear_bogie_velocity
78.2807,position,1785151855.796033,1.172,/vehicle/rear_bogie_velocity
78.2905,velocity,1785151855.873077,0.783,/vehicle/driver_position_cmd
78.2909,position,1785151855.873077,1.236,/vehicle/driver_position_cmd
78.3439,velocity,1785151855.923092,0.958,/vehicle/driver_position_cmd
78.3445,position,1785151855.923092,1.542,/vehicle/driver_position_cmd
78.3834,velocity,1785151855.898005,0.598,/vehicle/rear_bogie_velocity
78.3841,position,1785151855.898005,1.344,/vehicle/rear_bogie_velocity
78.3928,velocity,1785151855.973106,0.313,/vehicle/driver_position_cmd
78.3934,position,1785151855.973106,0.867,/vehicle/driver_position_cmd
78.4491,velocity,1785151856.023074,0.593,/vehicle/driver_position_cmd
78.4497,position,1785151856.023074,1.208,/vehicle/driver_position_cmd
78.4834,velocity,1785151855.995991,0.325,/vehicle/rear_bogie_velocity
78.4842,position,1785151855.995991,1.076,/vehicle/rear_bogie_velocity
78.4927,velocity,1785151856.073096,0.825,/vehicle/driver_position_cmd
78.4931,position,1785151856.073096,1.232,/vehicle/driver_position_cmd
78.5428,velocity,1785151856.123073,0.942,/vehicle/driver_position_cmd
78.5435,position,1785151856.123073,1.594,/vehicle/driver_position_cmd
78.5814,velocity,1785151856.087954,0.486,/vehicle/rear_bogie_velocity
78.5823,position,1785151856.087954,1.347,/vehicle/rear_bogie_velocity
78.5924,velocity,1785151856.173117,0.773,/vehicle/driver_position_cmd
78.5931,position,1785151856.173117,1.494,/vehicle/driver_position_cmd
78.6479,velocity,1785151856.223075,1.561,/vehicle/driver_position_cmd
78.6488,position,1785151856.223075,2.415,/vehicle/driver_position_cmd
78.6850,velocity,1785151856.197925,0.681,/vehicle/rear_bogie_velocity
78.6858,position,1785151856.197925,1.475,/vehicle/rear_bogie_velocity
78.6932,velocity,1785151856.273114,0.846,/vehicle/driver_position_cmd
78.6939,position,1785151856.273114,1.591,/vehicle/driver_position_cmd
78.7507,velocity,1785151856.323126,1.456,/vehicle/driver_position_cmd
78.7514,position,1785151856.323126,2.144,/vehicle/driver_position_cmd
78.7784,velocity,1785151856.291907,0.482,/vehicle/rear_bogie_velocity
78.7794,position,1785151856.291907,1.560,/vehicle/rear_bogie_velocity
78.7927,velocity,1785151856.373092,0.909,/vehicle/driver_position_cmd
78.7934,position,1785151856.373092,1.659,/vehicle/driver_position_cmd
78.8507,velocity,1785151856.423082,1.153,/vehicle/driver_position_cmd
78.8521,position,1785151856.423082,2.580,/vehicle/driver_position_cmd
78.8804,velocity,1785151856.405863,0.447,/vehicle/rear_bogie_velocity
78.8814,position,1785151856.405863,1.448,/vehicle/rear_bogie_velocity
78.8916,velocity,1785151856.473101,0.601,/vehicle/driver_position_cmd
78.8927,position,1785151856.473101,1.713,/vehicle/driver_position_cmd
78.9503,velocity,1785151856.523083,0.326,/vehicle/driver_position_cmd
78.9506,position,1785151856.523083,0.618,/vehicle/driver_position_cmd
78.9775,velocity,1785151856.509838,0.522,/vehicle/rear_bogie_velocity
78.9783,position,1785151856.509838,1.302,/vehicle/rear_bogie_velocity
78.9919,velocity,1785151856.573098,0.842,/vehicle/driver_position_cmd
78.9925,position,1785151856.573098,1.444,/vehicle/driver_position_cmd
79.0468,velocity,1785151856.623072,0.385,/vehicle/driver_position_cmd
79.0471,position,1785151856.623072,0.698,/vehicle/driver_position_cmd
79.0814,velocity,1785151856.599814,0.559,/vehicle/rear_bogie_velocity
79.0821,position,1785151856.599814,1.319,/vehicle/rear_bogie_velocity
79.0929,velocity,1785151856.673082,0.875,/vehicle/driver_position_cmd
79.0933,position,1785151856.673082,1.303,/vehicle/driver_position_cmd
79.1414,velocity,1785151856.723097,1.011,/vehicle/driver_position_cmd
79.1422,position,1785151856.723097,1.860,/vehicle/driver_position_cmd
79.1844,velocity,1785151856.689785,0.572,/vehicle/rear_bogie_velocity
79.1853,position,1785151856.689785,1.441,/vehicle/rear_bogie_velocity
79.1913,velocity,1785151856.773100,0.923,/vehicle/driver_position_cmd
79.1922,position,1785151856.773100,1.727,/vehicle/driver_position_cmd
79.2434,velocity,1785151856.823065,0.883,/vehicle/driver_position_cmd
79.2440,position,1785151856.823065,1.493,/vehicle/driver_position_cmd
79.2777,velocity,1785151856.791764,0.353,/vehicle/rear_bogie_velocity
79.2780,position,1785151856.791764,0.657,/vehicle/rear_bogie_velocity
79.2909,velocity,1785151856.873095,0.605,/vehicle/driver_position_cmd
79.2912,position,1785151856.873095,0.979,/vehicle/driver_position_cmd
79.3469,velocity,1785151856.923064,0.424,/vehicle/driver_position_cmd
79.3470,position,1785151856.923064,0.572,/vehicle/driver_position_cmd
79.3797,velocity,1785151856.887730,0.227,/vehicle/rear_bogie_velocity
79.3799,position,1785151856.887730,0.452,/vehicle/rear_bogie_velocity
79.3928,velocity,1785151856.973089,0.422,/vehicle/driver_position_cmd
79.3931,position,1785151856.973089,0.684,/vehicle/driver_position_cmd
79.4515,velocity,1785151857.023100,0.957,/vehicle/driver_position_cmd
79.4523,position,1785151857.023100,1.732,/vehicle/driver_position_cmd
79.4775,velocity,1785151856.997699,0.747,/vehicle/rear_bogie_velocity
79.4779,position,1785151856.997699,1.090,/vehicle/rear_bogie_velocity
79.4942,velocity,1785151857.073079,0.872,/vehicle/driver_position_cmd
79.4947,position,1785151857.073079,1.343,/vehicle/driver_position_cmd
79.5501,velocity,1785151857.123103,0.957,/vehicle/driver_position_cmd
79.5510,position,1785151857.123103,1.839,/vehicle/driver_position_cmd
79.5802,velocity,1785151857.101673,1.150,/vehicle/rear_bogie_velocity
79.5809,position,1785151857.101673,1.856,/vehicle/rear_bogie_velocity
79.5905,velocity,1785151857.173098,0.851,/vehicle/driver_position_cmd
79.5925,position,1785151857.173098,2.861,/vehicle/driver_position_cmd
79.6429,velocity,1785151857.223079,1.008,/vehicle/driver_position_cmd
79.6438,position,1785151857.223079,1.886,/vehicle/driver_position_cmd
79.6819,velocity,1785151857.201649,0.448,/vehicle/rear_bogie_velocity
79.6824,position,1785151857.201649,0.960,/vehicle/rear_bogie_velocity
79.6921,velocity,1785151857.273099,0.850,/vehicle/driver_position_cmd
79.6925,position,1785151857.273099,1.298,/vehicle/driver_position_cmd
79.7432,velocity,1785151857.323081,0.904,/vehicle/driver_position_cmd
79.7437,position,1785151857.323081,1.391,/vehicle/driver_position_cmd
79.7809,velocity,1785151857.295623,1.552,/vehicle/rear_bogie_velocity
79.7813,position,1785151857.295623,1.937,/vehicle/rear_bogie_velocity
79.7940,velocity,1785151857.373073,0.942,/vehicle/driver_position_cmd
79.7949,position,1785151857.373073,1.819,/vehicle/driver_position_cmd
79.8508,velocity,1785151857.423118,0.687,/vehicle/driver_position_cmd
79.8516,position,1785151857.423118,1.456,/vehicle/driver_position_cmd
79.8789,velocity,1785151857.411810,0.762,/vehicle/rear_bogie_velocity
79.8792,position,1785151857.411810,1.125,/vehicle/rear_bogie_velocity
79.8923,velocity,1785151857.473098,0.915,/vehicle/driver_position_cmd
79.8928,position,1785151857.473098,1.391,/vehicle/driver_position_cmd
79.9508,velocity,1785151857.523089,0.566,/vehicle/driver_position_cmd
79.9513,position,1785151857.523089,1.004,/vehicle/driver_position_cmd
79.9812,velocity,1785151857.501562,1.133,/vehicle/rear_bogie_velocity
79.9818,position,1785151857.501562,1.780,/vehicle/rear_bogie_velocity
79.9947,velocity,1785151857.573103,0.667,/vehicle/driver_position_cmd
79.9954,position,1785151857.573103,1.410,/vehicle/driver_position_cmd
80.0481,velocity,1785151857.623110,1.211,/vehicle/driver_position_cmd
80.0487,position,1785151857.623110,1.836,/vehicle/driver_position_cmd
80.0815,velocity,1785151857.611722,0.915,/vehicle/rear_bogie_velocity
80.0822,position,1785151857.611722,1.622,/vehicle/rear_bogie_velocity
80.0923,velocity,1785151857.673099,0.867,/vehicle/driver_position_cmd
80.0928,position,1785151857.673099,1.340,/vehicle/driver_position_cmd
80.1508,velocity,1785151857.723106,0.697,/vehicle/driver_position_cmd
80.1512,position,1785151857.723106,1.138,/vehicle/driver_position_cmd
80.1831,velocity,1785151857.707503,0.786,/vehicle/rear_bogie_velocity
80.1841,position,1785151857.707503,1.718,/vehicle/rear_bogie_velocity
80.1907,velocity,1785151857.773102,0.797,/vehicle/driver_position_cmd
80.1915,position,1785151857.773102,1.602,/vehicle/driver_position_cmd
80.2474,velocity,1785151857.823093,0.839,/vehicle/driver_position_cmd
80.2479,position,1785151857.823093,1.356,/vehicle/driver_position_cmd
80.2815,velocity,1785151857.813586,0.613,/vehicle/rear_bogie_velocity
80.2822,position,1785151857.813586,1.243,/vehicle/rear_bogie_velocity
80.2916,velocity,1785151857.873103,0.724,/vehicle/driver_position_cmd
80.2923,position,1785151857.873103,1.343,/vehicle/driver_position_cmd
80.3440,velocity,1785151857.923104,0.562,/vehicle/driver_position_cmd
80.3443,position,1785151857.923104,0.909,/vehicle/driver_position_cmd
80.3804,velocity,1785151857.887468,0.564,/vehicle/rear_bogie_velocity
80.3809,position,1785151857.887468,1.103,/vehicle/rear_bogie_velocity
80.3925,velocity,1785151857.973088,0.368,/vehicle/driver_position_cmd
80.3929,position,1785151857.973088,0.724,/vehicle/driver_position_cmd
80.4431,velocity,1785151858.023063,0.671,/vehicle/driver_position_cmd
80.4435,position,1785151858.023063,1.094,/vehicle/driver_position_cmd
80.4896,velocity,1785151857.999425,1.357,/vehicle/rear_bogie_velocity
80.4903,position,1785151857.999425,2.059,/vehicle/rear_bogie_velocity
80.4906,velocity,1785151858.073088,0.740,/vehicle/driver_position_cmd
80.4908,position,1785151858.073088,0.920,/vehicle/driver_position_cmd
80.5500,velocity,1785151858.123074,0.785,/vehicle/driver_position_cmd
80.5511,position,1785151858.123074,1.941,/vehicle/driver_position_cmd
80.5798,velocity,1785151858.097396,0.298,/vehicle/rear_bogie_velocity
80.5801,position,1785151858.097396,0.640,/vehicle/rear_bogie_velocity
80.5927,velocity,1785151858.173083,0.783,/vehicle/driver_position_cmd
80.5934,position,1785151858.173083,1.485,/vehicle/driver_position_cmd
80.6515,velocity,1785151858.223081,0.979,/vehicle/driver_position_cmd
80.6523,position,1785151858.223081,1.836,/vehicle/driver_position_cmd
80.6807,velocity,1785151858.199371,0.617,/vehicle/rear_bogie_velocity
80.6812,position,1785151858.199371,1.152,/vehicle/rear_bogie_velocity
80.6935,velocity,1785151858.273111,0.783,/vehicle/driver_position_cmd
80.6942,position,1785151858.273111,1.532,/vehicle/driver_position_cmd
80.7509,velocity,1785151858.323079,1.076,/vehicle/driver_position_cmd
80.7519,position,1785151858.323079,2.065,/vehicle/driver_position_cmd
80.7808,velocity,1785151858.297336,1.336,/vehicle/rear_bogie_velocity
80.7816,position,1785151858.297336,2.085,/vehicle/rear_bogie_velocity
80.7954,velocity,1785151858.373091,0.853,/vehicle/driver_position_cmd
80.7962,position,1785151858.373091,1.664,/vehicle/driver_position_cmd
80.8508,velocity,1785151858.423061,0.537,/vehicle/driver_position_cmd
80.8512,position,1785151858.423061,0.974,/vehicle/driver_position_cmd
80.8787,velocity,1785151858.409309,0.615,/vehicle/rear_bogie_velocity
80.8793,position,1785151858.409309,1.207,/vehicle/rear_bogie_velocity
80.8948,velocity,1785151858.473074,0.840,/vehicle/driver_position_cmd
80.8955,position,1785151858.473074,1.515,/vehicle/driver_position_cmd
80.9518,velocity,1785151858.523094,0.529,/vehicle/driver_position_cmd
80.9524,position,1785151858.523094,1.163,/vehicle/driver_position_cmd
80.9834,velocity,1785151858.499287,0.624,/vehicle/rear_bogie_velocity
80.9842,position,1785151858.499287,1.488,/vehicle/rear_bogie_velocity
80.9925,velocity,1785151858.573085,0.757,/vehicle/driver_position_cmd
80.9932,position,1785151858.573085,1.477,/vehicle/driver_position_cmd
81.0501,velocity,1785151858.623058,0.602,/vehicle/driver_position_cmd
81.0505,position,1785151858.623058,1.081,/vehicle/driver_position_cmd
81.0790,velocity,1785151858.607249,0.616,/vehicle/rear_bogie_velocity
81.0799,position,1785151858.607249,1.565,/vehicle/rear_bogie_velocity
81.0909,velocity,1785151858.673072,0.893,/vehicle/driver_position_cmd
81.0915,position,1785151858.673072,1.522,/vehicle/driver_position_cmd
81.1467,velocity,1785151858.723122,1.261,/vehicle/driver_position_cmd
81.1479,position,1785151858.723122,2.417,/vehicle/driver_position_cmd
81.1848,velocity,1785151858.687227,0.470,/vehicle/rear_bogie_velocity
81.1852,position,1785151858.687227,0.890,/vehicle/rear_bogie_velocity
81.1910,velocity,1785151858.773063,0.591,/vehicle/driver_position_cmd
81.1915,position,1785151858.773063,1.063,/vehicle/driver_position_cmd
81.2507,velocity,1785151858.823078,0.958,/vehicle/driver_position_cmd
81.2516,position,1785151858.823078,1.805,/vehicle/driver_position_cmd
81.2784,velocity,1785151858.791206,0.493,/vehicle/rear_bogie_velocity
81.2789,position,1785151858.791206,1.010,/vehicle/rear_bogie_velocity
81.2908,velocity,1785151858.873103,0.470,/vehicle/driver_position_cmd
81.2912,position,1785151858.873103,0.867,/vehicle/driver_position_cmd
81.3453,velocity,1785151858.923104,5.105,/vehicle/driver_position_cmd
81.3456,position,1785151858.923104,5.329,/vehicle/driver_position_cmd
81.3796,velocity,1785151858.889173,0.178,/vehicle/rear_bogie_velocity
81.3799,position,1785151858.889173,0.402,/vehicle/rear_bogie_velocity
81.3919,velocity,1785151858.973113,0.224,/vehicle/driver_position_cmd
81.3921,position,1785151858.973113,0.408,/vehicle/driver_position_cmd
81.4461,velocity,1785151859.023088,0.204,/vehicle/driver_position_cmd
81.4464,position,1785151859.023088,0.450,/vehicle/driver_position_cmd
81.4831,velocity,1785151858.987147,0.366,/vehicle/rear_bogie_velocity
81.4835,position,1785151858.987147,0.731,/vehicle/rear_bogie_velocity
81.4910,velocity,1785151859.073115,0.488,/vehicle/driver_position_cmd
81.4915,position,1785151859.073115,1.045,/vehicle/driver_position_cmd
81.5497,velocity,1785151859.123088,0.996,/vehicle/driver_position_cmd
81.5505,position,1785151859.123088,1.802,/vehicle/driver_position_cmd
81.5789,velocity,1785151859.093121,0.644,/vehicle/rear_bogie_velocity
81.5796,position,1785151859.093121,1.342,/vehicle/rear_bogie_velocity
81.5940,velocity,1785151859.173107,0.973,/vehicle/driver_position_cmd
81.5948,position,1785151859.173107,1.843,/vehicle/driver_position_cmd
81.6512,velocity,1785151859.223081,1.140,/vehicle/driver_position_cmd
81.6519,position,1785151859.223081,1.839,/vehicle/driver_position_cmd
81.6821,velocity,1785151859.195089,0.495,/vehicle/rear_bogie_velocity
81.6826,position,1785151859.195089,0.942,/vehicle/rear_bogie_velocity
81.6946,velocity,1785151859.273111,0.955,/vehicle/driver_position_cmd
81.6952,position,1785151859.273111,1.573,/vehicle/driver_position_cmd
81.7477,velocity,1785151859.323133,1.562,/vehicle/driver_position_cmd
81.7483,position,1785151859.323133,2.158,/vehicle/driver_position_cmd
81.7842,velocity,1785151859.297084,0.543,/vehicle/rear_bogie_velocity
81.7849,position,1785151859.297084,1.237,/vehicle/rear_bogie_velocity
81.7917,velocity,1785151859.373112,0.826,/vehicle/driver_position_cmd
81.7941,position,1785151859.373112,3.246,/vehicle/driver_position_cmd
81.8486,velocity,1785151859.423091,1.739,/vehicle/driver_position_cmd
81.8496,position,1785151859.423091,2.687,/vehicle/driver_position_cmd
81.8817,velocity,1785151859.407048,0.509,/vehicle/rear_bogie_velocity
81.8822,position,1785151859.407048,0.999,/vehicle/rear_bogie_velocity
81.8925,velocity,1785151859.473102,0.645,/vehicle/driver_position_cmd
81.8929,position,1785151859.473102,1.106,/vehicle/driver_position_cmd
81.9527,velocity,1785151859.523106,0.867,/vehicle/driver_position_cmd
81.9533,position,1785151859.523106,1.502,/vehicle/driver_position_cmd
81.9803,velocity,1785151859.507005,0.395,/vehicle/rear_bogie_velocity
81.9808,position,1785151859.507005,0.879,/vehicle/rear_bogie_velocity
81.9924,velocity,1785151859.573076,0.875,/vehicle/driver_position_cmd
81.9928,position,1785151859.573076,1.338,/vehicle/driver_position_cmd
82.0497,velocity,1785151859.623088,0.434,/vehicle/driver_position_cmd
82.0500,position,1785151859.623088,0.797,/vehicle/driver_position_cmd
82.0820,velocity,1785151859.596980,0.540,/vehicle/rear_bogie_velocity
82.0828,position,1785151859.596980,1.370,/vehicle/rear_bogie_velocity
82.0910,velocity,1785151859.673073,0.472,/vehicle/driver_position_cmd
82.0917,position,1785151859.673073,1.219,/vehicle/driver_position_cmd
82.1507,velocity,1785151859.723067,1.000,/vehicle/driver_position_cmd
82.1516,position,1785151859.723067,1.857,/vehicle/driver_position_cmd
82.1816,velocity,1785151859.690952,0.706,/vehicle/rear_bogie_velocity
82.1825,position,1785151859.690952,1.594,/vehicle/rear_bogie_velocity
82.1944,velocity,1785151859.773091,0.480,/vehicle/driver_position_cmd
82.1971,position,1785151859.773091,3.170,/vehicle/driver_position_cmd
82.2453,velocity,1785151859.823063,0.942,/vehicle/driver_position_cmd
82.2457,position,1785151859.823063,1.322,/vehicle/driver_position_cmd
82.2789,velocity,1785151859.800917,1.383,/vehicle/rear_bogie_velocity
82.2796,position,1785151859.800917,2.048,/vehicle/rear_bogie_velocity
82.2934,velocity,1785151859.873081,0.415,/vehicle/driver_position_cmd
82.2938,position,1785151859.873081,0.839,/vehicle/driver_position_cmd
82.3491,velocity,1785151859.923058,0.641,/vehicle/driver_position_cmd
82.3496,position,1785151859.923058,1.142,/vehicle/driver_position_cmd
82.3831,velocity,1785151859.898892,0.305,/vehicle/rear_bogie_velocity
82.3835,position,1785151859.898892,0.706,/vehicle/rear_bogie_velocity
82.3919,velocity,1785151859.973084,0.702,/vehicle/driver_position_cmd
82.3927,position,1785151859.973084,1.509,/vehicle/driver_position_cmd
82.4413,velocity,1785151860.023059,1.006,/vehicle/driver_position_cmd
82.4419,position,1785151860.023059,1.611,/vehicle/driver_position_cmd
82.4821,velocity,1785151860.002861,0.552,/vehicle/rear_bogie_velocity
82.4828,position,1785151860.002861,1.234,/vehicle/rear_bogie_velocity
82.4919,velocity,1785151860.073095,0.739,/vehicle/driver_position_cmd
82.4927,position,1785151860.073095,1.581,/vehicle/driver_position_cmd
82.5485,velocity,1785151860.123085,1.706,/vehicle/driver_position_cmd
82.5494,position,1785151860.123085,2.543,/vehicle/driver_position_cmd
82.5812,velocity,1785151860.088840,0.876,/vehicle/rear_bogie_velocity
82.5820,position,1785151860.088840,1.623,/vehicle/rear_bogie_velocity
82.5936,velocity,1785151860.173059,0.756,/vehicle/driver_position_cmd
82.5945,position,1785151860.173059,1.661,/vehicle/driver_position_cmd
82.6494,velocity,1785151860.223002,1.055,/vehicle/driver_position_cmd
82.6500,position,1785151860.223002,1.699,/vehicle/driver_position_cmd
82.6798,velocity,1785151860.186818,0.725,/vehicle/rear_bogie_velocity
82.6805,position,1785151860.186818,1.365,/vehicle/rear_bogie_velocity
82.6931,velocity,1785151860.273094,0.800,/vehicle/driver_position_cmd
82.6937,position,1785151860.273094,1.414,/vehicle/driver_position_cmd
82.7414,velocity,1785151860.323077,0.799,/vehicle/driver_position_cmd
82.7422,position,1785151860.323077,1.627,/vehicle/driver_position_cmd
82.7821,velocity,1785151860.298791,0.437,/vehicle/rear_bogie_velocity
82.7828,position,1785151860.298791,1.107,/vehicle/rear_bogie_velocity
82.7900,velocity,1785151860.373093,0.355,/vehicle/driver_position_cmd
82.7904,position,1785151860.373093,0.677,/vehicle/driver_position_cmd
82.8492,velocity,1785151860.423076,1.643,/vehicle/driver_position_cmd
82.8498,position,1785151860.423076,2.206,/vehicle/driver_position_cmd
82.8843,velocity,1785151860.426745,0.901,/vehicle/rear_bogie_velocity
82.8849,position,1785151860.426745,1.517,/vehicle/rear_bogie_velocity
82.8929,velocity,1785151860.473100,0.575,/vehicle/driver_position_cmd
82.8937,position,1785151860.473100,1.336,/vehicle/driver_position_cmd
82.9487,velocity,1785151860.523062,0.501,/vehicle/driver_position_cmd
82.9491,position,1785151860.523062,0.924,/vehicle/driver_position_cmd
82.9859,velocity,1785151860.494725,0.631,/vehicle/rear_bogie_velocity
82.9866,position,1785151860.494725,1.352,/vehicle/rear_bogie_velocity
82.9911,velocity,1785151860.573073,1.242,/vehicle/driver_position_cmd
82.9915,position,1785151860.573073,1.636,/vehicle/driver_position_cmd
83.0433,velocity,1785151860.623090,1.316,/vehicle/driver_position_cmd
83.0442,position,1785151860.623090,2.165,/vehicle/driver_position_cmd
83.0833,velocity,1785151860.588706,0.679,/vehicle/rear_bogie_velocity
83.0839,position,1785151860.588706,1.315,/vehicle/rear_bogie_velocity
83.0922,velocity,1785151860.673082,0.875,/vehicle/driver_position_cmd
83.0926,position,1785151860.673082,1.276,/vehicle/driver_position_cmd
83.1489,velocity,1785151860.723087,0.991,/vehicle/driver_position_cmd
83.1495,position,1785151860.723087,1.600,/vehicle/driver_position_cmd
83.1780,velocity,1785151860.692672,0.816,/vehicle/rear_bogie_velocity
83.1788,position,1785151860.692672,1.598,/vehicle/rear_bogie_velocity
83.1920,velocity,1785151860.773081,0.831,/vehicle/driver_position_cmd
83.1927,position,1785151860.773081,1.543,/vehicle/driver_position_cmd
83.2501,velocity,1785151860.823074,1.032,/vehicle/driver_position_cmd
83.2507,position,1785151860.823074,1.574,/vehicle/driver_position_cmd
83.2793,velocity,1785151860.796643,0.993,/vehicle/rear_bogie_velocity
83.2795,position,1785151860.796643,1.240,/vehicle/rear_bogie_velocity
83.2916,velocity,1785151860.873103,0.975,/vehicle/driver_position_cmd
83.2921,position,1785151860.873103,1.474,/vehicle/driver_position_cmd
83.3466,velocity,1785151860.923070,0.731,/vehicle/driver_position_cmd
83.3472,position,1785151860.923070,1.332,/vehicle/driver_position_cmd
83.3784,velocity,1785151860.906617,0.589,/vehicle/rear_bogie_velocity
83.3791,position,1785151860.906617,1.268,/vehicle/rear_bogie_velocity
83.3911,velocity,1785151860.973044,0.535,/vehicle/driver_position_cmd
83.3917,position,1785151860.973044,1.091,/vehicle/driver_position_cmd
83.4498,velocity,1785151861.023145,1.039,/vehicle/driver_position_cmd
83.4507,position,1785151861.023145,1.917,/vehicle/driver_position_cmd
83.4826,velocity,1785151860.994592,0.618,/vehicle/rear_bogie_velocity
83.4833,position,1785151860.994592,1.269,/vehicle/rear_bogie_velocity
83.4923,velocity,1785151861.073095,0.747,/vehicle/driver_position_cmd
83.4930,position,1785151861.073095,1.447,/vehicle/driver_position_cmd
83.5485,velocity,1785151861.123076,0.610,/vehicle/driver_position_cmd
83.5491,position,1785151861.123076,1.177,/vehicle/driver_position_cmd
83.5831,velocity,1785151861.088567,0.294,/vehicle/rear_bogie_velocity
83.5836,position,1785151861.088567,0.701,/vehicle/rear_bogie_velocity
83.5919,velocity,1785151861.173099,1.595,/vehicle/driver_position_cmd
83.5924,position,1785151861.173099,2.089,/vehicle/driver_position_cmd
83.6501,velocity,1785151861.223008,0.631,/vehicle/driver_position_cmd
83.6506,position,1785151861.223008,1.148,/vehicle/driver_position_cmd
83.6852,velocity,1785151861.194538,0.620,/vehicle/rear_bogie_velocity
83.6858,position,1785151861.194538,1.299,/vehicle/rear_bogie_velocity
83.6907,velocity,1785151861.273114,0.555,/vehicle/driver_position_cmd
83.6914,position,1785151861.273114,1.253,/vehicle/driver_position_cmd
83.7424,velocity,1785151861.323085,1.024,/vehicle/driver_position_cmd
83.7431,position,1785151861.323085,1.745,/vehicle/driver_position_cmd
83.7825,velocity,1785151861.292510,0.624,/vehicle/rear_bogie_velocity
83.7831,position,1785151861.292510,1.316,/vehicle/rear_bogie_velocity
83.7924,velocity,1785151861.373056,0.712,/vehicle/driver_position_cmd
83.7931,position,1785151861.373056,1.453,/vehicle/driver_position_cmd
83.8443,velocity,1785151861.423074,0.975,/vehicle/driver_position_cmd
83.8449,position,1785151861.423074,1.652,/vehicle/driver_position_cmd
83.8834,velocity,1785151861.406477,0.363,/vehicle/rear_bogie_velocity
83.8840,position,1785151861.406477,0.946,/vehicle/rear_bogie_velocity
83.8920,velocity,1785151861.473097,0.829,/vehicle/driver_position_cmd
83.8925,position,1785151861.473097,1.406,/vehicle/driver_position_cmd
83.9495,velocity,1785151861.523076,1.058,/vehicle/driver_position_cmd
83.9502,position,1785151861.523076,1.713,/vehicle/driver_position_cmd
83.9834,velocity,1785151861.502463,0.355,/vehicle/rear_bogie_velocity
83.9838,position,1785151861.502463,0.791,/vehicle/rear_bogie_velocity
83.9929,velocity,1785151861.573103,0.890,/vehicle/driver_position_cmd
83.9936,position,1785151861.573103,1.574,/vehicle/driver_position_cmd
84.0433,velocity,1785151861.623071,1.002,/vehicle/driver_position_cmd
84.0440,position,1785151861.623071,1.705,/vehicle/driver_position_cmd
84.0776,velocity,1785151861.604418,0.614,/vehicle/rear_bogie_velocity
84.0784,position,1785151861.604418,1.440,/vehicle/rear_bogie_velocity
84.0912,velocity,1785151861.673072,0.933,/vehicle/driver_position_cmd
84.0917,position,1785151861.673072,1.410,/vehicle/driver_position_cmd
84.1431,velocity,1785151861.723068,0.854,/vehicle/driver_position_cmd
84.1442,position,1785151861.723068,1.913,/vehicle/driver_position_cmd
84.1844,velocity,1785151861.698390,0.941,/vehicle/rear_bogie_velocity
84.1851,position,1785151861.698390,1.690,/vehicle/rear_bogie_velocity
84.1897,velocity,1785151861.773062,0.493,/vehicle/driver_position_cmd
84.1903,position,1785151861.773062,1.036,/vehicle/driver_position_cmd
84.2449,velocity,1785151861.823093,0.650,/vehicle/driver_position_cmd
84.2454,position,1785151861.823093,1.154,/vehicle/driver_position_cmd
84.2832,velocity,1785151861.802361,0.318,/vehicle/rear_bogie_velocity
84.2836,position,1785151861.802361,0.704,/vehicle/rear_bogie_velocity
84.2900,velocity,1785151861.873075,0.720,/vehicle/driver_position_cmd
84.2907,position,1785151861.873075,1.396,/vehicle/driver_position_cmd
84.3419,velocity,1785151861.923080,0.881,/vehicle/driver_position_cmd
84.3423,position,1785151861.923080,1.309,/vehicle/driver_position_cmd
84.3842,velocity,1785151861.892340,0.664,/vehicle/rear_bogie_velocity
84.3849,position,1785151861.892340,1.461,/vehicle/rear_bogie_velocity
84.3902,velocity,1785151861.973127,0.882,/vehicle/driver_position_cmd
84.3909,position,1785151861.973127,1.630,/vehicle/driver_position_cmd
84.4505,velocity,1785151862.023084,1.176,/vehicle/driver_position_cmd
84.4512,position,1785151862.023084,1.888,/vehicle/driver_position_cmd
84.4797,velocity,1785151862.004293,0.336,/vehicle/rear_bogie_velocity
84.4800,position,1785151862.004293,0.665,/vehicle/rear_bogie_velocity
84.4902,velocity,1785151862.073076,0.778,/vehicle/driver_position_cmd
84.4909,position,1785151862.073076,1.507,/vehicle/driver_position_cmd
84.5436,velocity,1785151862.123109,0.878,/vehicle/driver_position_cmd
84.5442,position,1785151862.123109,1.474,/vehicle/driver_position_cmd
84.5795,velocity,1785151862.098278,0.358,/vehicle/rear_bogie_velocity
84.5800,position,1785151862.098278,0.869,/vehicle/rear_bogie_velocity
84.5929,velocity,1785151862.173069,0.809,/vehicle/driver_position_cmd
84.5936,position,1785151862.173069,1.506,/vehicle/driver_position_cmd
84.6411,velocity,1785151862.223180,0.915,/vehicle/driver_position_cmd
84.6418,position,1785151862.223180,1.648,/vehicle/driver_position_cmd
84.6785,velocity,1785151862.194246,0.593,/vehicle/rear_bogie_velocity
84.6797,position,1785151862.194246,1.796,/vehicle/rear_bogie_velocity
84.6911,velocity,1785151862.273079,1.041,/vehicle/driver_position_cmd
84.6918,position,1785151862.273079,1.692,/vehicle/driver_position_cmd
84.7414,velocity,1785151862.323065,0.625,/vehicle/driver_position_cmd
84.7420,position,1785151862.323065,1.218,/vehicle/driver_position_cmd
84.7779,velocity,1785151862.290218,0.594,/vehicle/rear_bogie_velocity
84.7786,position,1785151862.290218,1.276,/vehicle/rear_bogie_velocity
84.7904,velocity,1785151862.373077,0.919,/vehicle/driver_position_cmd
84.7912,position,1785151862.373077,1.740,/vehicle/driver_position_cmd
84.8413,velocity,1785151862.423096,1.005,/vehicle/driver_position_cmd
84.8420,position,1785151862.423096,1.681,/vehicle/driver_position_cmd
84.8793,velocity,1785151862.394186,0.695,/vehicle/rear_bogie_velocity
84.8807,position,1785151862.394186,2.103,/vehicle/rear_bogie_velocity
84.8902,velocity,1785151862.473095,0.918,/vehicle/driver_position_cmd
84.8908,position,1785151862.473095,1.524,/vehicle/driver_position_cmd
84.9412,velocity,1785151862.523075,1.183,/vehicle/driver_position_cmd
84.9419,position,1785151862.523075,1.909,/vehicle/driver_position_cmd
84.9787,velocity,1785151862.496152,0.650,/vehicle/rear_bogie_velocity
84.9795,position,1785151862.496152,1.403,/vehicle/rear_bogie_velocity
84.9914,velocity,1785151862.573077,1.201,/vehicle/driver_position_cmd
84.9921,position,1785151862.573077,1.884,/vehicle/driver_position_cmd
85.0416,velocity,1785151862.623067,0.910,/vehicle/driver_position_cmd
85.0424,position,1785151862.623067,1.743,/vehicle/driver_position_cmd
85.0800,velocity,1785151862.598130,1.582,/vehicle/rear_bogie_velocity
85.0805,position,1785151862.598130,2.084,/vehicle/rear_bogie_velocity
85.0905,velocity,1785151862.673065,0.774,/vehicle/driver_position_cmd
85.0913,position,1785151862.673065,1.624,/vehicle/driver_position_cmd
85.1414,velocity,1785151862.723069,1.014,/vehicle/driver_position_cmd
85.1421,position,1785151862.723069,1.736,/vehicle/driver_position_cmd
85.1791,velocity,1785151862.706103,0.752,/vehicle/rear_bogie_velocity
85.1799,position,1785151862.706103,1.618,/vehicle/rear_bogie_velocity
85.1909,velocity,1785151862.773070,0.933,/vehicle/driver_position_cmd
85.1916,position,1785151862.773070,1.683,/vehicle/driver_position_cmd
85.2411,velocity,1785151862.823122,0.947,/vehicle/driver_position_cmd
85.2416,position,1785151862.823122,1.470,/vehicle/driver_position_cmd
85.2802,velocity,1785151862.804071,0.696,/vehicle/rear_bogie_velocity
85.2808,position,1785151862.804071,1.313,/vehicle/rear_bogie_velocity
85.2908,velocity,1785151862.873116,0.808,/vehicle/driver_position_cmd
85.2915,position,1785151862.873116,1.523,/vehicle/driver_position_cmd
85.3406,velocity,1785151862.923067,0.479,/vehicle/driver_position_cmd
85.3412,position,1785151862.923067,1.088,/vehicle/driver_position_cmd
85.3791,velocity,1785151862.894048,0.675,/vehicle/rear_bogie_velocity
85.3802,position,1785151862.894048,1.749,/vehicle/rear_bogie_velocity
85.3904,velocity,1785151862.973083,0.644,/vehicle/driver_position_cmd
85.3911,position,1785151862.973083,1.314,/vehicle/driver_position_cmd
85.4411,velocity,1785151863.023091,0.936,/vehicle/driver_position_cmd
85.4418,position,1785151863.023091,1.693,/vehicle/driver_position_cmd
85.4789,velocity,1785151862.996027,0.780,/vehicle/rear_bogie_velocity
85.4795,position,1785151862.996027,1.386,/vehicle/rear_bogie_velocity
85.4910,velocity,1785151863.073063,0.946,/vehicle/driver_position_cmd
85.4915,position,1785151863.073063,1.430,/vehicle/driver_position_cmd
85.5418,velocity,1785151863.123091,1.019,/vehicle/driver_position_cmd
85.5428,position,1785151863.123091,1.970,/vehicle/driver_position_cmd
85.5914,velocity,1785151863.173106,1.006,/vehicle/driver_position_cmd
85.5920,position,1785151863.173106,1.633,/vehicle/driver_position_cmd
85.6421,velocity,1785151863.223027,0.930,/vehicle/driver_position_cmd
85.6425,position,1785151863.223027,1.309,/vehicle/driver_position_cmd
85.6804,velocity,1785151863.193964,0.642,/vehicle/rear_bogie_velocity
85.6813,position,1785151863.193964,1.480,/vehicle/rear_bogie_velocity
85.6895,velocity,1785151863.273130,0.395,/vehicle/driver_position_cmd
85.6899,position,1785151863.273130,0.748,/vehicle/driver_position_cmd
85.7480,velocity,1785151863.323122,0.537,/vehicle/driver_position_cmd
85.7483,position,1785151863.323122,0.915,/vehicle/driver_position_cmd
85.7845,velocity,1785151863.295952,0.558,/vehicle/rear_bogie_velocity
85.7853,position,1785151863.295952,1.363,/vehicle/rear_bogie_velocity
85.7911,velocity,1785151863.373070,0.701,/vehicle/driver_position_cmd
85.7918,position,1785151863.373070,1.329,/vehicle/driver_position_cmd
85.8509,velocity,1785151863.423248,1.012,/vehicle/driver_position_cmd
85.8517,position,1785151863.423248,1.902,/vehicle/driver_position_cmd
85.8824,velocity,1785151863.409925,0.617,/vehicle/rear_bogie_velocity
85.8831,position,1785151863.409925,1.311,/vehicle/rear_bogie_velocity
85.8942,velocity,1785151863.473096,0.889,/vehicle/driver_position_cmd
85.8950,position,1785151863.473096,1.693,/vehicle/driver_position_cmd
85.9489,velocity,1785151863.523124,0.579,/vehicle/driver_position_cmd
85.9494,position,1785151863.523124,1.066,/vehicle/driver_position_cmd
85.9823,velocity,1785151863.512440,0.425,/vehicle/rear_bogie_velocity
85.9827,position,1785151863.512440,0.848,/vehicle/rear_bogie_velocity
85.9927,velocity,1785151863.573065,0.693,/vehicle/driver_position_cmd
85.9935,position,1785151863.573065,1.495,/vehicle/driver_position_cmd
86.0509,velocity,1785151863.623119,1.027,/vehicle/driver_position_cmd
86.0518,position,1785151863.623119,1.928,/vehicle/driver_position_cmd
86.0836,velocity,1785151863.601854,0.622,/vehicle/rear_bogie_velocity
86.0842,position,1785151863.601854,1.297,/vehicle/rear_bogie_velocity
86.0919,velocity,1785151863.673085,0.810,/vehicle/driver_position_cmd
86.0923,position,1785151863.673085,1.185,/vehicle/driver_position_cmd
86.1507,velocity,1785151863.723060,0.985,/vehicle/driver_position_cmd
86.1513,position,1785151863.723060,1.632,/vehicle/driver_position_cmd
86.1841,velocity,1785151863.703819,0.677,/vehicle/rear_bogie_velocity
86.1850,position,1785151863.703819,1.576,/vehicle/rear_bogie_velocity
86.1896,velocity,1785151863.773132,0.634,/vehicle/driver_position_cmd
86.1901,position,1785151863.773132,1.126,/vehicle/driver_position_cmd
86.2471,velocity,1785151863.823080,0.874,/vehicle/driver_position_cmd
86.2475,position,1785151863.823080,1.331,/vehicle/driver_position_cmd
86.2800,velocity,1785151863.801792,0.312,/vehicle/rear_bogie_velocity
86.2804,position,1785151863.801792,0.729,/vehicle/rear_bogie_velocity
86.2922,velocity,1785151863.873112,0.709,/vehicle/driver_position_cmd
86.2931,position,1785151863.873112,1.563,/vehicle/driver_position_cmd
86.3503,velocity,1785151863.923113,0.929,/vehicle/driver_position_cmd
86.3507,position,1785151863.923113,1.399,/vehicle/driver_position_cmd
86.3845,velocity,1785151863.901764,0.575,/vehicle/rear_bogie_velocity
86.3853,position,1785151863.901764,1.391,/vehicle/rear_bogie_velocity
86.3906,velocity,1785151863.973059,0.300,/vehicle/driver_position_cmd
86.3910,position,1785151863.973059,0.723,/vehicle/driver_position_cmd
86.4491,velocity,1785151864.023120,0.724,/vehicle/driver_position_cmd
86.4499,position,1785151864.023120,1.530,/vehicle/driver_position_cmd
86.4824,velocity,1785151864.003742,0.615,/vehicle/rear_bogie_velocity
86.4832,position,1785151864.003742,1.375,/vehicle/rear_bogie_velocity
86.4925,velocity,1785151864.073087,0.795,/vehicle/driver_position_cmd
86.4930,position,1785151864.073087,1.241,/vehicle/driver_position_cmd
86.5505,velocity,1785151864.123091,0.945,/vehicle/driver_position_cmd
86.5513,position,1785151864.123091,1.776,/vehicle/driver_position_cmd
86.5807,velocity,1785151864.109719,0.717,/vehicle/rear_bogie_velocity
86.5812,position,1785151864.109719,1.207,/vehicle/rear_bogie_velocity
86.5914,velocity,1785151864.173083,0.891,/vehicle/driver_position_cmd
86.5922,position,1785151864.173083,1.638,/vehicle/driver_position_cmd
86.6497,velocity,1785151864.223112,0.456,/vehicle/driver_position_cmd
86.6501,position,1785151864.223112,0.834,/vehicle/driver_position_cmd
86.6810,velocity,1785151864.189680,0.968,/vehicle/rear_bogie_velocity
86.6814,position,1785151864.189680,1.354,/vehicle/rear_bogie_velocity
86.6937,velocity,1785151864.273103,0.959,/vehicle/driver_position_cmd
86.6945,position,1785151864.273103,1.774,/vehicle/driver_position_cmd
86.7458,velocity,1785151864.323100,0.737,/vehicle/driver_position_cmd
86.7466,position,1785151864.323100,1.482,/vehicle/driver_position_cmd
86.7811,velocity,1785151864.287672,0.340,/vehicle/rear_bogie_velocity
86.7815,position,1785151864.287672,0.741,/vehicle/rear_bogie_velocity
86.7938,velocity,1785151864.373072,0.916,/vehicle/driver_position_cmd
86.7945,position,1785151864.373072,1.547,/vehicle/driver_position_cmd
86.8412,velocity,1785151864.423093,0.991,/vehicle/driver_position_cmd
86.8419,position,1785151864.423093,1.673,/vehicle/driver_position_cmd
86.8799,velocity,1785151864.405629,0.534,/vehicle/rear_bogie_velocity
86.8805,position,1785151864.405629,1.135,/vehicle/rear_bogie_velocity
86.8915,velocity,1785151864.473066,0.814,/vehicle/driver_position_cmd
86.8922,position,1785151864.473066,1.554,/vehicle/driver_position_cmd
86.9413,velocity,1785151864.523114,0.517,/vehicle/driver_position_cmd
86.9417,position,1785151864.523114,0.967,/vehicle/driver_position_cmd
86.9789,velocity,1785151864.491607,0.685,/vehicle/rear_bogie_velocity
86.9795,position,1785151864.491607,1.202,/vehicle/rear_bogie_velocity
86.9909,velocity,1785151864.573058,0.811,/vehicle/driver_position_cmd
86.9917,position,1785151864.573058,1.549,/vehicle/driver_position_cmd
87.0403,velocity,1785151864.623094,0.580,/vehicle/driver_position_cmd
87.0408,position,1785151864.623094,1.080,/vehicle/driver_position_cmd
87.0785,velocity,1785151864.587578,0.603,/vehicle/rear_bogie_velocity
87.0794,position,1785151864.587578,1.512,/vehicle/rear_bogie_velocity
87.0923,velocity,1785151864.673064,1.072,/vehicle/driver_position_cmd
87.0929,position,1785151864.673064,1.734,/vehicle/driver_position_cmd
87.1420,velocity,1785151864.723032,0.547,/vehicle/driver_position_cmd
87.1428,position,1785151864.723032,1.384,/vehicle/driver_position_cmd
87.1783,velocity,1785151864.687560,0.601,/vehicle/rear_bogie_velocity
87.1791,position,1785151864.687560,1.337,/vehicle/rear_bogie_velocity
87.1910,velocity,1785151864.773136,0.663,/vehicle/driver_position_cmd
87.1917,position,1785151864.773136,1.409,/vehicle/driver_position_cmd
87.2412,velocity,1785151864.823094,0.963,/vehicle/driver_position_cmd
87.2418,position,1785151864.823094,1.544,/vehicle/driver_position_cmd
87.2775,velocity,1785151864.795522,0.413,/vehicle/rear_bogie_velocity
87.2779,position,1785151864.795522,0.822,/vehicle/rear_bogie_velocity
87.2905,velocity,1785151864.873098,0.452,/vehicle/driver_position_cmd
87.2909,position,1785151864.873098,0.832,/vehicle/driver_position_cmd
87.3426,velocity,1785151864.923084,0.426,/vehicle/driver_position_cmd
87.3431,position,1785151864.923084,0.884,/vehicle/driver_position_cmd
87.3803,velocity,1785151864.895560,0.683,/vehicle/rear_bogie_velocity
87.3809,position,1785151864.895560,1.317,/vehicle/rear_bogie_velocity
87.3926,velocity,1785151864.973095,0.833,/vehicle/driver_position_cmd
87.3933,position,1785151864.973095,1.564,/vehicle/driver_position_cmd
87.4465,velocity,1785151865.023090,1.146,/vehicle/driver_position_cmd
87.4471,position,1785151865.023090,1.810,/vehicle/driver_position_cmd
87.4803,velocity,1785151864.995461,0.462,/vehicle/rear_bogie_velocity
87.4807,position,1785151864.995461,0.866,/vehicle/rear_bogie_velocity
87.4917,velocity,1785151865.073099,0.729,/vehicle/driver_position_cmd
87.4924,position,1785151865.073099,1.393,/vehicle/driver_position_cmd
87.5506,velocity,1785151865.123088,0.993,/vehicle/driver_position_cmd
87.5515,position,1785151865.123088,1.847,/vehicle/driver_position_cmd
87.5800,velocity,1785151865.103429,0.509,/vehicle/rear_bogie_velocity
87.5809,position,1785151865.103429,1.433,/vehicle/rear_bogie_velocity
87.5917,velocity,1785151865.173080,0.760,/vehicle/driver_position_cmd
87.5923,position,1785151865.173080,1.378,/vehicle/driver_position_cmd
87.6422,velocity,1785151865.223070,1.005,/vehicle/driver_position_cmd
87.6428,position,1785151865.223070,1.612,/vehicle/driver_position_cmd
87.6798,velocity,1785151865.197407,0.564,/vehicle/rear_bogie_velocity
87.6801,position,1785151865.197407,0.914,/vehicle/rear_bogie_velocity
87.6905,velocity,1785151865.273120,0.804,/vehicle/driver_position_cmd
87.6913,position,1785151865.273120,1.562,/vehicle/driver_position_cmd
87.7416,velocity,1785151865.323081,0.963,/vehicle/driver_position_cmd
87.7422,position,1785151865.323081,1.630,/vehicle/driver_position_cmd
87.7773,velocity,1785151865.297379,0.578,/vehicle/rear_bogie_velocity
87.7782,position,1785151865.297379,1.498,/vehicle/rear_bogie_velocity
87.7909,velocity,1785151865.373088,0.822,/vehicle/driver_position_cmd
87.7915,position,1785151865.373088,1.487,/vehicle/driver_position_cmd
87.8412,velocity,1785151865.423076,1.038,/vehicle/driver_position_cmd
87.8420,position,1785151865.423076,1.834,/vehicle/driver_position_cmd
87.8806,velocity,1785151865.409357,1.482,/vehicle/rear_bogie_velocity
87.8812,position,1785151865.409357,2.076,/vehicle/rear_bogie_velocity
87.8901,velocity,1785151865.473077,0.777,/vehicle/driver_position_cmd
87.8908,position,1785151865.473077,1.532,/vehicle/driver_position_cmd
87.9423,velocity,1785151865.523083,0.960,/vehicle/driver_position_cmd
87.9429,position,1785151865.523083,1.581,/vehicle/driver_position_cmd
87.9782,velocity,1785151865.493332,0.375,/vehicle/rear_bogie_velocity
87.9786,position,1785151865.493332,0.801,/vehicle/rear_bogie_velocity
87.9908,velocity,1785151865.573068,0.842,/vehicle/driver_position_cmd
87.9912,position,1785151865.573068,1.267,/vehicle/driver_position_cmd
88.0423,velocity,1785151865.623084,0.869,/vehicle/driver_position_cmd
88.0428,position,1785151865.623084,1.310,/vehicle/driver_position_cmd
88.0801,velocity,1785151865.595301,0.647,/vehicle/rear_bogie_velocity
88.0808,position,1785151865.595301,1.327,/vehicle/rear_bogie_velocity
88.0942,velocity,1785151865.673082,0.949,/vehicle/driver_position_cmd
88.0947,position,1785151865.673082,1.405,/vehicle/driver_position_cmd
88.1420,velocity,1785151865.723217,0.975,/vehicle/driver_position_cmd
88.1426,position,1785151865.723217,1.576,/vehicle/driver_position_cmd
88.1797,velocity,1785151865.703264,0.878,/vehicle/rear_bogie_velocity
88.1812,position,1785151865.703264,2.357,/vehicle/rear_bogie_velocity
88.1915,velocity,1785151865.773112,0.755,/vehicle/driver_position_cmd
88.1923,position,1785151865.773112,1.509,/vehicle/driver_position_cmd
88.2465,velocity,1785151865.823083,0.868,/vehicle/driver_position_cmd
88.2471,position,1785151865.823083,1.454,/vehicle/driver_position_cmd
88.2839,velocity,1785151865.809237,0.639,/vehicle/rear_bogie_velocity
88.2845,position,1785151865.809237,1.305,/vehicle/rear_bogie_velocity
88.2922,velocity,1785151865.873100,0.767,/vehicle/driver_position_cmd
88.2929,position,1785151865.873100,1.471,/vehicle/driver_position_cmd
88.3477,velocity,1785151865.923075,0.563,/vehicle/driver_position_cmd
88.3482,position,1785151865.923075,1.001,/vehicle/driver_position_cmd
88.3828,velocity,1785151865.903220,0.320,/vehicle/rear_bogie_velocity
88.3832,position,1785151865.903220,0.716,/vehicle/rear_bogie_velocity
88.3903,velocity,1785151865.973093,0.848,/vehicle/driver_position_cmd
88.3910,position,1785151865.973093,1.564,/vehicle/driver_position_cmd
88.4478,velocity,1785151866.023078,1.234,/vehicle/driver_position_cmd
88.4485,position,1785151866.023078,1.865,/vehicle/driver_position_cmd
88.4818,velocity,1785151866.001184,0.357,/vehicle/rear_bogie_velocity
88.4822,position,1785151866.001184,0.773,/vehicle/rear_bogie_velocity
88.4924,velocity,1785151866.073081,0.524,/vehicle/driver_position_cmd
88.4928,position,1785151866.073081,0.902,/vehicle/driver_position_cmd
88.5411,velocity,1785151866.123086,0.912,/vehicle/driver_position_cmd
88.5417,position,1785151866.123086,1.580,/vehicle/driver_position_cmd
88.5800,velocity,1785151866.097162,0.546,/vehicle/rear_bogie_velocity
88.5806,position,1785151866.097162,1.143,/vehicle/rear_bogie_velocity
88.5905,velocity,1785151866.173069,0.736,/vehicle/driver_position_cmd
88.5913,position,1785151866.173069,1.509,/vehicle/driver_position_cmd
88.6413,velocity,1785151866.223093,0.918,/vehicle/driver_position_cmd
88.6418,position,1785151866.223093,1.392,/vehicle/driver_position_cmd
88.6799,velocity,1785151866.199126,0.437,/vehicle/rear_bogie_velocity
88.6804,position,1785151866.199126,0.958,/vehicle/rear_bogie_velocity
88.6920,velocity,1785151866.273073,0.828,/vehicle/driver_position_cmd
88.6928,position,1785151866.273073,1.635,/vehicle/driver_position_cmd
88.7410,velocity,1785151866.323081,1.060,/vehicle/driver_position_cmd
88.7416,position,1785151866.323081,1.726,/vehicle/driver_position_cmd
88.7777,velocity,1785151866.291116,0.402,/vehicle/rear_bogie_velocity
88.7781,position,1785151866.291116,0.773,/vehicle/rear_bogie_velocity
88.7900,velocity,1785151866.373098,0.769,/vehicle/driver_position_cmd
88.7908,position,1785151866.373098,1.497,/vehicle/driver_position_cmd
88.8405,velocity,1785151866.423105,0.941,/vehicle/driver_position_cmd
88.8411,position,1785151866.423105,1.554,/vehicle/driver_position_cmd
88.8768,velocity,1785151866.399074,0.435,/vehicle/rear_bogie_velocity
88.8774,position,1785151866.399074,0.954,/vehicle/rear_bogie_velocity
88.8912,velocity,1785151866.473086,0.944,/vehicle/driver_position_cmd
88.8916,position,1785151866.473086,1.301,/vehicle/driver_position_cmd
88.9409,velocity,1785151866.523113,0.582,/vehicle/driver_position_cmd
88.9413,position,1785151866.523113,1.009,/vehicle/driver_position_cmd
88.9780,velocity,1785151866.491047,0.533,/vehicle/rear_bogie_velocity
88.9789,position,1785151866.491047,1.369,/vehicle/rear_bogie_velocity
88.9913,velocity,1785151866.573076,0.530,/vehicle/driver_position_cmd
88.9918,position,1785151866.573076,1.046,/vehicle/driver_position_cmd
89.0431,velocity,1785151866.623096,0.974,/vehicle/driver_position_cmd
89.0440,position,1785151866.623096,1.811,/vehicle/driver_position_cmd
89.0780,velocity,1785151866.603019,0.611,/vehicle/rear_bogie_velocity
89.0792,position,1785151866.603019,1.847,/vehicle/rear_bogie_velocity
89.0902,velocity,1785151866.673086,0.814,/vehicle/driver_position_cmd
89.0912,position,1785151866.673086,1.789,/vehicle/driver_position_cmd
89.1420,velocity,1785151866.723098,1.008,/vehicle/driver_position_cmd
89.1429,position,1785151866.723098,1.919,/vehicle/driver_position_cmd
89.1788,velocity,1785151866.698998,0.705,/vehicle/rear_bogie_velocity
89.1801,position,1785151866.698998,2.013,/vehicle/rear_bogie_velocity
89.1905,velocity,1785151866.773085,0.989,/vehicle/driver_position_cmd
89.1912,position,1785151866.773085,1.678,/vehicle/driver_position_cmd
89.2423,velocity,1785151866.823097,0.872,/vehicle/driver_position_cmd
89.2431,position,1785151866.823097,1.644,/vehicle/driver_position_cmd
89.2775,velocity,1785151866.800946,0.429,/vehicle/rear_bogie_velocity
89.2779,position,1785151866.800946,0.859,/vehicle/rear_bogie_velocity
89.2894,velocity,1785151866.873072,0.329,/vehicle/driver_position_cmd
89.2897,position,1785151866.873072,0.631,/vehicle/driver_position_cmd
89.3452,velocity,1785151866.923113,0.451,/vehicle/driver_position_cmd
89.3455,position,1785151866.923113,0.753,/vehicle/driver_position_cmd
89.3782,velocity,1785151866.886925,0.314,/vehicle/rear_bogie_velocity
89.3784,position,1785151866.886925,0.523,/vehicle/rear_bogie_velocity
89.3899,velocity,1785151866.973099,0.377,/vehicle/driver_position_cmd
89.3902,position,1785151866.973099,0.616,/vehicle/driver_position_cmd
89.4404,velocity,1785151867.023111,0.508,/vehicle/driver_position_cmd
89.4408,position,1785151867.023111,0.971,/vehicle/driver_position_cmd
89.4826,velocity,1785151866.994885,0.610,/vehicle/rear_bogie_velocity
89.4833,position,1785151866.994885,1.396,/vehicle/rear_bogie_velocity
89.4903,velocity,1785151867.073114,0.770,/vehicle/driver_position_cmd
89.4907,position,1785151867.073114,1.185,/vehicle/driver_position_cmd
89.5503,velocity,1785151867.123064,0.698,/vehicle/driver_position_cmd
89.5511,position,1785151867.123064,1.542,/vehicle/driver_position_cmd
89.5786,velocity,1785151867.090880,0.432,/vehicle/rear_bogie_velocity
89.5790,position,1785151867.090880,0.803,/vehicle/rear_bogie_velocity
89.5904,velocity,1785151867.173068,0.438,/vehicle/driver_position_cmd
89.5907,position,1785151867.173068,0.773,/vehicle/driver_position_cmd
89.6412,velocity,1785151867.223076,0.707,/vehicle/driver_position_cmd
89.6416,position,1785151867.223076,1.089,/vehicle/driver_position_cmd
89.6783,velocity,1785151867.188854,0.590,/vehicle/rear_bogie_velocity
89.6791,position,1785151867.188854,1.455,/vehicle/rear_bogie_velocity
89.6911,velocity,1785151867.273086,0.909,/vehicle/driver_position_cmd
89.6915,position,1785151867.273086,1.345,/vehicle/driver_position_cmd
89.7403,velocity,1785151867.323087,0.766,/vehicle/driver_position_cmd
89.7407,position,1785151867.323087,1.206,/vehicle/driver_position_cmd
89.7776,velocity,1785151867.313203,0.611,/vehicle/rear_bogie_velocity
89.7784,position,1785151867.313203,1.473,/vehicle/rear_bogie_velocity
89.7908,velocity,1785151867.373081,0.928,/vehicle/driver_position_cmd
89.7916,position,1785151867.373081,1.699,/vehicle/driver_position_cmd
89.8402,velocity,1785151867.423094,0.800,/vehicle/driver_position_cmd
89.8410,position,1785151867.423094,1.613,/vehicle/driver_position_cmd
89.8772,velocity,1785151867.394785,0.296,/vehicle/rear_bogie_velocity
89.8775,position,1785151867.394785,0.654,/vehicle/rear_bogie_velocity
89.8908,velocity,1785151867.473074,0.744,/vehicle/driver_position_cmd
89.8915,position,1785151867.473074,1.481,/vehicle/driver_position_cmd
89.9418,velocity,1785151867.523181,0.901,/vehicle/driver_position_cmd
89.9423,position,1785151867.523181,1.363,/vehicle/driver_position_cmd
89.9789,velocity,1785151867.490760,0.343,/vehicle/rear_bogie_velocity
89.9792,position,1785151867.490760,0.641,/vehicle/rear_bogie_velocity
89.9899,velocity,1785151867.573059,0.572,/vehicle/driver_position_cmd
89.9906,position,1785151867.573059,1.297,/vehicle/driver_position_cmd
90.0404,velocity,1785151867.623067,0.840,/vehicle/driver_position_cmd
90.0411,position,1785151867.623067,1.571,/vehicle/driver_position_cmd
90.0788,velocity,1785151867.590742,0.220,/vehicle/rear_bogie_velocity
90.0791,position,1785151867.590742,0.498,/vehicle/rear_bogie_velocity
90.0899,velocity,1785151867.673075,0.603,/vehicle/driver_position_cmd
90.0904,position,1785151867.673075,1.096,/vehicle/driver_position_cmd
90.1414,velocity,1785151867.723079,1.114,/vehicle/driver_position_cmd
90.1419,position,1785151867.723079,1.653,/vehicle/driver_position_cmd
90.1785,velocity,1785151867.694710,0.569,/vehicle/rear_bogie_velocity
90.1790,position,1785151867.694710,1.131,/vehicle/rear_bogie_velocity
90.1915,velocity,1785151867.773121,0.779,/vehicle/driver_position_cmd
90.1923,position,1785151867.773121,1.565,/vehicle/driver_position_cmd
90.2401,velocity,1785151867.823071,0.787,/vehicle/driver_position_cmd
90.2408,position,1785151867.823071,1.501,/vehicle/driver_position_cmd
90.2773,velocity,1785151867.796686,0.778,/vehicle/rear_bogie_velocity
90.2780,position,1785151867.796686,1.435,/vehicle/rear_bogie_velocity
90.2903,velocity,1785151867.873092,0.830,/vehicle/driver_position_cmd
90.2911,position,1785151867.873092,1.584,/vehicle/driver_position_cmd
90.3404,velocity,1785151867.923099,0.566,/vehicle/driver_position_cmd
90.3409,position,1785151867.923099,1.009,/vehicle/driver_position_cmd
90.3809,velocity,1785151867.906660,0.234,/vehicle/rear_bogie_velocity
90.3811,position,1785151867.906660,0.447,/vehicle/rear_bogie_velocity
90.3897,velocity,1785151867.973120,0.270,/vehicle/driver_position_cmd
90.3899,position,1785151867.973120,0.485,/vehicle/driver_position_cmd
90.4461,velocity,1785151868.023105,0.458,/vehicle/driver_position_cmd
90.4464,position,1785151868.023105,0.754,/vehicle/driver_position_cmd
90.4801,velocity,1785151867.994622,0.654,/vehicle/rear_bogie_velocity
90.4807,position,1785151867.994622,1.240,/vehicle/rear_bogie_velocity
90.4922,velocity,1785151868.073110,0.412,/vehicle/driver_position_cmd
90.4926,position,1785151868.073110,0.808,/vehicle/driver_position_cmd
90.5456,velocity,1785151868.123091,0.861,/vehicle/driver_position_cmd
90.5464,position,1785151868.123091,1.677,/vehicle/driver_position_cmd
90.5809,velocity,1785151868.100603,0.698,/vehicle/rear_bogie_velocity
90.5817,position,1785151868.100603,1.445,/vehicle/rear_bogie_velocity
90.5936,velocity,1785151868.173077,0.793,/vehicle/driver_position_cmd
90.5943,position,1785151868.173077,1.577,/vehicle/driver_position_cmd
90.6467,velocity,1785151868.223127,1.395,/vehicle/driver_position_cmd
90.6477,position,1785151868.223127,2.361,/vehicle/driver_position_cmd
90.6804,velocity,1785151868.194588,0.852,/vehicle/rear_bogie_velocity
90.6810,position,1785151868.194588,1.473,/vehicle/rear_bogie_velocity
90.6943,velocity,1785151868.273064,0.769,/vehicle/driver_position_cmd
90.6950,position,1785151868.273064,1.467,/vehicle/driver_position_cmd
90.7422,velocity,1785151868.323071,0.958,/vehicle/driver_position_cmd
90.7428,position,1785151868.323071,1.590,/vehicle/driver_position_cmd
90.7789,velocity,1785151868.302544,0.687,/vehicle/rear_bogie_velocity
90.7799,position,1785151868.302544,1.720,/vehicle/rear_bogie_velocity
90.7931,velocity,1785151868.373060,0.947,/vehicle/driver_position_cmd
90.7939,position,1785151868.373060,1.789,/vehicle/driver_position_cmd
90.8504,velocity,1785151868.423112,0.674,/vehicle/driver_position_cmd
90.8510,position,1785151868.423112,1.282,/vehicle/driver_position_cmd
90.8811,velocity,1785151868.414511,1.068,/vehicle/rear_bogie_velocity
90.8820,position,1785151868.414511,1.998,/vehicle/rear_bogie_velocity
90.8942,velocity,1785151868.473112,0.983,/vehicle/driver_position_cmd
90.8951,position,1785151868.473112,1.912,/vehicle/driver_position_cmd
90.9486,velocity,1785151868.523096,1.134,/vehicle/driver_position_cmd
90.9490,position,1785151868.523096,1.502,/vehicle/driver_position_cmd
90.9842,velocity,1785151868.496495,0.610,/vehicle/rear_bogie_velocity
90.9850,position,1785151868.496495,1.448,/vehicle/rear_bogie_velocity
90.9922,velocity,1785151868.573094,0.859,/vehicle/driver_position_cmd
90.9927,position,1785151868.573094,1.320,/vehicle/driver_position_cmd
91.0488,velocity,1785151868.623083,0.831,/vehicle/driver_position_cmd
91.0492,position,1785151868.623083,1.296,/vehicle/driver_position_cmd
91.0828,velocity,1785151868.602466,0.433,/vehicle/rear_bogie_velocity
91.0833,position,1785151868.602466,0.990,/vehicle/rear_bogie_velocity
91.0928,velocity,1785151868.673086,0.737,/vehicle/driver_position_cmd
91.0936,position,1785151868.673086,1.514,/vehicle/driver_position_cmd
91.1477,velocity,1785151868.723097,1.266,/vehicle/driver_position_cmd
91.1483,position,1785151868.723097,1.909,/vehicle/driver_position_cmd
91.1840,velocity,1785151868.686436,0.664,/vehicle/rear_bogie_velocity
91.1846,position,1785151868.686436,1.341,/vehicle/rear_bogie_velocity
91.1916,velocity,1785151868.773056,0.473,/vehicle/driver_position_cmd
91.1920,position,1785151868.773056,0.878,/vehicle/driver_position_cmd
91.2496,velocity,1785151868.823088,0.914,/vehicle/driver_position_cmd
91.2503,position,1785151868.823088,1.626,/vehicle/driver_position_cmd
91.2776,velocity,1785151868.796406,0.532,/vehicle/rear_bogie_velocity
91.2784,position,1785151868.796406,1.336,/vehicle/rear_bogie_velocity
91.2912,velocity,1785151868.873085,0.929,/vehicle/driver_position_cmd
91.2918,position,1785151868.873085,1.482,/vehicle/driver_position_cmd
91.3422,velocity,1785151868.923087,0.849,/vehicle/driver_position_cmd
91.3427,position,1785151868.923087,1.266,/vehicle/driver_position_cmd
91.3793,velocity,1785151868.886395,0.542,/vehicle/rear_bogie_velocity
91.3799,position,1785151868.886395,1.137,/vehicle/rear_bogie_velocity
91.3937,velocity,1785151868.973114,0.797,/vehicle/driver_position_cmd
91.3944,position,1785151868.973114,1.507,/vehicle/driver_position_cmd
91.4468,velocity,1785151869.023072,0.807,/vehicle/driver_position_cmd
91.4477,position,1785151869.023072,1.653,/vehicle/driver_position_cmd
91.4836,velocity,1785151868.992354,0.397,/vehicle/rear_bogie_velocity
91.4842,position,1785151868.992354,0.992,/vehicle/rear_bogie_velocity
91.4930,velocity,1785151869.073100,0.991,/vehicle/driver_position_cmd
91.4938,position,1785151869.073100,1.837,/vehicle/driver_position_cmd
91.5409,velocity,1785151869.123085,1.042,/vehicle/driver_position_cmd
91.5418,position,1785151869.123085,1.944,/vehicle/driver_position_cmd
91.5782,velocity,1785151869.094322,0.701,/vehicle/rear_bogie_velocity
91.5791,position,1785151869.094322,1.598,/vehicle/rear_bogie_velocity
91.5904,velocity,1785151869.173056,0.941,/vehicle/driver_position_cmd
91.5913,position,1785151869.173056,1.780,/vehicle/driver_position_cmd
91.6414,velocity,1785151869.223107,0.949,/vehicle/driver_position_cmd
91.6423,position,1785151869.223107,1.803,/vehicle/driver_position_cmd
91.6786,velocity,1785151869.188301,0.650,/vehicle/rear_bogie_velocity
91.6796,position,1785151869.188301,1.698,/vehicle/rear_bogie_velocity
91.6907,velocity,1785151869.273088,0.796,/vehicle/driver_position_cmd
91.6915,position,1785151869.273088,1.562,/vehicle/driver_position_cmd
91.7412,velocity,1785151869.323076,0.977,/vehicle/driver_position_cmd
91.7420,position,1785151869.323076,1.781,/vehicle/driver_position_cmd
91.7784,velocity,1785151869.288276,0.631,/vehicle/rear_bogie_velocity
91.7794,position,1785151869.288276,1.625,/vehicle/rear_bogie_velocity
91.7914,velocity,1785151869.373064,0.814,/vehicle/driver_position_cmd
91.7922,position,1785151869.373064,1.580,/vehicle/driver_position_cmd
91.8414,velocity,1785151869.423058,1.000,/vehicle/driver_position_cmd
91.8421,position,1785151869.423058,1.653,/vehicle/driver_position_cmd
91.8800,velocity,1785151869.406241,0.955,/vehicle/rear_bogie_velocity
91.8809,position,1785151869.406241,1.798,/vehicle/rear_bogie_velocity
91.8913,velocity,1785151869.473076,0.799,/vehicle/driver_position_cmd
91.8921,position,1785151869.473076,1.553,/vehicle/driver_position_cmd
91.9399,velocity,1785151869.523071,0.540,/vehicle/driver_position_cmd
91.9403,position,1785151869.523071,0.978,/vehicle/driver_position_cmd
91.9782,velocity,1785151869.492209,0.732,/vehicle/rear_bogie_velocity
91.9789,position,1785151869.492209,1.405,/vehicle/rear_bogie_velocity
91.9912,velocity,1785151869.573074,0.936,/vehicle/driver_position_cmd
91.9918,position,1785151869.573074,1.594,/vehicle/driver_position_cmd
92.0407,velocity,1785151869.623124,0.982,/vehicle/driver_position_cmd
92.0415,position,1785151869.623124,1.820,/vehicle/driver_position_cmd
92.0914,velocity,1785151869.673101,1.078,/vehicle/driver_position_cmd
92.0921,position,1785151869.673101,1.714,/vehicle/driver_position_cmd
92.1414,velocity,1785151869.723108,0.953,/vehicle/driver_position_cmd
92.1420,position,1785151869.723108,1.600,/vehicle/driver_position_cmd
92.1781,velocity,1785151869.686154,0.664,/vehicle/rear_bogie_velocity
92.1788,position,1785151869.686154,1.354,/vehicle/rear_bogie_velocity
92.1902,velocity,1785151869.773075,0.614,/vehicle/driver_position_cmd
92.1908,position,1785151869.773075,1.183,/vehicle/driver_position_cmd
92.2407,velocity,1785151869.823080,0.679,/vehicle/driver_position_cmd
92.2414,position,1785151869.823080,1.371,/vehicle/driver_position_cmd
92.2774,velocity,1785151869.790131,0.400,/vehicle/rear_bogie_velocity
92.2778,position,1785151869.790131,0.874,/vehicle/rear_bogie_velocity
92.2929,velocity,1785151869.873074,0.418,/vehicle/driver_position_cmd
92.2933,position,1785151869.873074,0.773,/vehicle/driver_position_cmd
92.3499,velocity,1785151869.923089,0.974,/vehicle/driver_position_cmd
92.3505,position,1785151869.923089,1.593,/vehicle/driver_position_cmd
92.3838,velocity,1785151869.890095,0.596,/vehicle/rear_bogie_velocity
92.3845,position,1785151869.890095,1.248,/vehicle/rear_bogie_velocity
92.3916,velocity,1785151869.973103,0.693,/vehicle/driver_position_cmd
92.3923,position,1785151869.973103,1.398,/vehicle/driver_position_cmd
92.4413,velocity,1785151870.023069,1.048,/vehicle/driver_position_cmd
92.4421,position,1785151870.023069,1.793,/vehicle/driver_position_cmd
92.4799,velocity,1785151869.990064,0.634,/vehicle/rear_bogie_velocity
92.4805,position,1785151869.990064,1.219,/vehicle/rear_bogie_velocity
92.4904,velocity,1785151870.073117,0.840,/vehicle/driver_position_cmd
92.4909,position,1785151870.073117,1.291,/vehicle/driver_position_cmd
92.5413,velocity,1785151870.123105,1.008,/vehicle/driver_position_cmd
92.5420,position,1785151870.123105,1.646,/vehicle/driver_position_cmd
92.5793,velocity,1785151870.100033,0.643,/vehicle/front_bogie_velocity
92.5802,position,1785151870.100033,1.528,/vehicle/front_bogie_velocity
92.5905,velocity,1785151870.173101,0.592,/vehicle/driver_position_cmd
92.5914,position,1785151870.173101,1.416,/vehicle/driver_position_cmd
92.6405,velocity,1785151870.223146,0.932,/vehicle/driver_position_cmd
92.6413,position,1785151870.223146,1.673,/vehicle/driver_position_cmd
92.6796,velocity,1785151870.202004,1.167,/vehicle/rear_bogie_velocity
92.6801,position,1785151870.202004,1.730,/vehicle/rear_bogie_velocity
92.6911,velocity,1785151870.273100,0.925,/vehicle/driver_position_cmd
92.6915,position,1785151870.273100,1.321,/vehicle/driver_position_cmd
92.7411,velocity,1785151870.323070,0.971,/vehicle/driver_position_cmd
92.7415,position,1785151870.323070,1.382,/vehicle/driver_position_cmd
92.7898,velocity,1785151870.373103,0.424,/vehicle/driver_position_cmd
92.7902,position,1785151870.373103,0.762,/vehicle/driver_position_cmd
92.8396,velocity,1785151870.423092,0.399,/vehicle/driver_position_cmd
92.8400,position,1785151870.423092,0.785,/vehicle/driver_position_cmd
92.8791,velocity,1785151870.431943,0.354,/vehicle/rear_bogie_velocity
92.8795,position,1785151870.431943,0.735,/vehicle/rear_bogie_velocity
92.8902,velocity,1785151870.473079,0.307,/vehicle/driver_position_cmd
92.8905,position,1785151870.473079,0.583,/vehicle/driver_position_cmd
92.9410,velocity,1785151870.523081,0.948,/vehicle/driver_position_cmd
92.9417,position,1785151870.523081,1.696,/vehicle/driver_position_cmd
92.9789,velocity,1785151870.503915,0.542,/vehicle/rear_bogie_velocity
92.9792,position,1785151870.503915,0.865,/vehicle/rear_bogie_velocity
92.9907,velocity,1785151870.573084,0.823,/vehicle/driver_position_cmd
92.9914,position,1785151870.573084,1.511,/vehicle/driver_position_cmd
93.0412,velocity,1785151870.623091,0.896,/vehicle/driver_position_cmd
93.0420,position,1785151870.623091,1.720,/vehicle/driver_position_cmd
93.0789,velocity,1785151870.607911,0.744,/vehicle/rear_bogie_velocity
93.0791,position,1785151870.607911,1.024,/vehicle/rear_bogie_velocity
93.0903,velocity,1785151870.673094,0.555,/vehicle/driver_position_cmd
93.0906,position,1785151870.673094,0.831,/vehicle/driver_position_cmd
93.1411,velocity,1785151870.723104,0.909,/vehicle/driver_position_cmd
93.1417,position,1785151870.723104,1.569,/vehicle/driver_position_cmd
93.1789,velocity,1785151870.695868,0.621,/vehicle/rear_bogie_velocity
93.1797,position,1785151870.695868,1.399,/vehicle/rear_bogie_velocity
93.1913,velocity,1785151870.773092,0.906,/vehicle/driver_position_cmd
93.1919,position,1785151870.773092,1.530,/vehicle/driver_position_cmd
93.2407,velocity,1785151870.823125,0.788,/vehicle/driver_position_cmd
93.2415,position,1785151870.823125,1.563,/vehicle/driver_position_cmd
93.2808,velocity,1785151870.805831,1.300,/vehicle/rear_bogie_velocity
93.2817,position,1785151870.805831,2.169,/vehicle/rear_bogie_velocity
93.2903,velocity,1785151870.873069,0.895,/vehicle/driver_position_cmd
93.2911,position,1785151870.873069,1.695,/vehicle/driver_position_cmd
93.3402,velocity,1785151870.923120,0.475,/vehicle/driver_position_cmd
93.3407,position,1785151870.923120,0.944,/vehicle/driver_position_cmd
93.3801,velocity,1785151870.881837,1.179,/vehicle/rear_bogie_velocity
93.3809,position,1785151870.881837,1.982,/vehicle/rear_bogie_velocity
93.3911,velocity,1785151870.973099,0.801,/vehicle/driver_position_cmd
93.3919,position,1785151870.973099,1.533,/vehicle/driver_position_cmd
93.4423,velocity,1785151871.023139,0.976,/vehicle/driver_position_cmd
93.4431,position,1785151871.023139,1.845,/vehicle/driver_position_cmd
93.4779,velocity,1785151870.987785,0.403,/vehicle/rear_bogie_velocity
93.4783,position,1785151870.987785,0.788,/vehicle/rear_bogie_velocity
93.4907,velocity,1785151871.073102,0.915,/vehicle/driver_position_cmd
93.4915,position,1785151871.073102,1.715,/vehicle/driver_position_cmd
93.5419,velocity,1785151871.123081,0.895,/vehicle/driver_position_cmd
93.5424,position,1785151871.123081,1.316,/vehicle/driver_position_cmd
93.5836,velocity,1785151871.095769,0.528,/vehicle/rear_bogie_velocity
93.5843,position,1785151871.095769,1.270,/vehicle/rear_bogie_velocity
93.5920,velocity,1785151871.173102,0.743,/vehicle/driver_position_cmd
93.5927,position,1785151871.173102,1.425,/vehicle/driver_position_cmd
93.6401,velocity,1785151871.223074,0.636,/vehicle/driver_position_cmd
93.6408,position,1785151871.223074,1.421,/vehicle/driver_position_cmd
93.6775,velocity,1785151871.199743,0.299,/vehicle/rear_bogie_velocity
93.6779,position,1785151871.199743,0.654,/vehicle/rear_bogie_velocity
93.6896,velocity,1785151871.273111,0.334,/vehicle/driver_position_cmd
93.6901,position,1785151871.273111,0.894,/vehicle/driver_position_cmd
93.7411,velocity,1785151871.323081,0.974,/vehicle/driver_position_cmd
93.7419,position,1785151871.323081,1.799,/vehicle/driver_position_cmd
93.7791,velocity,1785151871.305699,0.241,/vehicle/rear_bogie_velocity
93.7795,position,1785151871.305699,0.569,/vehicle/rear_bogie_velocity
93.7916,velocity,1785151871.373112,0.704,/vehicle/driver_position_cmd
93.7923,position,1785151871.373112,1.423,/vehicle/driver_position_cmd
93.8409,velocity,1785151871.423070,0.948,/vehicle/driver_position_cmd
93.8414,position,1785151871.423070,1.447,/vehicle/driver_position_cmd
93.8786,velocity,1785151871.401674,0.579,/vehicle/rear_bogie_velocity
93.8790,position,1785151871.401674,1.017,/vehicle/rear_bogie_velocity
93.8911,velocity,1785151871.473133,0.822,/vehicle/driver_position_cmd
93.8918,position,1785151871.473133,1.556,/vehicle/driver_position_cmd
93.9411,velocity,1785151871.523084,0.664,/vehicle/driver_position_cmd
93.9418,position,1785151871.523084,1.304,/vehicle/driver_position_cmd
93.9800,velocity,1785151871.541636,0.659,/vehicle/rear_bogie_velocity
93.9805,position,1785151871.541636,1.134,/vehicle/rear_bogie_velocity
93.9904,velocity,1785151871.573100,0.319,/vehicle/driver_position_cmd
93.9909,position,1785151871.573100,0.752,/vehicle/driver_position_cmd
94.0407,velocity,1785151871.623089,0.727,/vehicle/driver_position_cmd
94.0411,position,1785151871.623089,1.146,/vehicle/driver_position_cmd
94.0789,velocity,1785151871.599641,0.650,/vehicle/rear_bogie_velocity
94.0797,position,1785151871.599641,1.440,/vehicle/rear_bogie_velocity
94.0908,velocity,1785151871.673066,0.891,/vehicle/driver_position_cmd
94.0912,position,1785151871.673066,1.296,/vehicle/driver_position_cmd
94.1412,velocity,1785151871.723095,0.959,/vehicle/driver_position_cmd
94.1418,position,1785151871.723095,1.579,/vehicle/driver_position_cmd
94.1791,velocity,1785151871.695602,0.673,/vehicle/rear_bogie_velocity
94.1802,position,1785151871.695602,1.838,/vehicle/rear_bogie_velocity
94.1905,velocity,1785151871.773102,0.757,/vehicle/driver_position_cmd
94.1913,position,1785151871.773102,1.517,/vehicle/driver_position_cmd
94.2407,velocity,1785151871.823113,0.958,/vehicle/driver_position_cmd
94.2414,position,1785151871.823113,1.637,/vehicle/driver_position_cmd
94.2789,velocity,1785151871.795566,0.831,/vehicle/rear_bogie_velocity
94.2798,position,1785151871.795566,1.714,/vehicle/rear_bogie_velocity
94.2907,velocity,1785151871.873090,0.809,/vehicle/driver_position_cmd
94.2914,position,1785151871.873090,1.487,/vehicle/driver_position_cmd
94.3407,velocity,1785151871.923085,0.776,/vehicle/driver_position_cmd
94.3415,position,1785151871.923085,1.605,/vehicle/driver_position_cmd
94.3797,velocity,1785151871.887545,1.025,/vehicle/rear_bogie_velocity
94.3803,position,1785151871.887545,1.625,/vehicle/rear_bogie_velocity
94.3915,velocity,1785151871.973090,0.428,/vehicle/driver_position_cmd
94.3920,position,1785151871.973090,0.947,/vehicle/driver_position_cmd
94.4433,velocity,1785151872.023061,0.976,/vehicle/driver_position_cmd
94.4440,position,1785151872.023061,1.662,/vehicle/driver_position_cmd
94.4786,velocity,1785151872.001531,0.461,/vehicle/rear_bogie_velocity
94.4791,position,1785151872.001531,1.006,/vehicle/rear_bogie_velocity
94.4910,velocity,1785151872.073065,0.952,/vehicle/driver_position_cmd
94.4918,position,1785151872.073065,1.780,/vehicle/driver_position_cmd
94.5426,velocity,1785151872.123088,0.885,/vehicle/driver_position_cmd
94.5434,position,1785151872.123088,1.710,/vehicle/driver_position_cmd
94.5791,velocity,1785151872.101491,1.118,/vehicle/rear_bogie_velocity
94.5800,position,1785151872.101491,1.977,/vehicle/rear_bogie_velocity
94.5909,velocity,1785151872.173100,0.761,/vehicle/driver_position_cmd
94.5916,position,1785151872.173100,1.442,/vehicle/driver_position_cmd
94.6406,velocity,1785151872.223132,0.885,/vehicle/driver_position_cmd
94.6412,position,1785151872.223132,1.498,/vehicle/driver_position_cmd
94.6786,velocity,1785151872.199459,0.786,/vehicle/rear_bogie_velocity
94.6803,position,1785151872.199459,2.457,/vehicle/rear_bogie_velocity
94.6907,velocity,1785151872.273124,0.769,/vehicle/driver_position_cmd
94.6914,position,1785151872.273124,1.496,/vehicle/driver_position_cmd
94.7410,velocity,1785151872.323068,0.850,/vehicle/driver_position_cmd
94.7418,position,1785151872.323068,1.617,/vehicle/driver_position_cmd
94.7785,velocity,1785151872.305426,0.609,/vehicle/rear_bogie_velocity
94.7792,position,1785151872.305426,1.323,/vehicle/rear_bogie_velocity
94.7919,velocity,1785151872.373090,0.928,/vehicle/driver_position_cmd
94.7927,position,1785151872.373090,1.680,/vehicle/driver_position_cmd
94.8413,velocity,1785151872.423081,0.988,/vehicle/driver_position_cmd
94.8419,position,1785151872.423081,1.613,/vehicle/driver_position_cmd
94.8787,velocity,1785151872.411713,0.662,/vehicle/rear_bogie_velocity
94.8799,position,1785151872.411713,1.919,/vehicle/rear_bogie_velocity
94.8906,velocity,1785151872.473073,1.018,/vehicle/driver_position_cmd
94.8912,position,1785151872.473073,1.675,/vehicle/driver_position_cmd
94.9412,velocity,1785151872.523080,0.911,/vehicle/driver_position_cmd
94.9420,position,1785151872.523080,1.736,/vehicle/driver_position_cmd
94.9911,velocity,1785151872.573089,0.957,/vehicle/driver_position_cmd
94.9918,position,1785151872.573089,1.581,/vehicle/driver_position_cmd
95.0420,velocity,1785151872.623104,0.930,/vehicle/driver_position_cmd
95.0429,position,1785151872.623104,1.760,/vehicle/driver_position_cmd
95.0773,velocity,1785151872.607344,0.516,/vehicle/rear_bogie_velocity
95.0781,position,1785151872.607344,1.273,/vehicle/rear_bogie_velocity
95.0911,velocity,1785151872.673118,0.926,/vehicle/driver_position_cmd
95.0919,position,1785151872.673118,1.735,/vehicle/driver_position_cmd
95.1419,velocity,1785151872.723075,0.985,/vehicle/driver_position_cmd
95.1425,position,1785151872.723075,1.574,/vehicle/driver_position_cmd
95.1813,velocity,1785151872.707305,0.786,/vehicle/rear_bogie_velocity
95.1821,position,1785151872.707305,1.595,/vehicle/rear_bogie_velocity
95.1901,velocity,1785151872.773088,0.811,/vehicle/driver_position_cmd
95.1909,position,1785151872.773088,1.582,/vehicle/driver_position_cmd
95.2407,velocity,1785151872.823092,0.970,/vehicle/driver_position_cmd
95.2414,position,1785151872.823092,1.762,/vehicle/driver_position_cmd
95.2783,velocity,1785151872.805281,0.640,/vehicle/rear_bogie_velocity
95.2792,position,1785151872.805281,1.450,/vehicle/rear_bogie_velocity
95.2908,velocity,1785151872.873067,0.539,/vehicle/driver_position_cmd
95.2912,position,1785151872.873067,0.984,/vehicle/driver_position_cmd
95.3406,velocity,1785151872.923089,0.900,/vehicle/driver_position_cmd
95.3414,position,1785151872.923089,1.711,/vehicle/driver_position_cmd
95.3787,velocity,1785151872.897263,0.665,/vehicle/rear_bogie_velocity
95.3792,position,1785151872.897263,1.219,/vehicle/rear_bogie_velocity
95.3904,velocity,1785151872.973083,0.459,/vehicle/driver_position_cmd
95.3912,position,1785151872.973083,1.292,/vehicle/driver_position_cmd
95.4407,velocity,1785151873.023130,0.815,/vehicle/driver_position_cmd
95.4415,position,1785151873.023130,1.629,/vehicle/driver_position_cmd
95.4893,velocity,1785151872.995233,0.507,/vehicle/rear_bogie_velocity
95.4901,position,1785151872.995233,1.351,/vehicle/rear_bogie_velocity
95.4909,velocity,1785151873.073059,1.729,/vehicle/driver_position_cmd
95.4915,position,1785151873.073059,2.343,/vehicle/driver_position_cmd
95.5418,velocity,1785151873.123068,0.638,/vehicle/driver_position_cmd
95.5426,position,1785151873.123068,1.421,/vehicle/driver_position_cmd
95.5799,velocity,1785151873.111728,0.922,/vehicle/rear_bogie_velocity
95.5809,position,1785151873.111728,1.855,/vehicle/rear_bogie_velocity
95.5907,velocity,1785151873.173099,0.897,/vehicle/driver_position_cmd
95.5915,position,1785151873.173099,1.676,/vehicle/driver_position_cmd
95.6411,velocity,1785151873.223063,0.939,/vehicle/driver_position_cmd
95.6419,position,1785151873.223063,1.755,/vehicle/driver_position_cmd
95.6772,velocity,1785151873.189179,0.809,/vehicle/front_bogie_velocity
95.6777,position,1785151873.189179,1.287,/vehicle/front_bogie_velocity
95.6910,velocity,1785151873.273077,0.863,/vehicle/driver_position_cmd
95.6917,position,1785151873.273077,1.555,/vehicle/driver_position_cmd
95.7411,velocity,1785151873.323090,0.910,/vehicle/driver_position_cmd
95.7417,position,1785151873.323090,1.485,/vehicle/driver_position_cmd
95.7798,velocity,1785151873.293151,0.789,/vehicle/rear_bogie_velocity
95.7803,position,1785151873.293151,1.351,/vehicle/rear_bogie_velocity
95.7902,velocity,1785151873.373059,0.872,/vehicle/driver_position_cmd
95.7906,position,1785151873.373059,1.279,/vehicle/driver_position_cmd
95.8419,velocity,1785151873.423006,1.004,/vehicle/driver_position_cmd
95.8428,position,1785151873.423006,1.935,/vehicle/driver_position_cmd
95.8798,velocity,1785151873.407120,1.250,/vehicle/rear_bogie_velocity
95.8805,position,1785151873.407120,1.924,/vehicle/rear_bogie_velocity
95.8903,velocity,1785151873.473063,0.832,/vehicle/driver_position_cmd
95.8910,position,1785151873.473063,1.561,/vehicle/driver_position_cmd
95.9497,velocity,1785151873.523085,1.026,/vehicle/driver_position_cmd
95.9505,position,1785151873.523085,1.842,/vehicle/driver_position_cmd
95.9834,velocity,1785151873.497167,0.832,/vehicle/rear_bogie_velocity
95.9843,position,1785151873.497167,1.732,/vehicle/rear_bogie_velocity
95.9907,velocity,1785151873.573083,0.807,/vehicle/driver_position_cmd
95.9914,position,1785151873.573083,1.516,/vehicle/driver_position_cmd
96.0407,velocity,1785151873.623078,0.996,/vehicle/driver_position_cmd
96.0415,position,1785151873.623078,1.785,/vehicle/driver_position_cmd
96.0809,velocity,1785151873.599065,0.852,/vehicle/rear_bogie_velocity
96.0816,position,1785151873.599065,1.518,/vehicle/rear_bogie_velocity
96.0911,velocity,1785151873.673067,0.671,/vehicle/driver_position_cmd
96.0918,position,1785151873.673067,1.299,/vehicle/driver_position_cmd
96.1466,velocity,1785151873.723086,0.742,/vehicle/driver_position_cmd
96.1473,position,1785151873.723086,1.498,/vehicle/driver_position_cmd
96.1856,velocity,1785151873.707031,0.602,/vehicle/rear_bogie_velocity
96.1864,position,1785151873.707031,1.433,/vehicle/rear_bogie_velocity
96.1904,velocity,1785151873.773110,0.589,/vehicle/driver_position_cmd
96.1910,position,1785151873.773110,1.196,/vehicle/driver_position_cmd
96.2445,velocity,1785151873.823085,0.554,/vehicle/driver_position_cmd
96.2452,position,1785151873.823085,1.235,/vehicle/driver_position_cmd
96.2795,velocity,1785151873.805031,0.944,/vehicle/rear_bogie_velocity
96.2800,position,1785151873.805031,1.476,/vehicle/rear_bogie_velocity
96.2943,velocity,1785151873.873101,0.734,/vehicle/driver_position_cmd
96.2951,position,1785151873.873101,1.450,/vehicle/driver_position_cmd
96.3490,velocity,1785151873.923062,0.976,/vehicle/driver_position_cmd
96.3498,position,1785151873.923062,1.791,/vehicle/driver_position_cmd
96.3793,velocity,1785151873.888986,0.822,/vehicle/rear_bogie_velocity
96.3800,position,1785151873.888986,1.435,/vehicle/rear_bogie_velocity
96.3925,velocity,1785151873.973070,0.870,/vehicle/driver_position_cmd
96.3932,position,1785151873.973070,1.637,/vehicle/driver_position_cmd
96.4472,velocity,1785151874.023084,1.094,/vehicle/driver_position_cmd
96.4478,position,1785151874.023084,1.737,/vehicle/driver_position_cmd
96.4800,velocity,1785151873.994962,1.499,/vehicle/rear_bogie_velocity
96.4806,position,1785151873.994962,2.081,/vehicle/rear_bogie_velocity
96.4916,velocity,1785151874.073093,0.728,/vehicle/driver_position_cmd
96.4924,position,1785151874.073093,1.512,/vehicle/driver_position_cmd
96.5441,velocity,1785151874.123077,1.013,/vehicle/driver_position_cmd
96.5449,position,1785151874.123077,1.886,/vehicle/driver_position_cmd
96.5791,velocity,1785151874.090944,0.794,/vehicle/rear_bogie_velocity
96.5800,position,1785151874.090944,1.663,/vehicle/rear_bogie_velocity
96.5959,velocity,1785151874.173111,0.841,/vehicle/driver_position_cmd
96.5966,position,1785151874.173111,1.564,/vehicle/driver_position_cmd
96.6508,velocity,1785151874.223116,1.020,/vehicle/driver_position_cmd
96.6515,position,1785151874.223116,1.644,/vehicle/driver_position_cmd
96.6810,velocity,1785151874.208906,0.958,/vehicle/rear_bogie_velocity
96.6819,position,1785151874.208906,1.907,/vehicle/rear_bogie_velocity
96.6898,velocity,1785151874.273108,0.703,/vehicle/driver_position_cmd
96.6905,position,1785151874.273108,1.430,/vehicle/driver_position_cmd
96.7512,velocity,1785151874.323081,0.759,/vehicle/driver_position_cmd
96.7518,position,1785151874.323081,1.406,/vehicle/driver_position_cmd
96.7859,velocity,1785151874.290871,0.624,/vehicle/rear_bogie_velocity
96.7868,position,1785151874.290871,1.467,/vehicle/rear_bogie_velocity
96.7902,velocity,1785151874.373087,0.493,/vehicle/driver_position_cmd
96.7909,position,1785151874.373087,1.155,/vehicle/driver_position_cmd
96.8499,velocity,1785151874.423078,0.596,/vehicle/driver_position_cmd
96.8506,position,1785151874.423078,1.332,/vehicle/driver_position_cmd
96.8769,velocity,1785151874.408834,0.051,/vehicle/rear_bogie_velocity
96.8772,position,1785151874.408834,0.344,/vehicle/rear_bogie_velocity
96.8907,velocity,1785151874.473101,0.831,/vehicle/driver_position_cmd
96.8914,position,1785151874.473101,1.544,/vehicle/driver_position_cmd
96.9430,velocity,1785151874.523157,0.329,/vehicle/driver_position_cmd
96.9433,position,1785151874.523157,0.600,/vehicle/driver_position_cmd
96.9839,velocity,1785151874.498823,0.213,/vehicle/rear_bogie_velocity
96.9842,position,1785151874.498823,0.495,/vehicle/rear_bogie_velocity
96.9901,velocity,1785151874.573092,0.265,/vehicle/driver_position_cmd
96.9904,position,1785151874.573092,0.497,/vehicle/driver_position_cmd
97.0430,velocity,1785151874.623078,0.337,/vehicle/driver_position_cmd
97.0435,position,1785151874.623078,0.848,/vehicle/driver_position_cmd
97.0830,velocity,1785151874.596786,0.493,/vehicle/front_bogie_velocity
97.0835,position,1785151874.596786,0.943,/vehicle/front_bogie_velocity
97.0921,velocity,1785151874.673095,0.782,/vehicle/driver_position_cmd
97.0930,position,1785151874.673095,1.686,/vehicle/driver_position_cmd
97.1502,velocity,1785151874.723081,0.858,/vehicle/driver_position_cmd
97.1509,position,1785151874.723081,1.630,/vehicle/driver_position_cmd
97.1821,velocity,1785151874.690765,0.640,/vehicle/rear_bogie_velocity
97.1828,position,1785151874.690765,1.422,/vehicle/rear_bogie_velocity
97.1911,velocity,1785151874.773072,0.872,/vehicle/driver_position_cmd
97.1918,position,1785151874.773072,1.626,/vehicle/driver_position_cmd
97.2424,velocity,1785151874.823075,0.950,/vehicle/driver_position_cmd
97.2431,position,1785151874.823075,1.588,/vehicle/driver_position_cmd
97.2905,velocity,1785151874.873101,0.489,/vehicle/driver_position_cmd
97.2910,position,1785151874.873101,0.936,/vehicle/driver_position_cmd
97.3402,velocity,1785151874.923109,0.447,/vehicle/driver_position_cmd
97.3406,position,1785151874.923109,0.842,/vehicle/driver_position_cmd
97.3802,velocity,1785151874.920697,0.764,/vehicle/rear_bogie_velocity
97.3809,position,1785151874.920697,1.462,/vehicle/rear_bogie_velocity
97.3902,velocity,1785151874.973067,0.492,/vehicle/driver_position_cmd
97.3905,position,1785151874.973067,0.811,/vehicle/driver_position_cmd
97.4477,velocity,1785151875.023083,1.827,/vehicle/driver_position_cmd
97.4487,position,1785151875.023083,2.813,/vehicle/driver_position_cmd
97.4818,velocity,1785151874.996673,0.339,/vehicle/rear_bogie_velocity
97.4822,position,1785151874.996673,0.789,/vehicle/rear_bogie_velocity
97.4935,velocity,1785151875.073086,0.970,/vehicle/driver_position_cmd
97.4943,position,1785151875.073086,1.745,/vehicle/driver_position_cmd
97.5477,velocity,1785151875.123110,1.215,/vehicle/driver_position_cmd
97.5484,position,1785151875.123110,1.871,/vehicle/driver_position_cmd
97.5815,velocity,1785151875.090664,0.605,/vehicle/rear_bogie_velocity
97.5823,position,1785151875.090664,1.453,/vehicle/rear_bogie_velocity
97.5928,velocity,1785151875.173081,0.763,/vehicle/driver_position_cmd
97.5935,position,1785151875.173081,1.442,/vehicle/driver_position_cmd
97.6492,velocity,1785151875.223071,0.589,/vehicle/driver_position_cmd
97.6497,position,1785151875.223071,1.089,/vehicle/driver_position_cmd
97.6832,velocity,1785151875.188625,0.329,/vehicle/rear_bogie_velocity
97.6837,position,1785151875.188625,0.774,/vehicle/rear_bogie_velocity
97.6923,velocity,1785151875.273078,0.874,/vehicle/driver_position_cmd
97.6927,position,1785151875.273078,1.316,/vehicle/driver_position_cmd
97.7477,velocity,1785151875.323110,1.629,/vehicle/driver_position_cmd
97.7483,position,1785151875.323110,2.255,/vehicle/driver_position_cmd
97.7796,velocity,1785151875.288597,1.206,/vehicle/rear_bogie_velocity
97.7804,position,1785151875.288597,2.036,/vehicle/rear_bogie_velocity
97.7918,velocity,1785151875.373079,0.796,/vehicle/driver_position_cmd
97.7925,position,1785151875.373079,1.467,/vehicle/driver_position_cmd
97.8488,velocity,1785151875.423097,0.738,/vehicle/driver_position_cmd
97.8495,position,1785151875.423097,1.347,/vehicle/driver_position_cmd
97.8812,velocity,1785151875.434554,0.840,/vehicle/rear_bogie_velocity
97.8819,position,1785151875.434554,1.539,/vehicle/rear_bogie_velocity
97.8914,velocity,1785151875.473059,0.759,/vehicle/driver_position_cmd
97.8921,position,1785151875.473059,1.476,/vehicle/driver_position_cmd
97.9490,velocity,1785151875.523084,0.688,/vehicle/driver_position_cmd
97.9495,position,1785151875.523084,1.231,/vehicle/driver_position_cmd
97.9866,velocity,1785151875.490532,0.362,/vehicle/rear_bogie_velocity
97.9870,position,1785151875.490532,0.717,/vehicle/rear_bogie_velocity
97.9903,velocity,1785151875.573070,0.396,/vehicle/driver_position_cmd
97.9906,position,1785151875.573070,0.681,/vehicle/driver_position_cmd
98.0437,velocity,1785151875.623108,0.822,/vehicle/driver_position_cmd
98.0445,position,1785151875.623108,1.532,/vehicle/driver_position_cmd
98.0808,velocity,1785151875.584513,0.492,/vehicle/rear_bogie_velocity
98.0810,position,1785151875.584513,0.787,/vehicle/rear_bogie_velocity
98.0898,velocity,1785151875.673081,0.284,/vehicle/driver_position_cmd
98.0901,position,1785151875.673081,0.537,/vehicle/driver_position_cmd
98.1403,velocity,1785151875.723118,0.833,/vehicle/driver_position_cmd
98.1411,position,1785151875.723118,1.573,/vehicle/driver_position_cmd
98.1815,velocity,1785151875.686486,0.224,/vehicle/rear_bogie_velocity
98.1819,position,1785151875.686486,0.566,/vehicle/rear_bogie_velocity
98.1903,velocity,1785151875.773094,0.306,/vehicle/driver_position_cmd
98.1906,position,1785151875.773094,0.617,/vehicle/driver_position_cmd
98.2508,velocity,1785151875.823112,1.053,/vehicle/driver_position_cmd
98.2518,position,1785151875.823112,2.096,/vehicle/driver_position_cmd
98.2836,velocity,1785151875.794458,0.552,/vehicle/rear_bogie_velocity
98.2841,position,1785151875.794458,1.013,/vehicle/rear_bogie_velocity
98.2901,velocity,1785151875.873074,0.558,/vehicle/driver_position_cmd
98.2909,position,1785151875.873074,1.310,/vehicle/driver_position_cmd
98.3412,velocity,1785151875.923063,0.785,/vehicle/driver_position_cmd
98.3419,position,1785151875.923063,1.510,/vehicle/driver_position_cmd
98.3837,velocity,1785151875.890431,0.835,/vehicle/rear_bogie_velocity
98.3841,position,1785151875.890431,1.232,/vehicle/rear_bogie_velocity
98.3906,velocity,1785151875.973084,0.722,/vehicle/driver_position_cmd
98.3913,position,1785151875.973084,1.444,/vehicle/driver_position_cmd
98.4416,velocity,1785151876.023076,0.740,/vehicle/driver_position_cmd
98.4424,position,1785151876.023076,1.532,/vehicle/driver_position_cmd
98.4826,velocity,1785151876.026401,0.503,/vehicle/rear_bogie_velocity
98.4833,position,1785151876.026401,1.236,/vehicle/rear_bogie_velocity
98.4924,velocity,1785151876.073079,0.963,/vehicle/driver_position_cmd
98.4934,position,1785151876.073079,1.943,/vehicle/driver_position_cmd
98.5500,velocity,1785151876.123075,0.633,/vehicle/driver_position_cmd
98.5507,position,1785151876.123075,1.413,/vehicle/driver_position_cmd
98.5832,velocity,1785151876.090382,0.265,/vehicle/rear_bogie_velocity
98.5835,position,1785151876.090382,0.614,/vehicle/rear_bogie_velocity
98.5895,velocity,1785151876.173068,0.872,/vehicle/driver_position_cmd
98.5903,position,1785151876.173068,1.663,/vehicle/driver_position_cmd
98.6406,velocity,1785151876.223129,0.810,/vehicle/driver_position_cmd
98.6412,position,1785151876.223129,1.439,/vehicle/driver_position_cmd
98.6791,velocity,1785151876.190356,0.342,/vehicle/rear_bogie_velocity
98.6793,position,1785151876.190356,0.562,/vehicle/rear_bogie_velocity
98.6909,velocity,1785151876.273106,0.267,/vehicle/driver_position_cmd
98.6910,position,1785151876.273106,0.436,/vehicle/driver_position_cmd
98.7405,velocity,1785151876.323092,0.503,/vehicle/driver_position_cmd
98.7410,position,1785151876.323092,1.016,/vehicle/driver_position_cmd
98.7855,velocity,1785151876.294320,0.316,/vehicle/rear_bogie_velocity
98.7861,position,1785151876.294320,0.884,/vehicle/rear_bogie_velocity
98.7903,velocity,1785151876.373118,0.374,/vehicle/driver_position_cmd
98.7908,position,1785151876.373118,0.863,/vehicle/driver_position_cmd
98.8423,velocity,1785151876.423075,1.064,/vehicle/driver_position_cmd
98.8430,position,1785151876.423075,1.694,/vehicle/driver_position_cmd
98.8800,velocity,1785151876.408289,0.861,/vehicle/rear_bogie_velocity
98.8809,position,1785151876.408289,1.810,/vehicle/rear_bogie_velocity
98.8937,velocity,1785151876.473090,0.865,/vehicle/driver_position_cmd
98.8944,position,1785151876.473090,1.582,/vehicle/driver_position_cmd
98.9456,velocity,1785151876.523077,1.194,/vehicle/driver_position_cmd
98.9465,position,1785151876.523077,2.092,/vehicle/driver_position_cmd
98.9820,velocity,1785151876.492255,0.574,/vehicle/rear_bogie_velocity
98.9831,position,1785151876.492255,1.604,/vehicle/rear_bogie_velocity
98.9908,velocity,1785151876.573105,0.808,/vehicle/driver_position_cmd
98.9915,position,1785151876.573105,1.528,/vehicle/driver_position_cmd
99.0459,velocity,1785151876.623063,1.317,/vehicle/driver_position_cmd
99.0465,position,1785151876.623063,1.966,/vehicle/driver_position_cmd
99.0803,velocity,1785151876.590235,0.583,/vehicle/rear_bogie_velocity
99.0810,position,1785151876.590235,1.212,/vehicle/rear_bogie_velocity
99.0922,velocity,1785151876.673080,1.040,/vehicle/driver_position_cmd
99.0926,position,1785151876.673080,1.397,/vehicle/driver_position_cmd
99.1483,velocity,1785151876.723102,0.515,/vehicle/driver_position_cmd
99.1488,position,1785151876.723102,0.958,/vehicle/driver_position_cmd
99.1827,velocity,1785151876.696209,0.394,/vehicle/rear_bogie_velocity
99.1832,position,1785151876.696209,0.868,/vehicle/rear_bogie_velocity
99.1925,velocity,1785151876.773106,0.491,/vehicle/driver_position_cmd
99.1930,position,1785151876.773106,0.963,/vehicle/driver_position_cmd
99.2485,velocity,1785151876.823128,0.612,/vehicle/driver_position_cmd
99.2493,position,1785151876.823128,1.358,/vehicle/driver_position_cmd
99.2838,velocity,1785151876.800183,0.606,/vehicle/rear_bogie_velocity
99.2841,position,1785151876.800183,0.896,/vehicle/rear_bogie_velocity
99.2895,velocity,1785151876.873088,0.462,/vehicle/driver_position_cmd
99.2899,position,1785151876.873088,0.810,/vehicle/driver_position_cmd
99.3401,velocity,1785151876.923093,0.244,/vehicle/driver_position_cmd
99.3403,position,1785151876.923093,0.456,/vehicle/driver_position_cmd
99.3772,velocity,1785151876.892148,0.197,/vehicle/rear_bogie_velocity
99.3774,position,1785151876.892148,0.434,/vehicle/rear_bogie_velocity
99.3894,velocity,1785151876.973095,0.277,/vehicle/driver_position_cmd
99.3896,position,1785151876.973095,0.424,/vehicle/driver_position_cmd
99.4401,velocity,1785151877.023074,0.222,/vehicle/driver_position_cmd
99.4402,position,1785151877.023074,0.314,/vehicle/driver_position_cmd
99.4782,velocity,1785151877.000121,0.145,/vehicle/rear_bogie_velocity
99.4783,position,1785151877.000121,0.288,/vehicle/rear_bogie_velocity
99.4901,velocity,1785151877.073087,0.233,/vehicle/driver_position_cmd
99.4902,position,1785151877.073087,0.388,/vehicle/driver_position_cmd
99.5406,velocity,1785151877.123132,0.262,/vehicle/driver_position_cmd
99.5407,position,1785151877.123132,0.357,/vehicle/driver_position_cmd
99.5787,velocity,1785151877.090111,0.180,/vehicle/rear_bogie_velocity
99.5789,position,1785151877.090111,0.399,/vehicle/rear_bogie_velocity
99.5894,velocity,1785151877.173066,0.328,/vehicle/driver_position_cmd
99.5897,position,1785151877.173066,0.596,/vehicle/driver_position_cmd
99.6398,velocity,1785151877.223109,0.473,/vehicle/driver_position_cmd
99.6402,position,1785151877.223109,0.879,/vehicle/driver_position_cmd
99.6789,velocity,1785151877.190085,1.241,/vehicle/rear_bogie_velocity
99.6795,position,1785151877.190085,1.911,/vehicle/rear_bogie_velocity
99.6913,velocity,1785151877.273080,1.251,/vehicle/driver_position_cmd
99.6919,position,1785151877.273080,1.793,/vehicle/driver_position_cmd
99.7417,velocity,1785151877.323090,0.969,/vehicle/driver_position_cmd
99.7423,position,1785151877.323090,1.621,/vehicle/driver_position_cmd
99.7802,velocity,1785151877.310040,1.024,/vehicle/rear_bogie_velocity
99.7809,position,1785151877.310040,1.675,/vehicle/rear_bogie_velocity
99.7905,velocity,1785151877.373071,0.813,/vehicle/driver_position_cmd
99.7913,position,1785151877.373071,1.556,/vehicle/driver_position_cmd
99.8409,velocity,1785151877.423104,1.061,/vehicle/driver_position_cmd
99.8418,position,1785151877.423104,1.969,/vehicle/driver_position_cmd
99.8788,velocity,1785151877.398011,0.704,/vehicle/rear_bogie_velocity
99.8810,position,1785151877.398011,2.899,/vehicle/rear_bogie_velocity
99.8909,velocity,1785151877.473085,0.738,/vehicle/driver_position_cmd
99.8915,position,1785151877.473085,1.349,/vehicle/driver_position_cmd
99.9417,velocity,1785151877.523206,0.672,/vehicle/driver_position_cmd
99.9425,position,1785151877.523206,1.487,/vehicle/driver_position_cmd
99.9793,velocity,1785151877.493985,0.805,/vehicle/rear_bogie_velocity
99.9798,position,1785151877.493985,1.311,/vehicle/rear_bogie_velocity
99.9913,velocity,1785151877.573086,0.565,/vehicle/driver_position_cmd
99.9921,position,1785151877.573086,1.298,/vehicle/driver_position_cmd
100.0420,velocity,1785151877.623108,1.035,/vehicle/driver_position_cmd
100.0428,position,1785151877.623108,1.785,/vehicle/driver_position_cmd
100.0785,velocity,1785151877.599967,0.733,/vehicle/rear_bogie_velocity
100.0798,position,1785151877.599967,2.046,/vehicle/rear_bogie_velocity
100.0906,velocity,1785151877.673100,0.800,/vehicle/driver_position_cmd
100.0913,position,1785151877.673100,1.582,/vehicle/driver_position_cmd
100.1482,velocity,1785151877.723059,0.713,/vehicle/driver_position_cmd
100.1488,position,1785151877.723059,1.329,/vehicle/driver_position_cmd
100.1821,velocity,1785151877.689923,0.376,/vehicle/front_bogie_velocity
100.1825,position,1785151877.689923,0.750,/vehicle/front_bogie_velocity
100.1905,velocity,1785151877.773060,0.507,/vehicle/driver_position_cmd
100.1910,position,1785151877.773060,1.045,/vehicle/driver_position_cmd
100.2416,velocity,1785151877.823105,0.461,/vehicle/driver_position_cmd
100.2424,position,1785151877.823105,1.298,/vehicle/driver_position_cmd
100.2804,velocity,1785151877.791901,0.834,/vehicle/rear_bogie_velocity
100.2813,position,1785151877.791901,1.745,/vehicle/rear_bogie_velocity
100.2949,velocity,1785151877.873081,0.993,/vehicle/driver_position_cmd
100.2962,position,1785151877.873081,2.352,/vehicle/driver_position_cmd
100.3403,velocity,1785151877.923093,0.424,/vehicle/driver_position_cmd
100.3407,position,1785151877.923093,0.833,/vehicle/driver_position_cmd
100.3840,velocity,1785151877.887874,0.503,/vehicle/rear_bogie_velocity
100.3850,position,1785151877.887874,1.452,/vehicle/rear_bogie_velocity
100.3898,velocity,1785151877.973103,0.486,/vehicle/driver_position_cmd
100.3902,position,1785151877.973103,0.920,/vehicle/driver_position_cmd
100.4470,velocity,1785151878.023127,1.145,/vehicle/driver_position_cmd
100.4476,position,1785151878.023127,1.778,/vehicle/driver_position_cmd
100.4786,velocity,1785151878.019842,0.769,/vehicle/rear_bogie_velocity
100.4796,position,1785151878.019842,1.772,/vehicle/rear_bogie_velocity
100.4909,velocity,1785151878.073073,0.751,/vehicle/driver_position_cmd
100.4917,position,1785151878.073073,1.617,/vehicle/driver_position_cmd
100.5470,velocity,1785151878.123146,0.593,/vehicle/driver_position_cmd
100.5475,position,1785151878.123146,1.042,/vehicle/driver_position_cmd
100.5780,velocity,1785151878.089826,0.642,/vehicle/rear_bogie_velocity
100.5788,position,1785151878.089826,1.450,/vehicle/rear_bogie_velocity
100.5916,velocity,1785151878.173078,1.114,/vehicle/driver_position_cmd
100.5925,position,1785151878.173078,2.056,/vehicle/driver_position_cmd
100.6414,velocity,1785151878.223098,0.974,/vehicle/driver_position_cmd
100.6423,position,1785151878.223098,1.847,/vehicle/driver_position_cmd
100.6784,velocity,1785151878.193788,1.054,/vehicle/rear_bogie_velocity
100.6790,position,1785151878.193788,1.643,/vehicle/rear_bogie_velocity
100.6904,velocity,1785151878.273098,0.583,/vehicle/driver_position_cmd
100.6913,position,1785151878.273098,1.543,/vehicle/driver_position_cmd
100.7418,velocity,1785151878.323084,1.860,/vehicle/driver_position_cmd
100.7429,position,1785151878.323084,2.887,/vehicle/driver_position_cmd
100.7799,velocity,1785151878.289757,0.685,/vehicle/rear_bogie_velocity
100.7805,position,1785151878.289757,1.287,/vehicle/rear_bogie_velocity
100.7901,velocity,1785151878.373091,0.827,/vehicle/driver_position_cmd
100.7908,position,1785151878.373091,1.579,/vehicle/driver_position_cmd
100.8434,velocity,1785151878.423092,1.001,/vehicle/driver_position_cmd
100.8440,position,1785151878.423092,1.609,/vehicle/driver_position_cmd
100.8833,velocity,1785151878.393747,0.347,/vehicle/rear_bogie_velocity
100.8838,position,1785151878.393747,0.818,/vehicle/rear_bogie_velocity
100.8907,velocity,1785151878.473078,0.864,/vehicle/driver_position_cmd
100.8915,position,1785151878.473078,1.685,/vehicle/driver_position_cmd
100.9495,velocity,1785151878.523089,0.504,/vehicle/driver_position_cmd
100.9499,position,1785151878.523089,0.958,/vehicle/driver_position_cmd
100.9808,velocity,1785151878.489719,1.224,/vehicle/rear_bogie_velocity
100.9814,position,1785151878.489719,1.841,/vehicle/rear_bogie_velocity
100.9916,velocity,1785151878.573061,0.559,/vehicle/driver_position_cmd
100.9924,position,1785151878.573061,1.357,/vehicle/driver_position_cmd
101.0475,velocity,1785151878.623088,1.089,/vehicle/driver_position_cmd
101.0484,position,1785151878.623088,1.999,/vehicle/driver_position_cmd
101.0810,velocity,1785151878.607677,0.755,/vehicle/rear_bogie_velocity
101.0815,position,1785151878.607677,1.253,/vehicle/rear_bogie_velocity
101.0901,velocity,1785151878.673081,0.583,/vehicle/driver_position_cmd
101.0905,position,1785151878.673081,1.018,/vehicle/driver_position_cmd
101.1466,velocity,1785151878.723061,0.830,/vehicle/driver_position_cmd
101.1471,position,1785151878.723061,1.367,/vehicle/driver_position_cmd
101.1874,velocity,1785151878.699651,0.606,/vehicle/rear_bogie_velocity
101.1882,position,1785151878.699651,1.433,/vehicle/rear_bogie_velocity
101.1894,velocity,1785151878.773110,0.523,/vehicle/driver_position_cmd
101.1899,position,1785151878.773110,1.036,/vehicle/driver_position_cmd
101.2407,velocity,1785151878.823144,0.476,/vehicle/driver_position_cmd
101.2412,position,1785151878.823144,1.003,/vehicle/driver_position_cmd
101.2798,velocity,1785151878.797623,1.137,/vehicle/rear_bogie_velocity
101.2806,position,1785151878.797623,1.860,/vehicle/rear_bogie_velocity
101.2913,velocity,1785151878.873064,0.956,/vehicle/driver_position_cmd
101.2918,position,1785151878.873064,1.458,/vehicle/driver_position_cmd
101.3401,velocity,1785151878.923094,0.492,/vehicle/driver_position_cmd
101.3405,position,1785151878.923094,0.878,/vehicle/driver_position_cmd
101.3781,velocity,1785151878.895597,0.261,/vehicle/rear_bogie_velocity
101.3786,position,1785151878.895597,0.734,/vehicle/rear_bogie_velocity
101.3895,velocity,1785151878.973117,0.397,/vehicle/driver_position_cmd
101.3897,position,1785151878.973117,0.665,/vehicle/driver_position_cmd
101.4401,velocity,1785151879.023136,0.567,/vehicle/driver_position_cmd
101.4403,position,1785151879.023136,0.757,/vehicle/driver_position_cmd
101.4781,velocity,1785151879.003566,0.578,/vehicle/rear_bogie_velocity
101.4787,position,1785151879.003566,1.169,/vehicle/rear_bogie_velocity
101.4912,velocity,1785151879.073107,0.430,/vehicle/driver_position_cmd
101.4916,position,1785151879.073107,0.824,/vehicle/driver_position_cmd
101.5408,velocity,1785151879.123133,0.945,/vehicle/driver_position_cmd
101.5416,position,1785151879.123133,1.714,/vehicle/driver_position_cmd
101.5821,velocity,1785151879.107529,0.495,/vehicle/rear_bogie_velocity
101.5826,position,1785151879.107529,0.976,/vehicle/rear_bogie_velocity
101.5901,velocity,1785151879.173084,0.787,/vehicle/driver_position_cmd
101.5910,position,1785151879.173084,1.687,/vehicle/driver_position_cmd
101.6408,velocity,1785151879.223070,0.830,/vehicle/driver_position_cmd
101.6413,position,1785151879.223070,1.410,/vehicle/driver_position_cmd
101.6793,velocity,1785151879.189510,1.118,/vehicle/rear_bogie_velocity
101.6800,position,1785151879.189510,1.775,/vehicle/rear_bogie_velocity
101.6914,velocity,1785151879.273131,1.087,/vehicle/driver_position_cmd
101.6919,position,1785151879.273131,1.617,/vehicle/driver_position_cmd
101.7419,velocity,1785151879.323093,1.032,/vehicle/driver_position_cmd
101.7427,position,1785151879.323093,1.906,/vehicle/driver_position_cmd
101.7799,velocity,1785151879.339471,1.074,/vehicle/rear_bogie_velocity
101.7806,position,1785151879.339471,1.779,/vehicle/rear_bogie_velocity
101.7930,velocity,1785151879.373115,3.033,/vehicle/driver_position_cmd
101.7933,position,1785151879.373115,3.297,/vehicle/driver_position_cmd
101.8406,velocity,1785151879.423080,0.877,/vehicle/driver_position_cmd
101.8413,position,1785151879.423080,1.543,/vehicle/driver_position_cmd
101.8809,velocity,1785151879.395459,0.661,/vehicle/rear_bogie_velocity
101.8817,position,1785151879.395459,1.471,/vehicle/rear_bogie_velocity
101.8910,velocity,1785151879.473081,0.826,/vehicle/driver_position_cmd
101.8918,position,1785151879.473081,1.594,/vehicle/driver_position_cmd
101.9407,velocity,1785151879.523143,0.941,/vehicle/driver_position_cmd
101.9413,position,1785151879.523143,1.555,/vehicle/driver_position_cmd
101.9813,velocity,1785151879.497429,0.783,/vehicle/rear_bogie_velocity
101.9824,position,1785151879.497429,1.888,/vehicle/rear_bogie_velocity
101.9904,velocity,1785151879.573101,0.845,/vehicle/driver_position_cmd
101.9911,position,1785151879.573101,1.616,/vehicle/driver_position_cmd
102.0413,velocity,1785151879.623105,1.022,/vehicle/driver_position_cmd
102.0422,position,1785151879.623105,1.920,/vehicle/driver_position_cmd
102.0788,velocity,1785151879.605408,0.903,/vehicle/rear_bogie_velocity
102.0795,position,1785151879.605408,1.573,/vehicle/rear_bogie_velocity
102.0921,velocity,1785151879.673101,0.701,/vehicle/driver_position_cmd
102.0925,position,1785151879.673101,1.113,/vehicle/driver_position_cmd
102.1408,velocity,1785151879.723062,0.734,/vehicle/driver_position_cmd
102.1415,position,1785151879.723062,1.523,/vehicle/driver_position_cmd
102.1783,velocity,1785151879.687373,0.357,/vehicle/rear_bogie_velocity
102.1795,position,1785151879.687373,1.583,/vehicle/rear_bogie_velocity
102.1913,velocity,1785151879.773112,1.100,/vehicle/driver_position_cmd
102.1919,position,1785151879.773112,1.653,/vehicle/driver_position_cmd
102.2419,velocity,1785151879.823135,1.195,/vehicle/driver_position_cmd
102.2428,position,1785151879.823135,2.175,/vehicle/driver_position_cmd
102.2787,velocity,1785151879.809346,0.623,/vehicle/rear_bogie_velocity
102.2793,position,1785151879.809346,1.194,/vehicle/rear_bogie_velocity
102.3017,velocity,1785151879.873060,0.383,/vehicle/driver_position_cmd
102.3020,position,1785151879.873060,0.643,/vehicle/driver_position_cmd
102.3455,velocity,1785151879.923074,0.301,/vehicle/driver_position_cmd
102.3457,position,1785151879.923074,0.540,/vehicle/driver_position_cmd
102.3852,velocity,1785151879.885324,0.695,/vehicle/rear_bogie_velocity
102.3860,position,1785151879.885324,1.548,/vehicle/rear_bogie_velocity
102.3899,velocity,1785151879.973102,0.618,/vehicle/driver_position_cmd
102.3903,position,1785151879.973102,1.092,/vehicle/driver_position_cmd
102.4451,velocity,1785151880.023079,1.223,/vehicle/driver_position_cmd
102.4458,position,1785151880.023079,1.889,/vehicle/driver_position_cmd
102.4796,velocity,1785151879.997414,0.416,/vehicle/rear_bogie_velocity
102.4801,position,1785151879.997414,0.993,/vehicle/rear_bogie_velocity
102.4925,velocity,1785151880.073065,0.811,/vehicle/driver_position_cmd
102.4930,position,1785151880.073065,1.305,/vehicle/driver_position_cmd
102.5476,velocity,1785151880.123078,1.718,/vehicle/driver_position_cmd
102.5482,position,1785151880.123078,2.349,/vehicle/driver_position_cmd
102.5775,velocity,1785151880.089274,0.609,/vehicle/rear_bogie_velocity
102.5784,position,1785151880.089274,1.555,/vehicle/rear_bogie_velocity
102.5915,velocity,1785151880.173080,0.888,/vehicle/driver_position_cmd
102.5921,position,1785151880.173080,1.555,/vehicle/driver_position_cmd
102.6430,velocity,1785151880.223100,1.105,/vehicle/driver_position_cmd
102.6439,position,1785151880.223100,2.030,/vehicle/driver_position_cmd
102.6794,velocity,1785151880.193259,1.301,/vehicle/rear_bogie_velocity
102.6805,position,1785151880.193259,2.379,/vehicle/rear_bogie_velocity
102.6915,velocity,1785151880.273117,0.975,/vehicle/driver_position_cmd
102.6924,position,1785151880.273117,1.852,/vehicle/driver_position_cmd
102.7412,velocity,1785151880.323086,0.477,/vehicle/driver_position_cmd
102.7416,position,1785151880.323086,0.901,/vehicle/driver_position_cmd
102.7804,velocity,1785151880.295225,0.351,/vehicle/rear_bogie_velocity
102.7809,position,1785151880.295225,0.784,/vehicle/rear_bogie_velocity
102.7958,velocity,1785151880.373097,2.062,/vehicle/driver_position_cmd
102.7965,position,1785151880.373097,2.702,/vehicle/driver_position_cmd
102.8463,velocity,1785151880.423080,1.473,/vehicle/driver_position_cmd
102.8477,position,1785151880.423080,2.918,/vehicle/driver_position_cmd
102.8787,velocity,1785151880.411185,0.621,/vehicle/rear_bogie_velocity
102.8791,position,1785151880.411185,1.103,/vehicle/rear_bogie_velocity
102.8951,velocity,1785151880.473108,0.884,/vehicle/driver_position_cmd
102.8959,position,1785151880.473108,1.722,/vehicle/driver_position_cmd
102.9455,velocity,1785151880.523131,1.014,/vehicle/driver_position_cmd
102.9469,position,1785151880.523131,2.378,/vehicle/driver_position_cmd
102.9825,velocity,1785151880.525158,2.789,/vehicle/rear_bogie_velocity
102.9832,position,1785151880.525158,3.513,/vehicle/rear_bogie_velocity
102.9916,velocity,1785151880.573081,0.419,/vehicle/driver_position_cmd
102.9919,position,1785151880.573081,0.794,/vehicle/driver_position_cmd
103.0477,velocity,1785151880.623106,0.697,/vehicle/driver_position_cmd
103.0483,position,1785151880.623106,1.362,/vehicle/driver_position_cmd
103.0840,velocity,1785151880.601131,0.627,/vehicle/rear_bogie_velocity
103.0850,position,1785151880.601131,1.535,/vehicle/rear_bogie_velocity
103.0894,velocity,1785151880.673064,0.456,/vehicle/driver_position_cmd
103.0898,position,1785151880.673064,0.938,/vehicle/driver_position_cmd
103.1513,velocity,1785151880.723087,0.751,/vehicle/driver_position_cmd
103.1516,position,1785151880.723087,1.113,/vehicle/driver_position_cmd
103.1788,velocity,1785151880.695106,0.346,/vehicle/rear_bogie_velocity
103.1792,position,1785151880.695106,0.773,/vehicle/rear_bogie_velocity
103.1953,velocity,1785151880.773073,0.429,/vehicle/driver_position_cmd
103.1957,position,1785151880.773073,0.796,/vehicle/driver_position_cmd
103.2505,velocity,1785151880.823094,1.003,/vehicle/driver_position_cmd
103.2513,position,1785151880.823094,1.733,/vehicle/driver_position_cmd
103.2805,velocity,1785151880.795079,0.350,/vehicle/rear_bogie_velocity
103.2811,position,1785151880.795079,0.974,/vehicle/rear_bogie_velocity
103.2911,velocity,1785151880.873056,0.527,/vehicle/driver_position_cmd
103.2915,position,1785151880.873056,0.952,/vehicle/driver_position_cmd
103.3450,velocity,1785151880.923055,1.173,/vehicle/driver_position_cmd
103.3455,position,1785151880.923055,1.660,/vehicle/driver_position_cmd
103.3848,velocity,1785151880.897051,0.653,/vehicle/rear_bogie_velocity
103.3857,position,1785151880.897051,1.611,/vehicle/rear_bogie_velocity
103.3927,velocity,1785151880.973101,0.815,/vehicle/driver_position_cmd
103.3931,position,1785151880.973101,1.131,/vehicle/driver_position_cmd
103.4473,velocity,1785151881.023087,1.299,/vehicle/driver_position_cmd
103.4481,position,1785151881.023087,2.126,/vehicle/driver_position_cmd
103.4793,velocity,1785151881.003021,0.453,/vehicle/rear_bogie_velocity
103.4801,position,1785151881.003021,1.291,/vehicle/rear_bogie_velocity
103.4911,velocity,1785151881.073107,0.941,/vehicle/driver_position_cmd
103.4919,position,1785151881.073107,1.758,/vehicle/driver_position_cmd
103.5484,velocity,1785151881.123059,0.546,/vehicle/driver_position_cmd
103.5488,position,1785151881.123059,1.006,/vehicle/driver_position_cmd
103.5800,velocity,1785151881.106990,0.929,/vehicle/rear_bogie_velocity
103.5806,position,1785151881.106990,1.471,/vehicle/rear_bogie_velocity
103.5964,velocity,1785151881.173101,1.001,/vehicle/driver_position_cmd
103.5970,position,1785151881.173101,1.588,/vehicle/driver_position_cmd
103.6512,velocity,1785151881.223087,0.696,/vehicle/driver_position_cmd
103.6517,position,1785151881.223087,1.276,/vehicle/driver_position_cmd
103.6807,velocity,1785151881.196966,0.937,/vehicle/rear_bogie_velocity
103.6811,position,1785151881.196966,1.326,/vehicle/rear_bogie_velocity
103.6933,velocity,1785151881.273102,1.011,/vehicle/driver_position_cmd
103.6937,position,1785151881.273102,1.437,/vehicle/driver_position_cmd
103.7445,velocity,1785151881.323075,0.962,/vehicle/driver_position_cmd
103.7450,position,1785151881.323075,1.477,/vehicle/driver_position_cmd
103.7859,velocity,1785151881.296937,0.636,/vehicle/rear_bogie_velocity
103.7866,position,1785151881.296937,1.347,/vehicle/rear_bogie_velocity
103.7901,velocity,1785151881.373055,0.281,/vehicle/driver_position_cmd
103.7904,position,1785151881.373055,0.627,/vehicle/driver_position_cmd
103.8443,velocity,1785151881.423100,1.023,/vehicle/driver_position_cmd
103.8451,position,1785151881.423100,1.844,/vehicle/driver_position_cmd
103.8861,velocity,1785151881.408910,0.569,/vehicle/rear_bogie_velocity
103.8869,position,1785151881.408910,1.377,/vehicle/rear_bogie_velocity
103.8921,velocity,1785151881.473086,0.582,/vehicle/driver_position_cmd
103.8928,position,1785151881.473086,1.249,/vehicle/driver_position_cmd
103.9470,velocity,1785151881.523084,0.546,/vehicle/driver_position_cmd
103.9474,position,1785151881.523084,0.935,/vehicle/driver_position_cmd
103.9823,velocity,1785151881.492883,0.356,/vehicle/rear_bogie_velocity
103.9828,position,1785151881.492883,0.785,/vehicle/rear_bogie_velocity
103.9924,velocity,1785151881.573074,0.608,/vehicle/driver_position_cmd
103.9927,position,1785151881.573074,0.976,/vehicle/driver_position_cmd
104.0454,velocity,1785151881.623069,1.046,/vehicle/driver_position_cmd
104.0461,position,1785151881.623069,1.724,/vehicle/driver_position_cmd
104.0835,velocity,1785151881.588861,0.549,/vehicle/rear_bogie_velocity
104.0842,position,1785151881.588861,1.336,/vehicle/rear_bogie_velocity
104.0944,velocity,1785151881.673080,0.540,/vehicle/driver_position_cmd
104.0947,position,1785151881.673080,0.851,/vehicle/driver_position_cmd
104.1429,velocity,1785151881.723088,0.890,/vehicle/driver_position_cmd
104.1433,position,1785151881.723088,1.311,/vehicle/driver_position_cmd
104.1771,velocity,1785151881.690832,0.374,/vehicle/rear_bogie_velocity
104.1774,position,1785151881.690832,0.681,/vehicle/rear_bogie_velocity
104.1921,velocity,1785151881.773130,1.026,/vehicle/driver_position_cmd
104.1924,position,1785151881.773130,1.326,/vehicle/driver_position_cmd
104.2422,velocity,1785151881.823080,1.378,/vehicle/driver_position_cmd
104.2430,position,1785151881.823080,2.155,/vehicle/driver_position_cmd
104.2839,velocity,1785151881.794804,0.614,/vehicle/rear_bogie_velocity
104.2847,position,1785151881.794804,1.461,/vehicle/rear_bogie_velocity
104.2945,velocity,1785151881.873094,0.874,/vehicle/driver_position_cmd
104.2949,position,1785151881.873094,1.340,/vehicle/driver_position_cmd
104.3502,velocity,1785151881.923095,0.913,/vehicle/driver_position_cmd
104.3507,position,1785151881.923095,1.491,/vehicle/driver_position_cmd
104.3870,velocity,1785151881.888781,0.642,/vehicle/rear_bogie_velocity
104.3879,position,1785151881.888781,1.515,/vehicle/rear_bogie_velocity
104.3907,velocity,1785151881.973079,0.472,/vehicle/driver_position_cmd
104.3912,position,1785151881.973079,0.909,/vehicle/driver_position_cmd
104.4493,velocity,1785151882.023094,1.160,/vehicle/driver_position_cmd
104.4498,position,1785151882.023094,1.681,/vehicle/driver_position_cmd
104.4798,velocity,1785151881.994745,0.686,/vehicle/rear_bogie_velocity
104.4803,position,1785151881.994745,1.161,/vehicle/rear_bogie_velocity
104.4935,velocity,1785151882.073072,0.864,/vehicle/driver_position_cmd
104.4940,position,1785151882.073072,1.384,/vehicle/driver_position_cmd
104.5476,velocity,1785151882.123091,1.460,/vehicle/driver_position_cmd
104.5485,position,1785151882.123091,2.362,/vehicle/driver_position_cmd
104.5833,velocity,1785151882.088736,0.658,/vehicle/rear_bogie_velocity
104.5840,position,1785151882.088736,1.428,/vehicle/rear_bogie_velocity
104.5906,velocity,1785151882.173057,0.564,/vehicle/driver_position_cmd
104.5911,position,1785151882.173057,1.064,/vehicle/driver_position_cmd
104.6515,velocity,1785151882.223081,0.982,/vehicle/driver_position_cmd
104.6520,position,1785151882.223081,1.499,/vehicle/driver_position_cmd
104.6847,velocity,1785151882.188694,0.623,/vehicle/rear_bogie_velocity
104.6855,position,1785151882.188694,1.411,/vehicle/rear_bogie_velocity
104.6919,velocity,1785151882.273111,0.331,/vehicle/driver_position_cmd
104.6923,position,1785151882.273111,0.717,/vehicle/driver_position_cmd
104.7490,velocity,1785151882.323059,0.531,/vehicle/driver_position_cmd
104.7494,position,1785151882.323059,0.964,/vehicle/driver_position_cmd
104.7799,velocity,1785151882.294662,0.708,/vehicle/rear_bogie_velocity
104.7805,position,1785151882.294662,1.332,/vehicle/rear_bogie_velocity
104.7935,velocity,1785151882.373057,0.910,/vehicle/driver_position_cmd
104.7950,position,1785151882.373057,2.351,/vehicle/driver_position_cmd
104.8468,velocity,1785151882.423058,0.581,/vehicle/driver_position_cmd
104.8473,position,1785151882.423058,1.053,/vehicle/driver_position_cmd
104.8838,velocity,1785151882.402641,0.598,/vehicle/rear_bogie_velocity
104.8845,position,1785151882.402641,1.298,/vehicle/rear_bogie_velocity
104.8932,velocity,1785151882.473062,0.844,/vehicle/driver_position_cmd
104.8939,position,1785151882.473062,1.580,/vehicle/driver_position_cmd
104.9469,velocity,1785151882.523116,1.375,/vehicle/driver_position_cmd
104.9472,position,1785151882.523116,1.768,/vehicle/driver_position_cmd
104.9807,velocity,1785151882.490613,1.321,/vehicle/rear_bogie_velocity
104.9814,position,1785151882.490613,2.048,/vehicle/rear_bogie_velocity
104.9968,velocity,1785151882.573095,1.467,/vehicle/driver_position_cmd
104.9974,position,1785151882.573095,2.084,/vehicle/driver_position_cmd
105.0459,velocity,1785151882.623074,0.948,/vehicle/driver_position_cmd
105.0464,position,1785151882.623074,1.466,/vehicle/driver_position_cmd
105.0852,velocity,1785151882.590582,0.702,/vehicle/rear_bogie_velocity
105.0861,position,1785151882.590582,1.582,/vehicle/rear_bogie_velocity
105.0934,velocity,1785151882.673109,0.823,/vehicle/driver_position_cmd
105.0942,position,1785151882.673109,1.580,/vehicle/driver_position_cmd
105.1430,velocity,1785151882.723084,0.802,/vehicle/driver_position_cmd
105.1435,position,1785151882.723084,1.290,/vehicle/driver_position_cmd
105.1803,velocity,1785151882.690554,0.416,/vehicle/rear_bogie_velocity
105.1808,position,1785151882.690554,0.875,/vehicle/rear_bogie_velocity
105.1963,velocity,1785151882.773070,0.601,/vehicle/driver_position_cmd
105.1967,position,1785151882.773070,1.020,/vehicle/driver_position_cmd
105.2464,velocity,1785151882.823087,0.867,/vehicle/driver_position_cmd
105.2470,position,1785151882.823087,1.476,/vehicle/driver_position_cmd
105.2837,velocity,1785151882.796528,2.541,/vehicle/rear_bogie_velocity
105.2846,position,1785151882.796528,3.426,/vehicle/rear_bogie_velocity
105.2909,velocity,1785151882.873097,0.777,/vehicle/driver_position_cmd
105.2916,position,1785151882.873097,1.466,/vehicle/driver_position_cmd
105.3452,velocity,1785151882.923079,0.830,/vehicle/driver_position_cmd
105.3458,position,1785151882.923079,1.372,/vehicle/driver_position_cmd
105.3870,velocity,1785151882.888507,0.715,/vehicle/rear_bogie_velocity
105.3877,position,1785151882.888507,1.382,/vehicle/rear_bogie_velocity
105.3930,velocity,1785151882.973098,0.817,/vehicle/driver_position_cmd
105.3938,position,1785151882.973098,1.563,/vehicle/driver_position_cmd
105.4460,velocity,1785151883.023078,0.759,/vehicle/driver_position_cmd
105.4464,position,1785151883.023078,1.215,/vehicle/driver_position_cmd
105.4860,velocity,1785151883.000476,0.670,/vehicle/rear_bogie_velocity
105.4869,position,1785151883.000476,1.554,/vehicle/rear_bogie_velocity
105.4919,velocity,1785151883.073061,0.678,/vehicle/driver_position_cmd
105.4925,position,1785151883.073061,1.283,/vehicle/driver_position_cmd
105.5502,velocity,1785151883.123112,1.099,/vehicle/driver_position_cmd
105.5509,position,1785151883.123112,1.767,/vehicle/driver_position_cmd
105.5832,velocity,1785151883.104444,0.391,/vehicle/rear_bogie_velocity
105.5836,position,1785151883.104444,0.755,/vehicle/rear_bogie_velocity
105.5937,velocity,1785151883.173091,0.305,/vehicle/driver_position_cmd
105.5940,position,1785151883.173091,0.603,/vehicle/driver_position_cmd
105.6451,velocity,1785151883.223107,0.693,/vehicle/driver_position_cmd
105.6453,position,1785151883.223107,0.876,/vehicle/driver_position_cmd
105.6848,velocity,1785151883.198417,0.676,/vehicle/rear_bogie_velocity
105.6855,position,1785151883.198417,1.322,/vehicle/rear_bogie_velocity
105.6896,velocity,1785151883.273092,0.466,/vehicle/driver_position_cmd
105.6901,position,1785151883.273092,0.928,/vehicle/driver_position_cmd
105.7509,velocity,1785151883.323081,0.866,/vehicle/driver_position_cmd
105.7519,position,1785151883.323081,1.877,/vehicle/driver_position_cmd
105.7771,velocity,1785151883.298391,0.379,/vehicle/rear_bogie_velocity
105.7775,position,1785151883.298391,0.762,/vehicle/rear_bogie_velocity
105.7930,velocity,1785151883.373071,0.802,/vehicle/driver_position_cmd
105.7937,position,1785151883.373071,1.534,/vehicle/driver_position_cmd
105.8497,velocity,1785151883.423082,1.013,/vehicle/driver_position_cmd
105.8504,position,1785151883.423082,1.746,/vehicle/driver_position_cmd
105.8839,velocity,1785151883.410363,0.649,/vehicle/rear_bogie_velocity
105.8848,position,1785151883.410363,1.467,/vehicle/rear_bogie_velocity
105.8902,velocity,1785151883.473095,0.758,/vehicle/driver_position_cmd
105.8909,position,1785151883.473095,1.397,/vehicle/driver_position_cmd
105.9511,velocity,1785151883.523082,0.466,/vehicle/driver_position_cmd
105.9519,position,1785151883.523082,1.319,/vehicle/driver_position_cmd
105.9847,velocity,1785151883.504336,0.493,/vehicle/rear_bogie_velocity
105.9851,position,1785151883.504336,0.871,/vehicle/rear_bogie_velocity
105.9911,velocity,1785151883.573086,0.702,/vehicle/driver_position_cmd
105.9918,position,1785151883.573086,1.415,/vehicle/driver_position_cmd
106.0452,velocity,1785151883.623057,0.821,/vehicle/driver_position_cmd
106.0458,position,1785151883.623057,1.433,/vehicle/driver_position_cmd
106.0813,velocity,1785151883.600308,0.316,/vehicle/rear_bogie_velocity
106.0818,position,1785151883.600308,0.734,/vehicle/rear_bogie_velocity
106.0929,velocity,1785151883.673072,0.388,/vehicle/driver_position_cmd
106.0934,position,1785151883.673072,0.879,/vehicle/driver_position_cmd
106.1407,velocity,1785151883.723066,0.970,/vehicle/driver_position_cmd
106.1413,position,1785151883.723066,1.619,/vehicle/driver_position_cmd
106.1824,velocity,1785151883.694279,0.625,/vehicle/rear_bogie_velocity
106.1833,position,1785151883.694279,1.466,/vehicle/rear_bogie_velocity
106.1930,velocity,1785151883.773101,0.417,/vehicle/driver_position_cmd
106.1934,position,1785151883.773101,0.760,/vehicle/driver_position_cmd
106.2461,velocity,1785151883.823064,0.740,/vehicle/driver_position_cmd
106.2468,position,1785151883.823064,1.459,/vehicle/driver_position_cmd
106.2775,velocity,1785151883.808252,0.301,/vehicle/rear_bogie_velocity
106.2780,position,1785151883.808252,0.783,/vehicle/rear_bogie_velocity
106.2959,velocity,1785151883.873057,0.604,/vehicle/driver_position_cmd
106.2965,position,1785151883.873057,1.207,/vehicle/driver_position_cmd
106.3410,velocity,1785151883.923092,0.789,/vehicle/driver_position_cmd
106.3415,position,1785151883.923092,1.327,/vehicle/driver_position_cmd
106.3847,velocity,1785151883.888226,0.296,/vehicle/rear_bogie_velocity
106.3852,position,1785151883.888226,0.735,/vehicle/rear_bogie_velocity
106.3925,velocity,1785151883.973096,0.920,/vehicle/driver_position_cmd
106.3930,position,1785151883.973096,1.369,/vehicle/driver_position_cmd
106.4462,velocity,1785151884.023062,0.831,/vehicle/driver_position_cmd
106.4469,position,1785151884.023062,1.503,/vehicle/driver_position_cmd
106.4823,velocity,1785151883.998200,0.414,/vehicle/rear_bogie_velocity
106.4827,position,1785151883.998200,0.828,/vehicle/rear_bogie_velocity
106.4926,velocity,1785151884.073088,0.785,/vehicle/driver_position_cmd
106.4933,position,1785151884.073088,1.545,/vehicle/driver_position_cmd
106.5502,velocity,1785151884.123062,0.698,/vehicle/driver_position_cmd
106.5511,position,1785151884.123062,1.508,/vehicle/driver_position_cmd
106.5797,velocity,1785151884.110175,0.889,/vehicle/rear_bogie_velocity
106.5803,position,1785151884.110175,1.522,/vehicle/rear_bogie_velocity
106.5934,velocity,1785151884.173087,0.853,/vehicle/driver_position_cmd
106.5942,position,1785151884.173087,1.609,/vehicle/driver_position_cmd
106.6410,velocity,1785151884.223071,1.042,/vehicle/driver_position_cmd
106.6417,position,1785151884.223071,1.803,/vehicle/driver_position_cmd
106.6805,velocity,1785151884.188140,0.705,/vehicle/rear_bogie_velocity
106.6812,position,1785151884.188140,1.388,/vehicle/rear_bogie_velocity
106.6919,velocity,1785151884.273081,0.852,/vehicle/driver_position_cmd
106.6927,position,1785151884.273081,1.638,/vehicle/driver_position_cmd
106.7423,velocity,1785151884.323082,1.005,/vehicle/driver_position_cmd
106.7428,position,1785151884.323082,1.478,/vehicle/driver_position_cmd
106.7825,velocity,1785151884.292109,0.601,/vehicle/rear_bogie_velocity
106.7831,position,1785151884.292109,1.280,/vehicle/rear_bogie_velocity
106.7914,velocity,1785151884.373099,0.810,/vehicle/driver_position_cmd
106.7921,position,1785151884.373099,1.550,/vehicle/driver_position_cmd
106.8413,velocity,1785151884.423071,0.850,/vehicle/driver_position_cmd
106.8421,position,1785151884.423071,1.718,/vehicle/driver_position_cmd
106.8823,velocity,1785151884.398087,0.600,/vehicle/rear_bogie_velocity
106.8831,position,1785151884.398087,1.356,/vehicle/rear_bogie_velocity
106.8916,velocity,1785151884.473072,0.767,/vehicle/driver_position_cmd
106.8923,position,1785151884.473072,1.435,/vehicle/driver_position_cmd
106.9424,velocity,1785151884.523064,1.071,/vehicle/driver_position_cmd
106.9428,position,1785151884.523064,1.494,/vehicle/driver_position_cmd
106.9829,velocity,1785151884.496062,0.594,/vehicle/rear_bogie_velocity
106.9837,position,1785151884.496062,1.432,/vehicle/rear_bogie_velocity
106.9938,velocity,1785151884.573073,0.819,/vehicle/driver_position_cmd
106.9945,position,1785151884.573073,1.529,/vehicle/driver_position_cmd
107.0443,velocity,1785151884.623086,0.832,/vehicle/driver_position_cmd
107.0456,position,1785151884.623086,2.086,/vehicle/driver_position_cmd
107.0806,velocity,1785151884.598030,0.739,/vehicle/rear_bogie_velocity
107.0815,position,1785151884.598030,1.673,/vehicle/rear_bogie_velocity
107.0930,velocity,1785151884.673059,0.781,/vehicle/driver_position_cmd
107.0937,position,1785151884.673059,1.531,/vehicle/driver_position_cmd
107.1484,velocity,1785151884.723086,1.065,/vehicle/driver_position_cmd
107.1493,position,1785151884.723086,1.940,/vehicle/driver_position_cmd
107.1819,velocity,1785151884.688010,0.650,/vehicle/rear_bogie_velocity
107.1827,position,1785151884.688010,1.472,/vehicle/rear_bogie_velocity
107.1916,velocity,1785151884.773085,0.757,/vehicle/driver_position_cmd
107.1923,position,1785151884.773085,1.500,/vehicle/driver_position_cmd
107.2427,velocity,1785151884.823083,0.565,/vehicle/driver_position_cmd
107.2431,position,1785151884.823083,0.968,/vehicle/driver_position_cmd
107.2790,velocity,1785151884.795975,2.020,/vehicle/rear_bogie_velocity
107.2794,position,1785151884.795975,2.389,/vehicle/rear_bogie_velocity
107.2912,velocity,1785151884.873080,0.380,/vehicle/driver_position_cmd
107.2915,position,1785151884.873080,0.712,/vehicle/driver_position_cmd
107.3434,velocity,1785151884.923076,0.339,/vehicle/driver_position_cmd
107.3437,position,1785151884.923076,0.649,/vehicle/driver_position_cmd
107.3782,velocity,1785151884.889950,0.789,/vehicle/rear_bogie_velocity
107.3784,position,1785151884.889950,1.059,/vehicle/rear_bogie_velocity
107.3908,velocity,1785151884.973076,0.525,/vehicle/driver_position_cmd
107.3913,position,1785151884.973076,0.962,/vehicle/driver_position_cmd
107.4437,velocity,1785151885.023121,2.752,/vehicle/driver_position_cmd
107.4443,position,1785151885.023121,3.309,/vehicle/driver_position_cmd
107.4863,velocity,1785151884.997917,0.611,/vehicle/rear_bogie_velocity
107.4870,position,1785151884.997917,1.277,/vehicle/rear_bogie_velocity
107.4922,velocity,1785151885.073094,0.855,/vehicle/driver_position_cmd
107.4926,position,1785151885.073094,1.248,/vehicle/driver_position_cmd
107.5485,velocity,1785151885.123097,0.998,/vehicle/driver_position_cmd
107.5492,position,1785151885.123097,1.713,/vehicle/driver_position_cmd
107.5837,velocity,1785151885.099885,0.656,/vehicle/rear_bogie_velocity
107.5844,position,1785151885.099885,1.389,/vehicle/rear_bogie_velocity
107.5919,velocity,1785151885.173059,0.283,/vehicle/driver_position_cmd
107.5925,position,1785151885.173059,0.899,/vehicle/driver_position_cmd
107.6468,velocity,1785151885.223097,0.577,/vehicle/driver_position_cmd
107.6472,position,1785151885.223097,0.985,/vehicle/driver_position_cmd
107.6838,velocity,1785151885.189858,0.613,/vehicle/rear_bogie_velocity
107.6843,position,1785151885.189858,1.081,/vehicle/rear_bogie_velocity
107.6927,velocity,1785151885.273083,0.784,/vehicle/driver_position_cmd
107.6933,position,1785151885.273083,1.429,/vehicle/driver_position_cmd
107.7470,velocity,1785151885.323092,1.224,/vehicle/driver_position_cmd
107.7477,position,1785151885.323092,1.915,/vehicle/driver_position_cmd
107.7831,velocity,1785151885.297831,0.674,/vehicle/rear_bogie_velocity
107.7841,position,1785151885.297831,1.646,/vehicle/rear_bogie_velocity
107.7941,velocity,1785151885.373083,0.804,/vehicle/driver_position_cmd
107.7949,position,1785151885.373083,1.553,/vehicle/driver_position_cmd
107.8501,velocity,1785151885.423075,0.877,/vehicle/driver_position_cmd
107.8508,position,1785151885.423075,1.536,/vehicle/driver_position_cmd
107.8806,velocity,1785151885.407798,0.825,/vehicle/rear_bogie_velocity
107.8813,position,1785151885.407798,1.493,/vehicle/rear_bogie_velocity
107.8914,velocity,1785151885.473113,0.831,/vehicle/driver_position_cmd
107.8922,position,1785151885.473113,1.606,/vehicle/driver_position_cmd
107.9490,velocity,1785151885.523068,0.784,/vehicle/driver_position_cmd
107.9497,position,1785151885.523068,1.481,/vehicle/driver_position_cmd
107.9814,velocity,1785151885.503776,0.225,/vehicle/rear_bogie_velocity
107.9817,position,1785151885.503776,0.539,/vehicle/rear_bogie_velocity
107.9950,velocity,1785151885.573091,0.615,/vehicle/driver_position_cmd
107.9955,position,1785151885.573091,1.105,/vehicle/driver_position_cmd
108.0502,velocity,1785151885.623111,1.031,/vehicle/driver_position_cmd
108.0510,position,1785151885.623111,1.881,/vehicle/driver_position_cmd
108.0790,velocity,1785151885.603746,0.326,/vehicle/rear_bogie_velocity
108.0799,position,1785151885.603746,1.160,/vehicle/rear_bogie_velocity
108.0910,velocity,1785151885.673085,0.877,/vehicle/driver_position_cmd
108.0914,position,1785151885.673085,1.311,/vehicle/driver_position_cmd
108.1488,velocity,1785151885.723084,1.178,/vehicle/driver_position_cmd
108.1494,position,1785151885.723084,1.777,/vehicle/driver_position_cmd
108.1843,velocity,1785151885.691726,0.783,/vehicle/rear_bogie_velocity
108.1849,position,1785151885.691726,1.438,/vehicle/rear_bogie_velocity
108.1916,velocity,1785151885.773084,0.779,/vehicle/driver_position_cmd
108.1924,position,1785151885.773084,1.563,/vehicle/driver_position_cmd
108.2415,velocity,1785151885.823091,0.392,/vehicle/driver_position_cmd
108.2420,position,1785151885.823091,0.907,/vehicle/driver_position_cmd
108.2796,velocity,1785151885.801703,0.844,/vehicle/rear_bogie_velocity
108.2800,position,1785151885.801703,1.275,/vehicle/rear_bogie_velocity
108.2909,velocity,1785151885.873064,0.989,/vehicle/driver_position_cmd
108.2913,position,1785151885.873064,1.455,/vehicle/driver_position_cmd
108.3459,velocity,1785151885.923105,0.669,/vehicle/driver_position_cmd
108.3464,position,1785151885.923105,1.163,/vehicle/driver_position_cmd
108.3823,velocity,1785151885.899667,0.242,/vehicle/rear_bogie_velocity
108.3826,position,1785151885.899667,0.591,/vehicle/rear_bogie_velocity
108.3903,velocity,1785151885.973088,0.294,/vehicle/driver_position_cmd
108.3905,position,1785151885.973088,0.558,/vehicle/driver_position_cmd
108.4429,velocity,1785151886.023077,0.933,/vehicle/driver_position_cmd
108.4435,position,1785151886.023077,1.525,/vehicle/driver_position_cmd
108.4859,velocity,1785151886.003638,0.619,/vehicle/rear_bogie_velocity
108.4866,position,1785151886.003638,1.320,/vehicle/rear_bogie_velocity
108.4910,velocity,1785151886.073064,0.507,/vehicle/driver_position_cmd
108.4914,position,1785151886.073064,0.960,/vehicle/driver_position_cmd
108.5452,velocity,1785151886.123082,0.828,/vehicle/driver_position_cmd
108.5457,position,1785151886.123082,1.417,/vehicle/driver_position_cmd
108.5788,velocity,1785151886.099612,0.363,/vehicle/rear_bogie_velocity
108.5792,position,1785151886.099612,0.840,/vehicle/rear_bogie_velocity
108.5960,velocity,1785151886.173092,0.520,/vehicle/driver_position_cmd
108.5966,position,1785151886.173092,1.096,/vehicle/driver_position_cmd
108.6431,velocity,1785151886.223094,0.959,/vehicle/driver_position_cmd
108.6438,position,1785151886.223094,1.643,/vehicle/driver_position_cmd
108.6854,velocity,1785151886.189585,0.390,/vehicle/rear_bogie_velocity
108.6860,position,1785151886.189585,0.963,/vehicle/rear_bogie_velocity
108.6917,velocity,1785151886.273088,0.806,/vehicle/driver_position_cmd
108.6925,position,1785151886.273088,1.601,/vehicle/driver_position_cmd
108.7485,velocity,1785151886.323066,0.708,/vehicle/driver_position_cmd
108.7493,position,1785151886.323066,1.525,/vehicle/driver_position_cmd
108.7813,velocity,1785151886.295606,0.564,/vehicle/rear_bogie_velocity
108.7821,position,1785151886.295606,1.330,/vehicle/rear_bogie_velocity
108.7950,velocity,1785151886.373100,0.757,/vehicle/driver_position_cmd
108.7953,position,1785151886.373100,1.080,/vehicle/driver_position_cmd
108.8508,velocity,1785151886.423071,1.112,/vehicle/driver_position_cmd
108.8517,position,1785151886.423071,1.925,/vehicle/driver_position_cmd
108.8849,velocity,1785151886.407526,0.591,/vehicle/rear_bogie_velocity
108.8854,position,1785151886.407526,1.107,/vehicle/rear_bogie_velocity
108.8906,velocity,1785151886.473060,0.302,/vehicle/driver_position_cmd
108.8909,position,1785151886.473060,0.574,/vehicle/driver_position_cmd
108.9514,velocity,1785151886.523093,0.776,/vehicle/driver_position_cmd
108.9519,position,1785151886.523093,1.300,/vehicle/driver_position_cmd
108.9855,velocity,1785151886.493494,0.448,/vehicle/rear_bogie_velocity
108.9861,position,1785151886.493494,1.014,/vehicle/rear_bogie_velocity
108.9921,velocity,1785151886.573108,0.328,/vehicle/driver_position_cmd
108.9927,position,1785151886.573108,0.925,/vehicle/driver_position_cmd
109.0470,velocity,1785151886.623072,1.485,/vehicle/driver_position_cmd
109.0477,position,1785151886.623072,2.159,/vehicle/driver_position_cmd
109.0775,velocity,1785151886.601473,0.286,/vehicle/rear_bogie_velocity
109.0791,position,1785151886.601473,1.884,/vehicle/rear_bogie_velocity
109.0905,velocity,1785151886.673065,0.881,/vehicle/driver_position_cmd
109.0912,position,1785151886.673065,1.575,/vehicle/driver_position_cmd
109.1489,velocity,1785151886.723078,1.017,/vehicle/driver_position_cmd
109.1495,position,1785151886.723078,1.604,/vehicle/driver_position_cmd
109.1832,velocity,1785151886.689456,0.322,/vehicle/rear_bogie_velocity
109.1837,position,1785151886.689456,0.755,/vehicle/rear_bogie_velocity
109.1903,velocity,1785151886.773091,0.748,/vehicle/driver_position_cmd
109.1909,position,1785151886.773091,1.334,/vehicle/driver_position_cmd
109.2429,velocity,1785151886.823113,0.951,/vehicle/driver_position_cmd
109.2436,position,1785151886.823113,1.569,/vehicle/driver_position_cmd
109.2808,velocity,1785151886.797415,0.803,/vehicle/rear_bogie_velocity
109.2815,position,1785151886.797415,1.480,/vehicle/rear_bogie_velocity
109.2908,velocity,1785151886.873090,0.417,/vehicle/driver_position_cmd
109.2913,position,1785151886.873090,0.853,/vehicle/driver_position_cmd
109.3435,velocity,1785151886.923071,0.407,/vehicle/driver_position_cmd
109.3437,position,1785151886.923071,0.609,/vehicle/driver_position_cmd
109.3861,velocity,1785151886.891398,0.193,/vehicle/rear_bogie_velocity
109.3864,position,1785151886.891398,0.475,/vehicle/rear_bogie_velocity
109.3903,velocity,1785151886.973101,0.274,/vehicle/driver_position_cmd
109.3905,position,1785151886.973101,0.521,/vehicle/driver_position_cmd
109.4510,velocity,1785151887.023104,0.667,/vehicle/driver_position_cmd
109.4516,position,1785151887.023104,1.222,/vehicle/driver_position_cmd
109.4811,velocity,1785151886.995365,0.386,/vehicle/rear_bogie_velocity
109.4815,position,1785151886.995365,0.763,/vehicle/rear_bogie_velocity
109.4944,velocity,1785151887.073112,1.045,/vehicle/driver_position_cmd
109.4951,position,1785151887.073112,1.717,/vehicle/driver_position_cmd
109.5432,velocity,1785151887.123083,0.933,/vehicle/driver_position_cmd
109.5439,position,1785151887.123083,1.612,/vehicle/driver_position_cmd
109.5849,velocity,1785151887.101340,0.405,/vehicle/rear_bogie_velocity
109.5858,position,1785151887.101340,1.308,/vehicle/rear_bogie_velocity
109.5922,velocity,1785151887.173090,0.780,/vehicle/driver_position_cmd
109.5930,position,1785151887.173090,1.525,/vehicle/driver_position_cmd
109.6498,velocity,1785151887.223103,0.531,/vehicle/driver_position_cmd
109.6506,position,1785151887.223103,1.363,/vehicle/driver_position_cmd
109.6871,velocity,1785151887.193300,0.601,/vehicle/rear_bogie_velocity
109.6879,position,1785151887.193300,1.427,/vehicle/rear_bogie_velocity
109.6919,velocity,1785151887.273086,0.512,/vehicle/driver_position_cmd
109.6925,position,1785151887.273086,1.132,/vehicle/driver_position_cmd
109.7424,velocity,1785151887.323092,0.910,/vehicle/driver_position_cmd
109.7430,position,1785151887.323092,1.583,/vehicle/driver_position_cmd
109.7832,velocity,1785151887.293280,0.593,/vehicle/rear_bogie_velocity
109.7840,position,1785151887.293280,1.380,/vehicle/rear_bogie_velocity
109.7937,velocity,1785151887.373088,0.629,/vehicle/driver_position_cmd
109.7943,position,1785151887.373088,1.212,/vehicle/driver_position_cmd
109.8421,velocity,1785151887.423110,0.929,/vehicle/driver_position_cmd
109.8429,position,1785151887.423110,1.739,/vehicle/driver_position_cmd
109.8883,velocity,1785151887.411746,0.494,/vehicle/rear_bogie_velocity
109.8891,position,1785151887.411746,1.239,/vehicle/rear_bogie_velocity
109.8925,velocity,1785151887.473123,0.472,/vehicle/driver_position_cmd
109.8928,position,1785151887.473123,0.754,/vehicle/driver_position_cmd
109.9438,velocity,1785151887.523091,0.824,/vehicle/driver_position_cmd
109.9442,position,1785151887.523091,1.223,/vehicle/driver_position_cmd
109.9801,velocity,1785151887.499221,0.205,/vehicle/rear_bogie_velocity
109.9807,position,1785151887.499221,0.780,/vehicle/rear_bogie_velocity
109.9950,velocity,1785151887.573104,0.412,/vehicle/driver_position_cmd
109.9958,position,1785151887.573104,1.164,/vehicle/driver_position_cmd
110.0469,velocity,1785151887.623111,0.891,/vehicle/driver_position_cmd
110.0473,position,1785151887.623111,1.311,/vehicle/driver_position_cmd
110.0783,velocity,1785151887.603205,0.202,/vehicle/rear_bogie_velocity
110.0787,position,1785151887.603205,0.551,/vehicle/rear_bogie_velocity
110.0926,velocity,1785151887.673070,0.719,/vehicle/driver_position_cmd
110.0930,position,1785151887.673070,1.120,/vehicle/driver_position_cmd
110.1514,velocity,1785151887.723079,0.866,/vehicle/driver_position_cmd
110.1518,position,1785151887.723079,1.339,/vehicle/driver_position_cmd
110.1829,velocity,1785151887.697228,0.540,/vehicle/rear_bogie_velocity
110.1836,position,1785151887.697228,1.221,/vehicle/rear_bogie_velocity
110.1927,velocity,1785151887.773097,0.752,/vehicle/driver_position_cmd
110.1933,position,1785151887.773097,1.392,/vehicle/driver_position_cmd
110.2512,velocity,1785151887.823096,1.032,/vehicle/driver_position_cmd
110.2520,position,1785151887.823096,1.775,/vehicle/driver_position_cmd
110.2771,velocity,1785151887.803136,0.537,/vehicle/rear_bogie_velocity
110.2778,position,1785151887.803136,1.264,/vehicle/rear_bogie_velocity
110.2953,velocity,1785151887.873091,0.334,/vehicle/driver_position_cmd
110.2957,position,1785151887.873091,0.712,/vehicle/driver_position_cmd
110.3421,velocity,1785151887.923076,0.373,/vehicle/driver_position_cmd
110.3423,position,1785151887.923076,0.567,/vehicle/driver_position_cmd
110.3806,velocity,1785151887.893108,0.253,/vehicle/rear_bogie_velocity
110.3807,position,1785151887.893108,0.350,/vehicle/rear_bogie_velocity
110.3948,velocity,1785151887.973084,0.334,/vehicle/driver_position_cmd
110.3949,position,1785151887.973084,0.445,/vehicle/driver_position_cmd
110.4508,velocity,1785151888.023089,0.477,/vehicle/driver_position_cmd
110.4512,position,1785151888.023089,0.891,/vehicle/driver_position_cmd
110.4817,velocity,1785151888.001077,0.616,/vehicle/rear_bogie_velocity
110.4824,position,1785151888.001077,1.278,/vehicle/rear_bogie_velocity
110.4918,velocity,1785151888.073101,0.856,/vehicle/driver_position_cmd
110.4927,position,1785151888.073101,1.759,/vehicle/driver_position_cmd
110.5456,velocity,1785151888.123068,0.463,/vehicle/driver_position_cmd
110.5463,position,1785151888.123068,1.130,/vehicle/driver_position_cmd
110.5793,velocity,1785151888.103050,0.345,/vehicle/rear_bogie_velocity
110.5802,position,1785151888.103050,1.282,/vehicle/rear_bogie_velocity
110.5951,velocity,1785151888.173080,0.311,/vehicle/driver_position_cmd
110.5955,position,1785151888.173080,0.671,/vehicle/driver_position_cmd
110.6447,velocity,1785151888.223078,0.732,/vehicle/driver_position_cmd
110.6455,position,1785151888.223078,1.459,/vehicle/driver_position_cmd
110.6857,velocity,1785151888.195022,0.305,/vehicle/rear_bogie_velocity
110.6862,position,1785151888.195022,0.822,/vehicle/rear_bogie_velocity
110.6908,velocity,1785151888.273065,0.352,/vehicle/driver_position_cmd
110.6911,position,1785151888.273065,0.664,/vehicle/driver_position_cmd
110.7490,velocity,1785151888.323081,0.941,/vehicle/driver_position_cmd
110.7494,position,1785151888.323081,1.363,/vehicle/driver_position_cmd
110.7798,velocity,1785151888.290996,0.617,/vehicle/rear_bogie_velocity
110.7805,position,1785151888.290996,1.353,/vehicle/rear_bogie_velocity
110.7954,velocity,1785151888.373076,0.393,/vehicle/driver_position_cmd
110.7957,position,1785151888.373076,0.763,/vehicle/driver_position_cmd
110.8418,velocity,1785151888.423067,0.589,/vehicle/driver_position_cmd
110.8426,position,1785151888.423067,1.320,/vehicle/driver_position_cmd
110.8778,velocity,1785151888.408968,0.340,/vehicle/rear_bogie_velocity
110.8781,position,1785151888.408968,0.662,/vehicle/rear_bogie_velocity
110.8906,velocity,1785151888.473078,0.305,/vehicle/driver_position_cmd
110.8909,position,1785151888.473078,0.600,/vehicle/driver_position_cmd
110.9436,velocity,1785151888.523177,0.879,/vehicle/driver_position_cmd
110.9442,position,1785151888.523177,1.492,/vehicle/driver_position_cmd
110.9835,velocity,1785151888.550922,0.587,/vehicle/rear_bogie_velocity
110.9842,position,1785151888.550922,1.347,/vehicle/rear_bogie_velocity
110.9940,velocity,1785151888.573089,0.845,/vehicle/driver_position_cmd
110.9946,position,1785151888.573089,1.502,/vehicle/driver_position_cmd
111.0422,velocity,1785151888.623072,0.962,/vehicle/driver_position_cmd
111.0430,position,1785151888.623072,1.813,/vehicle/driver_position_cmd
111.0808,velocity,1785151888.600908,0.577,/vehicle/rear_bogie_velocity
111.0816,position,1785151888.600908,1.346,/vehicle/rear_bogie_velocity
111.0917,velocity,1785151888.673086,0.821,/vehicle/driver_position_cmd
111.0924,position,1785151888.673086,1.517,/vehicle/driver_position_cmd
111.1518,velocity,1785151888.723103,0.975,/vehicle/driver_position_cmd
111.1524,position,1785151888.723103,1.626,/vehicle/driver_position_cmd
111.1856,velocity,1785151888.690886,0.545,/vehicle/rear_bogie_velocity
111.1864,position,1785151888.690886,1.338,/vehicle/rear_bogie_velocity
111.1922,velocity,1785151888.773107,0.605,/vehicle/driver_position_cmd
111.1928,position,1785151888.773107,1.256,/vehicle/driver_position_cmd
111.2421,velocity,1785151888.823102,0.948,/vehicle/driver_position_cmd
111.2425,position,1785151888.823102,1.382,/vehicle/driver_position_cmd
111.2787,velocity,1785151888.794857,0.848,/vehicle/rear_bogie_velocity
111.2797,position,1785151888.794857,1.894,/vehicle/rear_bogie_velocity
111.2907,velocity,1785151888.873101,0.408,/vehicle/driver_position_cmd
111.2910,position,1785151888.873101,0.739,/vehicle/driver_position_cmd
111.3418,velocity,1785151888.923086,0.995,/vehicle/driver_position_cmd
111.3426,position,1785151888.923086,1.792,/vehicle/driver_position_cmd
111.3833,velocity,1785151888.888831,0.600,/vehicle/rear_bogie_velocity
111.3840,position,1785151888.888831,1.360,/vehicle/rear_bogie_velocity
111.3951,velocity,1785151888.973071,1.852,/vehicle/driver_position_cmd
111.3956,position,1785151888.973071,2.354,/vehicle/driver_position_cmd
111.4482,velocity,1785151889.023078,1.021,/vehicle/driver_position_cmd
111.4489,position,1785151889.023078,1.689,/vehicle/driver_position_cmd
111.4814,velocity,1785151888.994800,0.644,/vehicle/rear_bogie_velocity
111.4820,position,1785151888.994800,1.288,/vehicle/rear_bogie_velocity
111.4934,velocity,1785151889.073094,0.771,/vehicle/driver_position_cmd
111.4941,position,1785151889.073094,1.492,/vehicle/driver_position_cmd
111.5436,velocity,1785151889.123130,1.035,/vehicle/driver_position_cmd
111.5449,position,1785151889.123130,2.336,/vehicle/driver_position_cmd
111.5798,velocity,1785151889.098772,0.549,/vehicle/rear_bogie_velocity
111.5802,position,1785151889.098772,1.006,/vehicle/rear_bogie_velocity
111.5958,velocity,1785151889.173100,0.485,/vehicle/driver_position_cmd
111.5962,position,1785151889.173100,0.897,/vehicle/driver_position_cmd
111.6417,velocity,1785151889.223076,1.050,/vehicle/driver_position_cmd
111.6422,position,1785151889.223076,1.551,/vehicle/driver_position_cmd
111.6808,velocity,1785151889.188750,0.366,/vehicle/rear_bogie_velocity
111.6812,position,1785151889.188750,0.787,/vehicle/rear_bogie_velocity
111.6930,velocity,1785151889.273122,0.950,/vehicle/driver_position_cmd
111.6938,position,1785151889.273122,1.771,/vehicle/driver_position_cmd
111.7461,velocity,1785151889.323104,1.344,/vehicle/driver_position_cmd
111.7469,position,1785151889.323104,2.214,/vehicle/driver_position_cmd
111.7839,velocity,1785151889.296714,0.642,/vehicle/rear_bogie_velocity
111.7848,position,1785151889.296714,1.512,/vehicle/rear_bogie_velocity
111.7929,velocity,1785151889.373084,0.864,/vehicle/driver_position_cmd
111.7937,position,1785151889.373084,1.713,/vehicle/driver_position_cmd
111.8459,velocity,1785151889.423098,1.411,/vehicle/driver_position_cmd
111.8465,position,1785151889.423098,2.044,/vehicle/driver_position_cmd
111.8823,velocity,1785151889.406698,0.672,/vehicle/rear_bogie_velocity
111.8829,position,1785151889.406698,1.324,/vehicle/rear_bogie_velocity
111.8943,velocity,1785151889.473078,1.491,/vehicle/driver_position_cmd
111.8951,position,1785151889.473078,2.253,/vehicle/driver_position_cmd
111.9476,velocity,1785151889.523071,0.710,/vehicle/driver_position_cmd
111.9482,position,1785151889.523071,1.343,/vehicle/driver_position_cmd
111.9854,velocity,1785151889.500665,0.327,/vehicle/rear_bogie_velocity
111.9858,position,1785151889.500665,0.728,/vehicle/rear_bogie_velocity
111.9907,velocity,1785151889.573061,0.327,/vehicle/driver_position_cmd
111.9911,position,1785151889.573061,0.642,/vehicle/driver_position_cmd
112.0418,velocity,1785151889.623065,0.485,/vehicle/driver_position_cmd
112.0422,position,1785151889.623065,0.870,/vehicle/driver_position_cmd
112.0780,velocity,1785151889.602639,0.452,/vehicle/rear_bogie_velocity
112.0785,position,1785151889.602639,0.884,/vehicle/rear_bogie_velocity
112.0929,velocity,1785151889.673074,0.610,/vehicle/driver_position_cmd
112.0936,position,1785151889.673074,1.334,/vehicle/driver_position_cmd
112.1489,velocity,1785151889.723062,0.293,/vehicle/driver_position_cmd
112.1491,position,1785151889.723062,0.582,/vehicle/driver_position_cmd
112.1774,velocity,1785151889.694608,0.275,/vehicle/rear_bogie_velocity
112.1777,position,1785151889.694608,0.564,/vehicle/rear_bogie_velocity
112.1935,velocity,1785151889.773082,0.539,/vehicle/driver_position_cmd
112.1940,position,1785151889.773082,0.947,/vehicle/driver_position_cmd
112.2404,velocity,1785151889.823110,0.821,/vehicle/driver_position_cmd
112.2411,position,1785151889.823110,1.558,/vehicle/driver_position_cmd
112.2838,velocity,1785151889.802575,0.555,/vehicle/rear_bogie_velocity
112.2843,position,1785151889.802575,1.068,/vehicle/rear_bogie_velocity
112.2930,velocity,1785151889.873095,0.448,/vehicle/driver_position_cmd
112.2932,position,1785151889.873095,0.630,/vehicle/driver_position_cmd
112.3471,velocity,1785151889.923107,1.060,/vehicle/driver_position_cmd
112.3477,position,1785151889.923107,1.636,/vehicle/driver_position_cmd
112.3804,velocity,1785151889.900563,0.567,/vehicle/rear_bogie_velocity
112.3817,position,1785151889.900563,1.868,/vehicle/rear_bogie_velocity
112.3920,velocity,1785151889.973083,1.092,/vehicle/driver_position_cmd
112.3930,position,1785151889.973083,2.093,/vehicle/driver_position_cmd
112.4462,velocity,1785151890.023059,1.059,/vehicle/driver_position_cmd
112.4474,position,1785151890.023059,2.226,/vehicle/driver_position_cmd
112.4790,velocity,1785151890.004523,0.445,/vehicle/rear_bogie_velocity
112.4793,position,1785151890.004523,0.823,/vehicle/rear_bogie_velocity
112.4957,velocity,1785151890.073081,0.390,/vehicle/driver_position_cmd
112.4961,position,1785151890.073081,0.782,/vehicle/driver_position_cmd
112.5497,velocity,1785151890.123100,0.973,/vehicle/driver_position_cmd
112.5505,position,1785151890.123100,1.795,/vehicle/driver_position_cmd
112.5808,velocity,1785151890.104503,0.317,/vehicle/rear_bogie_velocity
112.5812,position,1785151890.104503,0.745,/vehicle/rear_bogie_velocity
112.5940,velocity,1785151890.173112,0.799,/vehicle/driver_position_cmd
112.5949,position,1785151890.173112,1.661,/vehicle/driver_position_cmd
112.6494,velocity,1785151890.223105,0.545,/vehicle/driver_position_cmd
112.6499,position,1785151890.223105,1.043,/vehicle/driver_position_cmd
112.6802,velocity,1785151890.192472,0.982,/vehicle/rear_bogie_velocity
112.6811,position,1785151890.192472,1.936,/vehicle/rear_bogie_velocity
112.6944,velocity,1785151890.273067,0.709,/vehicle/driver_position_cmd
112.6954,position,1785151890.273067,1.647,/vehicle/driver_position_cmd
112.7436,velocity,1785151890.323130,0.836,/vehicle/driver_position_cmd
112.7441,position,1785151890.323130,1.399,/vehicle/driver_position_cmd
112.7824,velocity,1785151890.298444,0.453,/vehicle/rear_bogie_velocity
112.7836,position,1785151890.298444,1.643,/vehicle/rear_bogie_velocity
112.7921,velocity,1785151890.373065,0.821,/vehicle/driver_position_cmd
112.7924,position,1785151890.373065,1.147,/vehicle/driver_position_cmd
112.8503,velocity,1785151890.423084,1.006,/vehicle/driver_position_cmd
112.8513,position,1785151890.423084,1.937,/vehicle/driver_position_cmd
112.8817,velocity,1785151890.408413,0.676,/vehicle/rear_bogie_velocity
112.8826,position,1785151890.408413,1.559,/vehicle/rear_bogie_velocity
112.8917,velocity,1785151890.473075,0.841,/vehicle/driver_position_cmd
112.8924,position,1785151890.473075,1.534,/vehicle/driver_position_cmd
112.9507,velocity,1785151890.523083,0.597,/vehicle/driver_position_cmd
112.9512,position,1785151890.523083,1.122,/vehicle/driver_position_cmd
112.9781,velocity,1785151890.536380,0.923,/vehicle/rear_bogie_velocity
112.9787,position,1785151890.536380,1.524,/vehicle/rear_bogie_velocity
112.9918,velocity,1785151890.573069,0.952,/vehicle/driver_position_cmd
112.9925,position,1785151890.573069,1.609,/vehicle/driver_position_cmd
113.0504,velocity,1785151890.623060,1.025,/vehicle/driver_position_cmd
113.0514,position,1785151890.623060,2.055,/vehicle/driver_position_cmd
113.0782,velocity,1785151890.590361,1.270,/vehicle/rear_bogie_velocity
113.0785,position,1785151890.590361,1.567,/vehicle/rear_bogie_velocity
113.0901,velocity,1785151890.673068,0.556,/vehicle/driver_position_cmd
113.0905,position,1785151890.673068,0.966,/vehicle/driver_position_cmd
113.1440,velocity,1785151890.723077,0.290,/vehicle/driver_position_cmd
113.1442,position,1785151890.723077,0.549,/vehicle/driver_position_cmd
113.1795,velocity,1785151890.688329,0.302,/vehicle/rear_bogie_velocity
113.1796,position,1785151890.688329,0.434,/vehicle/rear_bogie_velocity
113.1939,velocity,1785151890.773059,0.384,/vehicle/driver_position_cmd
113.1943,position,1785151890.773059,0.734,/vehicle/driver_position_cmd
113.2451,velocity,1785151890.823087,0.487,/vehicle/driver_position_cmd
113.2456,position,1785151890.823087,0.895,/vehicle/driver_position_cmd
113.2794,velocity,1785151890.796304,0.297,/vehicle/rear_bogie_velocity
113.2797,position,1785151890.796304,0.601,/vehicle/rear_bogie_velocity
113.2948,velocity,1785151890.873066,0.880,/vehicle/driver_position_cmd
113.2952,position,1785151890.873066,1.223,/vehicle/driver_position_cmd
113.3454,velocity,1785151890.923088,0.384,/vehicle/driver_position_cmd
113.3457,position,1785151890.923088,0.733,/vehicle/driver_position_cmd
113.3843,velocity,1785151890.890274,0.600,/vehicle/rear_bogie_velocity
113.3852,position,1785151890.890274,1.419,/vehicle/rear_bogie_velocity
113.3928,velocity,1785151890.973059,0.785,/vehicle/driver_position_cmd
113.3935,position,1785151890.973059,1.475,/vehicle/driver_position_cmd
113.4509,velocity,1785151891.023096,0.959,/vehicle/driver_position_cmd
113.4516,position,1785151891.023096,1.671,/vehicle/driver_position_cmd
113.4794,velocity,1785151890.998248,0.333,/vehicle/rear_bogie_velocity
113.4802,position,1785151890.998248,1.121,/vehicle/rear_bogie_velocity
113.4955,velocity,1785151891.073080,0.526,/vehicle/driver_position_cmd
113.4961,position,1785151891.073080,1.119,/vehicle/driver_position_cmd
113.5497,velocity,1785151891.123095,0.581,/vehicle/driver_position_cmd
113.5502,position,1785151891.123095,1.071,/vehicle/driver_position_cmd
113.5791,velocity,1785151891.098235,0.376,/vehicle/rear_bogie_velocity
113.5796,position,1785151891.098235,0.877,/vehicle/rear_bogie_velocity
113.5910,velocity,1785151891.173084,1.087,/vehicle/driver_position_cmd
113.5914,position,1785151891.173084,1.456,/vehicle/driver_position_cmd
113.6417,velocity,1785151891.223095,0.953,/vehicle/driver_position_cmd
113.6425,position,1785151891.223095,1.759,/vehicle/driver_position_cmd
113.6802,velocity,1785151891.188197,1.301,/vehicle/rear_bogie_velocity
113.6810,position,1785151891.188197,2.126,/vehicle/rear_bogie_velocity
113.6913,velocity,1785151891.273092,0.789,/vehicle/driver_position_cmd
113.6921,position,1785151891.273092,1.558,/vehicle/driver_position_cmd
113.7467,velocity,1785151891.323073,1.021,/vehicle/driver_position_cmd
113.7473,position,1785151891.323073,1.620,/vehicle/driver_position_cmd
113.7822,velocity,1785151891.304166,0.712,/vehicle/rear_bogie_velocity
113.7830,position,1785151891.304166,1.551,/vehicle/rear_bogie_velocity
113.7917,velocity,1785151891.373102,0.788,/vehicle/driver_position_cmd
113.7924,position,1785151891.373102,1.487,/vehicle/driver_position_cmd
113.8425,velocity,1785151891.423067,1.009,/vehicle/driver_position_cmd
113.8430,position,1785151891.423067,1.456,/vehicle/driver_position_cmd
113.8848,velocity,1785151891.402140,0.641,/vehicle/rear_bogie_velocity
113.8856,position,1785151891.402140,1.424,/vehicle/rear_bogie_velocity
113.8913,velocity,1785151891.473077,0.779,/vehicle/driver_position_cmd
113.8920,position,1785151891.473077,1.535,/vehicle/driver_position_cmd
113.9500,velocity,1785151891.523084,0.904,/vehicle/driver_position_cmd
113.9508,position,1785151891.523084,1.712,/vehicle/driver_position_cmd
113.9829,velocity,1785151891.494158,0.659,/vehicle/rear_bogie_velocity
113.9838,position,1785151891.494158,1.522,/vehicle/rear_bogie_velocity
113.9923,velocity,1785151891.573088,0.908,/vehicle/driver_position_cmd
113.9931,position,1785151891.573088,1.652,/vehicle/driver_position_cmd
114.0503,velocity,1785151891.623082,1.025,/vehicle/driver_position_cmd
114.0511,position,1785151891.623082,1.806,/vehicle/driver_position_cmd
114.0803,velocity,1785151891.602081,0.678,/vehicle/rear_bogie_velocity
114.0812,position,1785151891.602081,1.608,/vehicle/rear_bogie_velocity
114.0945,velocity,1785151891.673082,0.763,/vehicle/driver_position_cmd
114.0957,position,1785151891.673082,1.983,/vehicle/driver_position_cmd
114.1468,velocity,1785151891.723111,0.630,/vehicle/driver_position_cmd
114.1472,position,1785151891.723111,1.083,/vehicle/driver_position_cmd
114.1855,velocity,1785151891.696054,0.555,/vehicle/rear_bogie_velocity
114.1863,position,1785151891.696054,1.336,/vehicle/rear_bogie_velocity
114.1924,velocity,1785151891.773088,0.856,/vehicle/driver_position_cmd
114.1932,position,1785151891.773088,1.609,/vehicle/driver_position_cmd
114.2408,velocity,1785151891.823073,0.592,/vehicle/driver_position_cmd
114.2412,position,1785151891.823073,0.998,/vehicle/driver_position_cmd
114.2809,velocity,1785151891.802030,0.652,/vehicle/rear_bogie_velocity
114.2815,position,1785151891.802030,1.305,/vehicle/rear_bogie_velocity
114.2926,velocity,1785151891.873089,0.751,/vehicle/driver_position_cmd
114.2933,position,1785151891.873089,1.447,/vehicle/driver_position_cmd
114.3458,velocity,1785151891.923119,0.766,/vehicle/driver_position_cmd
114.3465,position,1785151891.923119,1.459,/vehicle/driver_position_cmd
114.3791,velocity,1785151891.899998,0.637,/vehicle/rear_bogie_velocity
114.3796,position,1785151891.899998,1.118,/vehicle/rear_bogie_velocity
114.3910,velocity,1785151891.973133,0.383,/vehicle/driver_position_cmd
114.3918,position,1785151891.973133,1.178,/vehicle/driver_position_cmd
114.4430,velocity,1785151892.023086,0.582,/vehicle/driver_position_cmd
114.4435,position,1785151892.023086,1.035,/vehicle/driver_position_cmd
114.4836,velocity,1785151892.003974,0.588,/vehicle/rear_bogie_velocity
114.4843,position,1785151892.003974,1.257,/vehicle/rear_bogie_velocity
114.4940,velocity,1785151892.073107,0.970,/vehicle/driver_position_cmd
114.4947,position,1785151892.073107,1.731,/vehicle/driver_position_cmd
114.5467,velocity,1785151892.123072,1.328,/vehicle/driver_position_cmd
114.5472,position,1785151892.123072,1.864,/vehicle/driver_position_cmd
114.5824,velocity,1785151892.105951,0.408,/vehicle/rear_bogie_velocity
114.5829,position,1785151892.105951,0.979,/vehicle/rear_bogie_velocity
114.5945,velocity,1785151892.173095,0.949,/vehicle/driver_position_cmd
114.5955,position,1785151892.173095,2.028,/vehicle/driver_position_cmd
114.6418,velocity,1785151892.223105,0.936,/vehicle/driver_position_cmd
114.6426,position,1785151892.223105,1.734,/vehicle/driver_position_cmd
114.6815,velocity,1785151892.201922,0.640,/vehicle/rear_bogie_velocity
114.6823,position,1785151892.201922,1.437,/vehicle/rear_bogie_velocity
114.6965,velocity,1785151892.273097,1.429,/vehicle/driver_position_cmd
114.6971,position,1785151892.273097,2.097,/vehicle/driver_position_cmd
114.7429,velocity,1785151892.323082,0.626,/vehicle/driver_position_cmd
114.7438,position,1785151892.323082,1.462,/vehicle/driver_position_cmd
114.7802,velocity,1785151892.305891,1.143,/vehicle/rear_bogie_velocity
114.7811,position,1785151892.305891,2.040,/vehicle/rear_bogie_velocity
114.7918,velocity,1785151892.373085,0.910,/vehicle/driver_position_cmd
114.7926,position,1785151892.373085,1.690,/vehicle/driver_position_cmd
114.8497,velocity,1785151892.423068,0.619,/vehicle/driver_position_cmd
114.8503,position,1785151892.423068,1.180,/vehicle/driver_position_cmd
114.8809,velocity,1785151892.425855,0.448,/vehicle/rear_bogie_velocity
114.8813,position,1785151892.425855,0.861,/vehicle/rear_bogie_velocity
114.8916,velocity,1785151892.473097,0.922,/vehicle/driver_position_cmd
114.8921,position,1785151892.473097,1.453,/vehicle/driver_position_cmd
114.9467,velocity,1785151892.523132,1.283,/vehicle/driver_position_cmd
114.9472,position,1785151892.523132,1.847,/vehicle/driver_position_cmd
114.9824,velocity,1785151892.495839,0.922,/vehicle/rear_bogie_velocity
114.9831,position,1785151892.495839,1.566,/vehicle/rear_bogie_velocity
114.9929,velocity,1785151892.573055,0.631,/vehicle/driver_position_cmd
114.9936,position,1785151892.573055,1.375,/vehicle/driver_position_cmd
115.0479,velocity,1785151892.623101,0.697,/vehicle/driver_position_cmd
115.0484,position,1785151892.623101,1.201,/vehicle/driver_position_cmd
115.0827,velocity,1785151892.599810,0.399,/vehicle/rear_bogie_velocity
115.0832,position,1785151892.599810,0.904,/vehicle/rear_bogie_velocity
115.0933,velocity,1785151892.673084,0.289,/vehicle/driver_position_cmd
115.0935,position,1785151892.673084,0.569,/vehicle/driver_position_cmd
115.1512,velocity,1785151892.723094,0.916,/vehicle/driver_position_cmd
115.1517,position,1785151892.723094,1.383,/vehicle/driver_position_cmd
115.1823,velocity,1785151892.699783,0.377,/vehicle/rear_bogie_velocity
115.1831,position,1785151892.699783,1.168,/vehicle/rear_bogie_velocity
115.1918,velocity,1785151892.773057,0.532,/vehicle/driver_position_cmd
115.1925,position,1785151892.773057,1.205,/vehicle/driver_position_cmd
115.2511,velocity,1785151892.823096,0.823,/vehicle/driver_position_cmd
115.2515,position,1785151892.823096,1.237,/vehicle/driver_position_cmd
115.2784,velocity,1785151892.801747,0.288,/vehicle/rear_bogie_velocity
115.2787,position,1785151892.801747,0.638,/vehicle/rear_bogie_velocity
115.2920,velocity,1785151892.873057,0.300,/vehicle/driver_position_cmd
115.2923,position,1785151892.873057,0.585,/vehicle/driver_position_cmd
115.3528,velocity,1785151892.923094,1.091,/vehicle/driver_position_cmd
115.3533,position,1785151892.923094,1.617,/vehicle/driver_position_cmd
115.3810,velocity,1785151892.889722,0.608,/vehicle/rear_bogie_velocity
115.3818,position,1785151892.889722,1.402,/vehicle/rear_bogie_velocity
115.3917,velocity,1785151892.973087,0.582,/vehicle/driver_position_cmd
115.3924,position,1785151892.973087,1.292,/vehicle/driver_position_cmd
115.4496,velocity,1785151893.023085,0.895,/vehicle/driver_position_cmd
115.4502,position,1785151893.023085,1.553,/vehicle/driver_position_cmd
115.4839,velocity,1785151892.999691,0.621,/vehicle/rear_bogie_velocity
115.4848,position,1785151892.999691,1.516,/vehicle/rear_bogie_velocity
115.4918,velocity,1785151893.073096,0.752,/vehicle/driver_position_cmd
115.4924,position,1785151893.073096,1.424,/vehicle/driver_position_cmd
115.5426,velocity,1785151893.123070,0.537,/vehicle/driver_position_cmd
115.5432,position,1785151893.123070,1.052,/vehicle/driver_position_cmd
115.5793,velocity,1785151893.099666,0.740,/vehicle/rear_bogie_velocity
115.5799,position,1785151893.099666,1.379,/vehicle/rear_bogie_velocity
115.5926,velocity,1785151893.173061,0.846,/vehicle/driver_position_cmd
115.5930,position,1785151893.173061,1.318,/vehicle/driver_position_cmd
115.6499,velocity,1785151893.223103,0.486,/vehicle/driver_position_cmd
115.6503,position,1785151893.223103,0.908,/vehicle/driver_position_cmd
115.6823,velocity,1785151893.193642,0.742,/vehicle/rear_bogie_velocity
115.6828,position,1785151893.193642,1.248,/vehicle/rear_bogie_velocity
115.6903,velocity,1785151893.273076,0.301,/vehicle/driver_position_cmd
115.6906,position,1785151893.273076,0.590,/vehicle/driver_position_cmd
115.7431,velocity,1785151893.323094,0.950,/vehicle/driver_position_cmd
115.7438,position,1785151893.323094,1.681,/vehicle/driver_position_cmd
115.7827,velocity,1785151893.347594,0.815,/vehicle/rear_bogie_velocity
115.7835,position,1785151893.347594,1.623,/vehicle/rear_bogie_velocity
115.7908,velocity,1785151893.373101,0.850,/vehicle/driver_position_cmd
115.7912,position,1785151893.373101,1.276,/vehicle/driver_position_cmd
115.8481,velocity,1785151893.423076,0.729,/vehicle/driver_position_cmd
115.8489,position,1785151893.423076,1.488,/vehicle/driver_position_cmd
115.8794,velocity,1785151893.395582,1.056,/vehicle/rear_bogie_velocity
115.8801,position,1785151893.395582,1.748,/vehicle/rear_bogie_velocity
115.8934,velocity,1785151893.473082,0.795,/vehicle/driver_position_cmd
115.8941,position,1785151893.473082,1.511,/vehicle/driver_position_cmd
115.9476,velocity,1785151893.523097,0.458,/vehicle/driver_position_cmd
115.9480,position,1785151893.523097,0.824,/vehicle/driver_position_cmd
115.9803,velocity,1785151893.495562,0.793,/vehicle/rear_bogie_velocity
115.9807,position,1785151893.495562,1.202,/vehicle/rear_bogie_velocity
115.9906,velocity,1785151893.573122,0.815,/vehicle/driver_position_cmd
115.9914,position,1785151893.573122,1.603,/vehicle/driver_position_cmd
116.0514,velocity,1785151893.623083,0.943,/vehicle/driver_position_cmd
116.0522,position,1785151893.623083,1.745,/vehicle/driver_position_cmd
116.0809,velocity,1785151893.597527,0.587,/vehicle/rear_bogie_velocity
116.0815,position,1785151893.597527,1.200,/vehicle/rear_bogie_velocity
116.0910,velocity,1785151893.673085,0.761,/vehicle/driver_position_cmd
116.0915,position,1785151893.673085,1.331,/vehicle/driver_position_cmd
116.1440,velocity,1785151893.723062,0.921,/vehicle/driver_position_cmd
116.1446,position,1785151893.723062,1.514,/vehicle/driver_position_cmd
116.1794,velocity,1785151893.695497,0.218,/vehicle/rear_bogie_velocity
116.1797,position,1785151893.695497,0.516,/vehicle/rear_bogie_velocity
116.1899,velocity,1785151893.773095,0.326,/vehicle/driver_position_cmd
116.1902,position,1785151893.773095,0.620,/vehicle/driver_position_cmd
116.2515,velocity,1785151893.823085,0.961,/vehicle/driver_position_cmd
116.2524,position,1785151893.823085,1.822,/vehicle/driver_position_cmd
116.2784,velocity,1785151893.797469,0.499,/vehicle/rear_bogie_velocity
116.2795,position,1785151893.797469,1.603,/vehicle/rear_bogie_velocity
116.2908,velocity,1785151893.873072,0.817,/vehicle/driver_position_cmd
116.2915,position,1785151893.873072,1.525,/vehicle/driver_position_cmd
116.3454,velocity,1785151893.923080,0.432,/vehicle/driver_position_cmd
116.3459,position,1785151893.923080,0.979,/vehicle/driver_position_cmd
116.3825,velocity,1785151893.895444,0.600,/vehicle/rear_bogie_velocity
116.3834,position,1785151893.895444,1.492,/vehicle/rear_bogie_velocity
116.3923,velocity,1785151893.973094,0.418,/vehicle/driver_position_cmd
116.3937,position,1785151893.973094,1.764,/vehicle/driver_position_cmd
116.4513,velocity,1785151894.023068,0.966,/vehicle/driver_position_cmd
116.4522,position,1785151894.023068,1.823,/vehicle/driver_position_cmd
116.4801,velocity,1785151893.999421,0.684,/vehicle/rear_bogie_velocity
116.4807,position,1785151893.999421,1.308,/vehicle/rear_bogie_velocity
116.4917,velocity,1785151894.073076,0.794,/vehicle/driver_position_cmd
116.4924,position,1785151894.073076,1.485,/vehicle/driver_position_cmd
116.5414,velocity,1785151894.123078,1.009,/vehicle/driver_position_cmd
116.5420,position,1785151894.123078,1.633,/vehicle/driver_position_cmd
116.5811,velocity,1785151894.115383,0.682,/vehicle/rear_bogie_velocity
116.5820,position,1785151894.115383,1.546,/vehicle/rear_bogie_velocity
116.5913,velocity,1785151894.173116,0.887,/vehicle/driver_position_cmd
116.5918,position,1785151894.173116,1.340,/vehicle/driver_position_cmd
116.6482,velocity,1785151894.223067,0.446,/vehicle/driver_position_cmd
116.6487,position,1785151894.223067,0.939,/vehicle/driver_position_cmd
116.6771,velocity,1785151894.199358,0.541,/vehicle/rear_bogie_velocity
116.6775,position,1785151894.199358,1.007,/vehicle/rear_bogie_velocity
116.6914,velocity,1785151894.273079,0.936,/vehicle/driver_position_cmd
116.6919,position,1785151894.273079,1.437,/vehicle/driver_position_cmd
116.7458,velocity,1785151894.323077,1.010,/vehicle/driver_position_cmd
116.7465,position,1785151894.323077,1.673,/vehicle/driver_position_cmd
116.7834,velocity,1785151894.303329,0.613,/vehicle/rear_bogie_velocity
116.7842,position,1785151894.303329,1.449,/vehicle/rear_bogie_velocity
116.7914,velocity,1785151894.373070,0.413,/vehicle/driver_position_cmd
116.7922,position,1785151894.373070,1.176,/vehicle/driver_position_cmd
116.8417,velocity,1785151894.423085,0.794,/vehicle/driver_position_cmd
116.8423,position,1785151894.423085,1.482,/vehicle/driver_position_cmd
116.8809,velocity,1785151894.409300,0.653,/vehicle/rear_bogie_velocity
116.8818,position,1785151894.409300,1.478,/vehicle/rear_bogie_velocity
116.8950,velocity,1785151894.473082,0.488,/vehicle/driver_position_cmd
116.8952,position,1785151894.473082,0.671,/vehicle/driver_position_cmd
116.9514,velocity,1785151894.523087,0.918,/vehicle/driver_position_cmd
116.9522,position,1785151894.523087,1.743,/vehicle/driver_position_cmd
116.9784,velocity,1785151894.499275,0.366,/vehicle/rear_bogie_velocity
116.9788,position,1785151894.499275,0.709,/vehicle/rear_bogie_velocity
116.9970,velocity,1785151894.573068,0.980,/vehicle/driver_position_cmd
116.9978,position,1785151894.573068,1.750,/vehicle/driver_position_cmd
117.0478,velocity,1785151894.623087,0.647,/vehicle/driver_position_cmd
117.0483,position,1785151894.623087,1.189,/vehicle/driver_position_cmd
117.0791,velocity,1785151894.603242,1.423,/vehicle/rear_bogie_velocity
117.0798,position,1785151894.603242,2.089,/vehicle/rear_bogie_velocity
117.0967,velocity,1785151894.673081,0.926,/vehicle/driver_position_cmd
117.0972,position,1785151894.673081,1.431,/vehicle/driver_position_cmd
117.1497,velocity,1785151894.723086,0.790,/vehicle/driver_position_cmd
117.1499,position,1785151894.723086,1.026,/vehicle/driver_position_cmd
117.1817,velocity,1785151894.689221,0.519,/vehicle/rear_bogie_velocity
117.1819,position,1785151894.689221,0.712,/vehicle/rear_bogie_velocity
117.1942,velocity,1785151894.773057,0.352,/vehicle/driver_position_cmd
117.1946,position,1785151894.773057,0.693,/vehicle/driver_position_cmd
117.2439,velocity,1785151894.823109,0.917,/vehicle/driver_position_cmd
117.2445,position,1785151894.823109,1.522,/vehicle/driver_position_cmd
117.2842,velocity,1785151894.795187,0.459,/vehicle/rear_bogie_velocity
117.2850,position,1785151894.795187,1.192,/vehicle/rear_bogie_velocity
117.2921,velocity,1785151894.873111,0.347,/vehicle/driver_position_cmd
117.2925,position,1785151894.873111,0.658,/vehicle/driver_position_cmd
117.3453,velocity,1785151894.923108,0.455,/vehicle/driver_position_cmd
117.3457,position,1785151894.923108,0.850,/vehicle/driver_position_cmd
117.3830,velocity,1785151894.889165,0.256,/vehicle/rear_bogie_velocity
117.3833,position,1785151894.889165,0.594,/vehicle/rear_bogie_velocity
117.3944,velocity,1785151894.973105,0.873,/vehicle/driver_position_cmd
117.3948,position,1785151894.973105,1.231,/vehicle/driver_position_cmd
117.4501,velocity,1785151895.023084,0.471,/vehicle/driver_position_cmd
117.4505,position,1785151895.023084,0.894,/vehicle/driver_position_cmd
117.4839,velocity,1785151894.997134,0.384,/vehicle/rear_bogie_velocity
117.4844,position,1785151894.997134,0.844,/vehicle/rear_bogie_velocity
117.4939,velocity,1785151895.073104,0.952,/vehicle/driver_position_cmd
117.4946,position,1785151895.073104,1.700,/vehicle/driver_position_cmd
117.5478,velocity,1785151895.123119,0.454,/vehicle/driver_position_cmd
117.5482,position,1785151895.123119,0.835,/vehicle/driver_position_cmd
117.5941,velocity,1785151895.099112,0.824,/vehicle/rear_bogie_velocity
117.5953,position,1785151895.099112,2.054,/vehicle/rear_bogie_velocity
117.5959,velocity,1785151895.173122,2.536,/vehicle/driver_position_cmd
117.5962,position,1785151895.173122,2.829,/vehicle/driver_position_cmd
117.6453,velocity,1785151895.223062,1.250,/vehicle/driver_position_cmd
117.6464,position,1785151895.223062,2.306,/vehicle/driver_position_cmd
117.6798,velocity,1785151895.189081,1.404,/vehicle/rear_bogie_velocity
117.6805,position,1785151895.189081,2.047,/vehicle/rear_bogie_velocity
117.6979,velocity,1785151895.273190,0.953,/vehicle/driver_position_cmd
117.6988,position,1785151895.273190,1.831,/vehicle/driver_position_cmd
117.7515,velocity,1785151895.323122,1.579,/vehicle/driver_position_cmd
117.7522,position,1785151895.323122,2.273,/vehicle/driver_position_cmd
117.7839,velocity,1785151895.293049,0.612,/vehicle/rear_bogie_velocity
117.7845,position,1785151895.293049,1.255,/vehicle/rear_bogie_velocity
117.7919,velocity,1785151895.373149,0.791,/vehicle/driver_position_cmd
117.7927,position,1785151895.373149,1.528,/vehicle/driver_position_cmd
117.8533,velocity,1785151895.423061,1.025,/vehicle/driver_position_cmd
117.8540,position,1785151895.423061,1.718,/vehicle/driver_position_cmd
117.8817,velocity,1785151895.407021,0.677,/vehicle/rear_bogie_velocity
117.8823,position,1785151895.407021,1.299,/vehicle/rear_bogie_velocity
117.8911,velocity,1785151895.473130,0.801,/vehicle/driver_position_cmd
117.8918,position,1785151895.473130,1.561,/vehicle/driver_position_cmd
117.9471,velocity,1785151895.523095,0.838,/vehicle/driver_position_cmd
117.9477,position,1785151895.523095,1.467,/vehicle/driver_position_cmd
117.9806,velocity,1785151895.498996,0.687,/vehicle/rear_bogie_velocity
117.9814,position,1785151895.498996,1.564,/vehicle/rear_bogie_velocity
117.9935,velocity,1785151895.573111,0.768,/vehicle/driver_position_cmd
117.9943,position,1785151895.573111,1.547,/vehicle/driver_position_cmd
118.0449,velocity,1785151895.623092,0.837,/vehicle/driver_position_cmd
118.0462,position,1785151895.623092,2.188,/vehicle/driver_position_cmd
118.0794,velocity,1785151895.600966,0.590,/vehicle/rear_bogie_velocity
118.0801,position,1785151895.600966,1.271,/vehicle/rear_bogie_velocity
118.0941,velocity,1785151895.673110,0.898,/vehicle/driver_position_cmd
118.0952,position,1785151895.673110,2.029,/vehicle/driver_position_cmd
118.1469,velocity,1785151895.723110,1.693,/vehicle/driver_position_cmd
118.1478,position,1785151895.723110,2.601,/vehicle/driver_position_cmd
118.1837,velocity,1785151895.688939,0.451,/vehicle/rear_bogie_velocity
118.1843,position,1785151895.688939,0.987,/vehicle/rear_bogie_velocity
118.1923,velocity,1785151895.773110,0.878,/vehicle/driver_position_cmd
118.1929,position,1785151895.773110,1.534,/vehicle/driver_position_cmd
118.2501,velocity,1785151895.823072,0.803,/vehicle/driver_position_cmd
118.2509,position,1785151895.823072,1.611,/vehicle/driver_position_cmd
118.2845,velocity,1785151895.796912,0.583,/vehicle/rear_bogie_velocity
118.2854,position,1785151895.796912,1.525,/vehicle/rear_bogie_velocity
118.2934,velocity,1785151895.873105,0.788,/vehicle/driver_position_cmd
118.2944,position,1785151895.873105,1.789,/vehicle/driver_position_cmd
118.3492,velocity,1785151895.923081,0.490,/vehicle/driver_position_cmd
118.3496,position,1785151895.923081,0.889,/vehicle/driver_position_cmd
118.3836,velocity,1785151895.894883,0.624,/vehicle/rear_bogie_velocity
118.3841,position,1785151895.894883,1.124,/vehicle/rear_bogie_velocity
118.3935,velocity,1785151895.973109,0.395,/vehicle/driver_position_cmd
118.3939,position,1785151895.973109,0.844,/vehicle/driver_position_cmd
118.4503,velocity,1785151896.023083,0.580,/vehicle/driver_position_cmd
118.4509,position,1785151896.023083,1.156,/vehicle/driver_position_cmd
118.4813,velocity,1785151896.054840,0.426,/vehicle/rear_bogie_velocity
118.4818,position,1785151896.054840,0.881,/vehicle/rear_bogie_velocity
118.4927,velocity,1785151896.073085,0.482,/vehicle/driver_position_cmd
118.4932,position,1785151896.073085,1.035,/vehicle/driver_position_cmd
118.5457,velocity,1785151896.123092,1.953,/vehicle/driver_position_cmd
118.5464,position,1785151896.123092,2.703,/vehicle/driver_position_cmd
118.5808,velocity,1785151896.113254,1.005,/vehicle/rear_bogie_velocity
118.5814,position,1785151896.113254,1.544,/vehicle/rear_bogie_velocity
118.5941,velocity,1785151896.173066,0.813,/vehicle/driver_position_cmd
118.5947,position,1785151896.173066,1.436,/vehicle/driver_position_cmd
118.6464,velocity,1785151896.223076,1.256,/vehicle/driver_position_cmd
118.6474,position,1785151896.223076,2.229,/vehicle/driver_position_cmd
118.6821,velocity,1785151896.196803,0.709,/vehicle/rear_bogie_velocity
118.6831,position,1785151896.196803,1.692,/vehicle/rear_bogie_velocity
118.6920,velocity,1785151896.273080,0.907,/vehicle/driver_position_cmd
118.6926,position,1785151896.273080,1.525,/vehicle/driver_position_cmd
118.7474,velocity,1785151896.323082,0.515,/vehicle/driver_position_cmd
118.7479,position,1785151896.323082,0.990,/vehicle/driver_position_cmd
118.7810,velocity,1785151896.300782,0.376,/vehicle/rear_bogie_velocity
118.7814,position,1785151896.300782,0.797,/vehicle/rear_bogie_velocity
118.7956,velocity,1785151896.373073,0.871,/vehicle/driver_position_cmd
118.7963,position,1785151896.373073,1.585,/vehicle/driver_position_cmd
118.8505,velocity,1785151896.423086,1.069,/vehicle/driver_position_cmd
118.8513,position,1785151896.423086,1.810,/vehicle/driver_position_cmd
118.8839,velocity,1785151896.408755,0.823,/vehicle/rear_bogie_velocity
118.8848,position,1785151896.408755,1.740,/vehicle/rear_bogie_velocity
118.8930,velocity,1785151896.473093,0.850,/vehicle/driver_position_cmd
118.8942,position,1785151896.473093,2.033,/vehicle/driver_position_cmd
118.9479,velocity,1785151896.523108,0.601,/vehicle/driver_position_cmd
118.9483,position,1785151896.523108,1.076,/vehicle/driver_position_cmd
118.9788,velocity,1785151896.500728,0.323,/vehicle/rear_bogie_velocity
118.9792,position,1785151896.500728,0.717,/vehicle/rear_bogie_velocity
118.9945,velocity,1785151896.573087,0.656,/vehicle/driver_position_cmd
118.9951,position,1785151896.573087,1.256,/vehicle/driver_position_cmd
119.0483,velocity,1785151896.623072,1.156,/vehicle/driver_position_cmd
119.0490,position,1785151896.623072,1.907,/vehicle/driver_position_cmd
119.0831,velocity,1785151896.606711,0.596,/vehicle/rear_bogie_velocity
119.0839,position,1785151896.606711,1.409,/vehicle/rear_bogie_velocity
119.0909,velocity,1785151896.673114,0.536,/vehicle/driver_position_cmd
119.0914,position,1785151896.673114,0.989,/vehicle/driver_position_cmd
119.1415,velocity,1785151896.723056,0.937,/vehicle/driver_position_cmd
119.1423,position,1785151896.723056,1.762,/vehicle/driver_position_cmd
119.1790,velocity,1785151896.690678,0.508,/vehicle/rear_bogie_velocity
119.1795,position,1785151896.690678,0.951,/vehicle/rear_bogie_velocity
119.1941,velocity,1785151896.773104,0.307,/vehicle/driver_position_cmd
119.1945,position,1785151896.773104,0.778,/vehicle/driver_position_cmd
119.2475,velocity,1785151896.823099,0.466,/vehicle/driver_position_cmd
119.2479,position,1785151896.823099,0.889,/vehicle/driver_position_cmd
119.2789,velocity,1785151896.798644,0.494,/vehicle/rear_bogie_velocity
119.2794,position,1785151896.798644,1.060,/vehicle/rear_bogie_velocity
119.2923,velocity,1785151896.873107,0.591,/vehicle/driver_position_cmd
119.2928,position,1785151896.873107,1.048,/vehicle/driver_position_cmd
119.3419,velocity,1785151896.923078,0.283,/vehicle/driver_position_cmd
119.3421,position,1785151896.923078,0.500,/vehicle/driver_position_cmd
119.3831,velocity,1785151896.892612,0.389,/vehicle/rear_bogie_velocity
119.3834,position,1785151896.892612,0.697,/vehicle/rear_bogie_velocity
119.3931,velocity,1785151896.973088,0.402,/vehicle/driver_position_cmd
119.3934,position,1785151896.973088,0.699,/vehicle/driver_position_cmd
119.4505,velocity,1785151897.023115,0.410,/vehicle/driver_position_cmd
119.4509,position,1785151897.023115,0.817,/vehicle/driver_position_cmd
119.4790,velocity,1785151896.996599,0.603,/vehicle/rear_bogie_velocity
119.4797,position,1785151896.996599,1.357,/vehicle/rear_bogie_velocity
119.4927,velocity,1785151897.073104,0.793,/vehicle/driver_position_cmd
119.4934,position,1785151897.073104,1.483,/vehicle/driver_position_cmd
119.5459,velocity,1785151897.123062,0.935,/vehicle/driver_position_cmd
119.5466,position,1785151897.123062,1.590,/vehicle/driver_position_cmd
119.5830,velocity,1785151897.098563,0.531,/vehicle/rear_bogie_velocity
119.5835,position,1785151897.098563,1.021,/vehicle/rear_bogie_velocity
119.5934,velocity,1785151897.173083,0.426,/vehicle/driver_position_cmd
119.5941,position,1785151897.173083,1.099,/vehicle/driver_position_cmd
119.6509,velocity,1785151897.223063,0.620,/vehicle/driver_position_cmd
119.6516,position,1785151897.223063,1.306,/vehicle/driver_position_cmd
119.6811,velocity,1785151897.188533,0.437,/vehicle/rear_bogie_velocity
119.6817,position,1785151897.188533,1.036,/vehicle/rear_bogie_velocity
119.6938,velocity,1785151897.273078,0.934,/vehicle/driver_position_cmd
119.6945,position,1785151897.273078,1.677,/vehicle/driver_position_cmd
119.7464,velocity,1785151897.323115,0.708,/vehicle/driver_position_cmd
119.7472,position,1785151897.323115,1.530,/vehicle/driver_position_cmd
119.7803,velocity,1785151897.298502,0.653,/vehicle/rear_bogie_velocity
119.7810,position,1785151897.298502,1.277,/vehicle/rear_bogie_velocity
119.7958,velocity,1785151897.373099,1.428,/vehicle/driver_position_cmd
119.7965,position,1785151897.373099,2.127,/vehicle/driver_position_cmd
119.8439,velocity,1785151897.423088,1.005,/vehicle/driver_position_cmd
119.8449,position,1785151897.423088,1.958,/vehicle/driver_position_cmd
119.8866,velocity,1785151897.410477,0.801,/vehicle/rear_bogie_velocity
119.8869,position,1785151897.410477,1.125,/vehicle/rear_bogie_velocity
119.8914,velocity,1785151897.473077,0.330,/vehicle/driver_position_cmd
119.8922,position,1785151897.473077,1.060,/vehicle/driver_position_cmd
119.9517,velocity,1785151897.523112,0.984,/vehicle/driver_position_cmd
119.9527,position,1785151897.523112,2.040,/vehicle/driver_position_cmd
119.9856,velocity,1785151897.494444,0.392,/vehicle/rear_bogie_velocity
119.9860,position,1785151897.494444,0.811,/vehicle/rear_bogie_velocity
119.9904,velocity,1785151897.573063,0.283,/vehicle/driver_position_cmd
119.9907,position,1785151897.573063,0.563,/vehicle/driver_position_cmd
120.0491,velocity,1785151897.623116,0.922,/vehicle/driver_position_cmd
120.0496,position,1785151897.623116,1.465,/vehicle/driver_position_cmd
120.0854,velocity,1785151897.590425,0.763,/vehicle/rear_bogie_velocity
120.0859,position,1785151897.590425,1.306,/vehicle/rear_bogie_velocity
120.0908,velocity,1785151897.673090,0.662,/vehicle/driver_position_cmd
120.0912,position,1785151897.673090,1.001,/vehicle/driver_position_cmd
120.1414,velocity,1785151897.723063,0.619,/vehicle/driver_position_cmd
120.1421,position,1785151897.723063,1.394,/vehicle/driver_position_cmd
120.1796,velocity,1785151897.688399,0.634,/vehicle/rear_bogie_velocity
120.1805,position,1785151897.688399,1.591,/vehicle/rear_bogie_velocity
120.1937,velocity,1785151897.773138,0.352,/vehicle/driver_position_cmd
120.1940,position,1785151897.773138,0.622,/vehicle/driver_position_cmd
120.2438,velocity,1785151897.823087,0.711,/vehicle/driver_position_cmd
120.2443,position,1785151897.823087,1.197,/vehicle/driver_position_cmd
120.2816,velocity,1785151897.800367,0.352,/vehicle/rear_bogie_velocity
120.2820,position,1785151897.800367,0.776,/vehicle/rear_bogie_velocity
120.2915,velocity,1785151897.873103,0.907,/vehicle/driver_position_cmd
120.2922,position,1785151897.873103,1.673,/vehicle/driver_position_cmd
120.3429,velocity,1785151897.923069,0.128,/vehicle/driver_position_cmd
120.3432,position,1785151897.923069,0.401,/vehicle/driver_position_cmd
120.3841,velocity,1785151897.890345,0.212,/vehicle/rear_bogie_velocity
120.3844,position,1785151897.890345,0.418,/vehicle/rear_bogie_velocity
120.3930,velocity,1785151897.973080,0.204,/vehicle/driver_position_cmd
120.3933,position,1785151897.973080,0.460,/vehicle/driver_position_cmd
120.4412,velocity,1785151898.023097,0.361,/vehicle/driver_position_cmd
120.4414,position,1785151898.023097,0.613,/vehicle/driver_position_cmd
120.4789,velocity,1785151897.996310,0.319,/vehicle/rear_bogie_velocity
120.4791,position,1785151897.996310,0.588,/vehicle/rear_bogie_velocity
120.4936,velocity,1785151898.073100,0.688,/vehicle/driver_position_cmd
120.4943,position,1785151898.073100,1.371,/vehicle/driver_position_cmd
120.5453,velocity,1785151898.123077,0.708,/vehicle/driver_position_cmd
120.5459,position,1785151898.123077,1.316,/vehicle/driver_position_cmd
120.5865,velocity,1785151898.102277,0.439,/vehicle/rear_bogie_velocity
120.5874,position,1785151898.102277,1.332,/vehicle/rear_bogie_velocity
120.5911,velocity,1785151898.173089,0.813,/vehicle/driver_position_cmd
120.5918,position,1785151898.173089,1.573,/vehicle/driver_position_cmd
120.6415,velocity,1785151898.223072,0.979,/vehicle/driver_position_cmd
120.6419,position,1785151898.223072,1.359,/vehicle/driver_position_cmd
120.6831,velocity,1785151898.196259,0.667,/vehicle/rear_bogie_velocity
120.6838,position,1785151898.196259,1.379,/vehicle/rear_bogie_velocity
120.6901,velocity,1785151898.273077,0.630,/vehicle/driver_position_cmd
120.6910,position,1785151898.273077,1.490,/vehicle/driver_position_cmd
120.7500,velocity,1785151898.323080,0.601,/vehicle/driver_position_cmd
120.7506,position,1785151898.323080,1.131,/vehicle/driver_position_cmd
120.7791,velocity,1785151898.302228,0.701,/vehicle/rear_bogie_velocity
120.7798,position,1785151898.302228,1.368,/vehicle/rear_bogie_velocity
120.7935,velocity,1785151898.373061,0.683,/vehicle/driver_position_cmd
120.7943,position,1785151898.373061,1.475,/vehicle/driver_position_cmd
120.8517,velocity,1785151898.423093,0.983,/vehicle/driver_position_cmd
120.8525,position,1785151898.423093,1.784,/vehicle/driver_position_cmd
120.8818,velocity,1785151898.406198,0.703,/vehicle/rear_bogie_velocity
120.8827,position,1785151898.406198,1.647,/vehicle/rear_bogie_velocity
120.8925,velocity,1785151898.473093,0.743,/vehicle/driver_position_cmd
120.8932,position,1785151898.473093,1.437,/vehicle/driver_position_cmd
120.9473,velocity,1785151898.523078,0.972,/vehicle/driver_position_cmd
120.9478,position,1785151898.523078,1.504,/vehicle/driver_position_cmd
120.9983,velocity,1785151898.573066,0.992,/vehicle/driver_position_cmd
120.9989,position,1785151898.573066,1.635,/vehicle/driver_position_cmd
121.0502,velocity,1785151898.623127,0.722,/vehicle/driver_position_cmd
121.0508,position,1785151898.623127,1.327,/vehicle/driver_position_cmd
121.0800,velocity,1785151898.616140,0.376,/vehicle/rear_bogie_velocity
121.0805,position,1785151898.616140,0.829,/vehicle/rear_bogie_velocity
121.0904,velocity,1785151898.673097,0.801,/vehicle/driver_position_cmd
121.0911,position,1785151898.673097,1.537,/vehicle/driver_position_cmd
121.1503,velocity,1785151898.723079,0.632,/vehicle/driver_position_cmd
121.1509,position,1785151898.723079,1.218,/vehicle/driver_position_cmd
121.1798,velocity,1785151898.698146,0.389,/vehicle/rear_bogie_velocity
121.1804,position,1785151898.698146,0.978,/vehicle/rear_bogie_velocity
121.1917,velocity,1785151898.773074,0.311,/vehicle/driver_position_cmd
121.1920,position,1785151898.773074,0.614,/vehicle/driver_position_cmd
121.2487,velocity,1785151898.823085,1.100,/vehicle/driver_position_cmd
121.2492,position,1785151898.823085,1.585,/vehicle/driver_position_cmd
121.2794,velocity,1785151898.804083,0.864,/vehicle/rear_bogie_velocity
121.2802,position,1785151898.804083,1.608,/vehicle/rear_bogie_velocity
121.2936,velocity,1785151898.873101,0.469,/vehicle/driver_position_cmd
121.2940,position,1785151898.873101,0.861,/vehicle/driver_position_cmd
121.3424,velocity,1785151898.923119,0.945,/vehicle/driver_position_cmd
121.3434,position,1785151898.923119,1.968,/vehicle/driver_position_cmd
121.3813,velocity,1785151898.890060,0.699,/vehicle/rear_bogie_velocity
121.3822,position,1785151898.890060,1.603,/vehicle/rear_bogie_velocity
121.3947,velocity,1785151898.973113,1.160,/vehicle/driver_position_cmd
121.3958,position,1785151898.973113,2.263,/vehicle/driver_position_cmd
121.4411,velocity,1785151899.023105,0.459,/vehicle/driver_position_cmd
121.4415,position,1785151899.023105,0.855,/vehicle/driver_position_cmd
121.4807,velocity,1785151899.002035,0.395,/vehicle/rear_bogie_velocity
121.4816,position,1785151899.002035,1.334,/vehicle/rear_bogie_velocity
121.4916,velocity,1785151899.073072,0.813,/vehicle/driver_position_cmd
121.4920,position,1785151899.073072,1.267,/vehicle/driver_position_cmd
121.5423,velocity,1785151899.123080,0.970,/vehicle/driver_position_cmd
121.5429,position,1785151899.123080,1.503,/vehicle/driver_position_cmd
121.5804,velocity,1785151899.104001,0.392,/vehicle/rear_bogie_velocity
121.5808,position,1785151899.104001,0.790,/vehicle/rear_bogie_velocity
121.5903,velocity,1785151899.173072,0.443,/vehicle/driver_position_cmd
121.5907,position,1785151899.173072,0.797,/vehicle/driver_position_cmd
121.6460,velocity,1785151899.223089,0.867,/vehicle/driver_position_cmd
121.6466,position,1785151899.223089,1.460,/vehicle/driver_position_cmd
121.6800,velocity,1785151899.189979,0.303,/vehicle/rear_bogie_velocity
121.6805,position,1785151899.189979,0.822,/vehicle/rear_bogie_velocity
121.6951,velocity,1785151899.273072,0.431,/vehicle/driver_position_cmd
121.6955,position,1785151899.273072,0.817,/vehicle/driver_position_cmd
121.7464,velocity,1785151899.323074,0.442,/vehicle/driver_position_cmd
121.7468,position,1785151899.323074,0.869,/vehicle/driver_position_cmd
121.7770,velocity,1785151899.295960,0.562,/vehicle/rear_bogie_velocity
121.7777,position,1785151899.295960,1.224,/vehicle/rear_bogie_velocity
121.7918,velocity,1785151899.373087,0.893,/vehicle/driver_position_cmd
121.7922,position,1785151899.373087,1.301,/vehicle/driver_position_cmd
121.8509,velocity,1785151899.423075,1.012,/vehicle/driver_position_cmd
121.8517,position,1785151899.423075,1.890,/vehicle/driver_position_cmd
121.8804,velocity,1785151899.407915,0.452,/vehicle/rear_bogie_velocity
121.8810,position,1785151899.407915,1.037,/vehicle/rear_bogie_velocity
121.8971,velocity,1785151899.473086,0.954,/vehicle/driver_position_cmd
121.8976,position,1785151899.473086,1.503,/vehicle/driver_position_cmd
121.9478,velocity,1785151899.523072,0.591,/vehicle/driver_position_cmd
121.9483,position,1785151899.523072,1.081,/vehicle/driver_position_cmd
121.9818,velocity,1785151899.493887,0.371,/vehicle/rear_bogie_velocity
121.9823,position,1785151899.493887,0.879,/vehicle/rear_bogie_velocity
121.9959,velocity,1785151899.573111,0.965,/vehicle/driver_position_cmd
121.9970,position,1785151899.573111,2.120,/vehicle/driver_position_cmd
122.0465,velocity,1785151899.623065,0.663,/vehicle/driver_position_cmd
122.0471,position,1785151899.623065,1.217,/vehicle/driver_position_cmd
122.0838,velocity,1785151899.599868,0.601,/vehicle/rear_bogie_velocity
122.0846,position,1785151899.599868,1.382,/vehicle/rear_bogie_velocity
122.0931,velocity,1785151899.673077,0.855,/vehicle/driver_position_cmd
122.0941,position,1785151899.673077,1.859,/vehicle/driver_position_cmd
122.1486,velocity,1785151899.723089,1.029,/vehicle/driver_position_cmd
122.1492,position,1785151899.723089,1.640,/vehicle/driver_position_cmd
122.1842,velocity,1785151899.691839,0.707,/vehicle/rear_bogie_velocity
122.1851,position,1785151899.691839,1.604,/vehicle/rear_bogie_velocity
122.1927,velocity,1785151899.773062,0.794,/vehicle/driver_position_cmd
122.1934,position,1785151899.773062,1.505,/vehicle/driver_position_cmd
122.2500,velocity,1785151899.823060,0.749,/vehicle/driver_position_cmd
122.2508,position,1785151899.823060,1.570,/vehicle/driver_position_cmd
122.2797,velocity,1785151899.793813,0.518,/vehicle/front_bogie_velocity
122.2801,position,1785151899.793813,0.916,/vehicle/front_bogie_velocity
122.2896,velocity,1785151899.873058,0.331,/vehicle/driver_position_cmd
122.2899,position,1785151899.873058,0.638,/vehicle/driver_position_cmd
122.3415,velocity,1785151899.923106,0.583,/vehicle/driver_position_cmd
122.3420,position,1785151899.923106,1.048,/vehicle/driver_position_cmd
122.3794,velocity,1785151899.887769,0.457,/vehicle/rear_bogie_velocity
122.3799,position,1785151899.887769,0.889,/vehicle/rear_bogie_velocity
122.3917,velocity,1785151899.973057,0.372,/vehicle/driver_position_cmd
122.3921,position,1785151899.973057,0.713,/vehicle/driver_position_cmd
122.4470,velocity,1785151900.023066,0.905,/vehicle/driver_position_cmd
122.4479,position,1785151900.023066,1.783,/vehicle/driver_position_cmd
122.4786,velocity,1785151899.997746,0.530,/vehicle/rear_bogie_velocity
122.4790,position,1785151899.997746,1.003,/vehicle/rear_bogie_velocity
122.4946,velocity,1785151900.073102,0.886,/vehicle/driver_position_cmd
122.4954,position,1785151900.073102,1.716,/vehicle/driver_position_cmd
122.5458,velocity,1785151900.123075,0.355,/vehicle/driver_position_cmd
122.5463,position,1785151900.123075,0.799,/vehicle/driver_position_cmd
122.5773,velocity,1785151900.097723,0.760,/vehicle/rear_bogie_velocity
122.5778,position,1785151900.097723,1.241,/vehicle/rear_bogie_velocity
122.5918,velocity,1785151900.173081,1.180,/vehicle/driver_position_cmd
122.5922,position,1785151900.173081,1.646,/vehicle/driver_position_cmd
122.6422,velocity,1785151900.223091,0.868,/vehicle/driver_position_cmd
122.6430,position,1785151900.223091,1.646,/vehicle/driver_position_cmd
122.6792,velocity,1785151900.193706,0.212,/vehicle/rear_bogie_velocity
122.6795,position,1785151900.193706,0.559,/vehicle/rear_bogie_velocity
122.6904,velocity,1785151900.273077,0.536,/vehicle/driver_position_cmd
122.6911,position,1785151900.273077,1.271,/vehicle/driver_position_cmd
122.7429,velocity,1785151900.323093,0.796,/vehicle/driver_position_cmd
122.7432,position,1785151900.323093,1.183,/vehicle/driver_position_cmd
122.7817,velocity,1785151900.295660,0.568,/vehicle/rear_bogie_velocity
122.7827,position,1785151900.295660,1.538,/vehicle/rear_bogie_velocity
122.7925,velocity,1785151900.373112,0.688,/vehicle/driver_position_cmd
122.7928,position,1785151900.373112,0.990,/vehicle/driver_position_cmd
122.8412,velocity,1785151900.423107,0.419,/vehicle/driver_position_cmd
122.8415,position,1785151900.423107,0.762,/vehicle/driver_position_cmd
122.8817,velocity,1785151900.409633,0.239,/vehicle/rear_bogie_velocity
122.8820,position,1785151900.409633,0.554,/vehicle/rear_bogie_velocity
122.8914,velocity,1785151900.473115,0.726,/vehicle/driver_position_cmd
122.8918,position,1785151900.473115,1.121,/vehicle/driver_position_cmd
