wall_s,output,stamp_s,latency_ms,trigger
4.5397,velocity,1785151779.687192,2.141,/vehicle/front_bogie_velocity
4.5404,velocity,1785151778.481534,2.470,/vehicle/rear_bogie_velocity
4.5412,velocity,1785151778.573119,3.083,/vehicle/driver_position_cmd
4.5466,velocity,1785151779.785161,1.983,/vehicle/rear_bogie_velocity
4.5473,position,1785151779.785161,2.694,/vehicle/rear_bogie_velocity
4.5478,velocity,1785151778.579505,8.773,/vehicle/rear_bogie_velocity
4.5479,position,1785151778.579505,8.941,/vehicle/rear_bogie_velocity
4.5481,velocity,1785151778.623112,9.057,/vehicle/driver_position_cmd
4.5483,position,1785151778.623112,9.210,/vehicle/driver_position_cmd
4.5516,velocity,1785151779.883154,6.656,/vehicle/rear_bogie_velocity
4.5518,position,1785151779.883154,6.839,/vehicle/rear_bogie_velocity
4.5520,velocity,1785151778.677471,12.488,/vehicle/rear_bogie_velocity
4.5521,position,1785151778.677471,12.632,/vehicle/rear_bogie_velocity
4.5523,velocity,1785151778.673122,12.737,/vehicle/driver_position_cmd
4.5525,position,1785151778.673122,12.884,/vehicle/driver_position_cmd
4.5556,velocity,1785151779.985113,10.350,/vehicle/rear_bogie_velocity
4.5558,velocity,1785151778.783440,15.628,/vehicle/rear_bogie_velocity
4.5560,position,1785151779.985113,10.703,/vehicle/rear_bogie_velocity
4.5561,velocity,1785151778.723073,15.867,/vehicle/driver_position_cmd
4.5563,position,1785151778.783440,16.078,/vehicle/rear_bogie_velocity
4.5570,position,1785151778.723073,16.713,/vehicle/driver_position_cmd
4.5603,velocity,1785151780.079092,14.785,/vehicle/rear_bogie_velocity
4.5606,position,1785151780.079092,15.094,/vehicle/rear_bogie_velocity
4.5608,velocity,1785151778.879417,19.778,/vehicle/rear_bogie_velocity
4.5609,position,1785151778.879417,19.890,/vehicle/rear_bogie_velocity
4.5611,velocity,1785151778.773126,20.021,/vehicle/driver_position_cmd
4.5612,position,1785151778.773126,20.127,/vehicle/driver_position_cmd
4.5640,velocity,1785151780.181062,18.174,/vehicle/rear_bogie_velocity
4.5641,velocity,1785151778.985391,22.519,/vehicle/rear_bogie_velocity
4.5643,position,1785151780.181062,18.477,/vehicle/rear_bogie_velocity
4.5644,velocity,1785151778.823060,22.727,/vehicle/driver_position_cmd
4.5645,position,1785151778.985391,22.903,/vehicle/rear_bogie_velocity
4.5647,position,1785151778.823060,23.063,/vehicle/driver_position_cmd
4.5674,velocity,1785151780.283025,21.377,/vehicle/rear_bogie_velocity
4.5675,position,1785151780.283025,21.483,/vehicle/rear_bogie_velocity
4.5676,velocity,1785151779.079367,25.576,/vehicle/rear_bogie_velocity
4.5677,position,1785151779.079367,25.682,/vehicle/rear_bogie_velocity
4.5679,velocity,1785151778.873137,25.741,/vehicle/driver_position_cmd
4.5680,position,1785151778.873137,25.912,/vehicle/driver_position_cmd
4.5711,velocity,1785151780.402999,24.821,/vehicle/rear_bogie_velocity
4.5712,position,1785151780.402999,24.925,/vehicle/rear_bogie_velocity
4.5714,velocity,1785151779.187333,28.969,/vehicle/rear_bogie_velocity
4.5714,position,1785151779.187333,29.061,/vehicle/rear_bogie_velocity
4.5716,velocity,1785151778.923096,29.120,/vehicle/driver_position_cmd
4.5717,position,1785151778.923096,29.208,/vehicle/driver_position_cmd
4.5738,velocity,1785151780.482971,27.300,/vehicle/rear_bogie_velocity
4.5740,position,1785151780.482971,27.494,/vehicle/rear_bogie_velocity
4.5741,velocity,1785151779.287311,31.367,/vehicle/rear_bogie_velocity
4.5742,position,1785151779.287311,31.452,/vehicle/rear_bogie_velocity
4.5744,velocity,1785151778.973119,31.525,/vehicle/driver_position_cmd
4.5745,position,1785151778.973119,31.609,/vehicle/driver_position_cmd
4.5770,velocity,1785151780.576956,30.036,/vehicle/rear_bogie_velocity
4.5772,velocity,1785151779.401275,34.023,/vehicle/rear_bogie_velocity
4.5773,position,1785151780.576956,30.287,/vehicle/rear_bogie_velocity
4.5774,velocity,1785151779.023084,34.146,/vehicle/driver_position_cmd
4.5774,position,1785151779.401275,34.305,/vehicle/rear_bogie_velocity
4.5776,position,1785151779.023084,34.380,/vehicle/driver_position_cmd
4.5796,velocity,1785151780.680925,31.994,/vehicle/rear_bogie_velocity
4.5798,velocity,1785151779.497248,36.188,/vehicle/rear_bogie_velocity
4.5799,position,1785151780.680925,32.237,/vehicle/rear_bogie_velocity
4.5800,position,1785151779.497248,36.454,/vehicle/rear_bogie_velocity
4.5802,velocity,1785151779.073136,36.494,/vehicle/driver_position_cmd
4.5802,position,1785151779.073136,36.567,/vehicle/driver_position_cmd
4.5823,velocity,1785151780.782892,32.498,/vehicle/rear_bogie_velocity
4.5824,position,1785151780.782892,32.575,/vehicle/rear_bogie_velocity
4.5825,velocity,1785151779.585235,38.574,/vehicle/rear_bogie_velocity
4.5827,position,1785151779.585235,38.729,/vehicle/rear_bogie_velocity
4.5829,velocity,1785151779.123111,38.889,/vehicle/driver_position_cmd
4.5830,position,1785151779.123111,38.975,/vehicle/driver_position_cmd
4.5849,velocity,1785151780.882859,33.492,/vehicle/rear_bogie_velocity
4.5850,velocity,1785151779.687192,40.685,/vehicle/rear_bogie_velocity
4.5851,position,1785151780.882859,33.695,/vehicle/rear_bogie_velocity
4.5852,velocity,1785151779.173129,40.779,/vehicle/driver_position_cmd
4.5852,position,1785151779.687192,40.915,/vehicle/rear_bogie_velocity
4.5853,position,1785151779.173129,40.971,/vehicle/driver_position_cmd
4.5871,velocity,1785151780.982838,34.236,/vehicle/rear_bogie_velocity
4.5872,velocity,1785151779.785161,42.572,/vehicle/rear_bogie_velocity
4.5873,position,1785151780.982838,34.396,/vehicle/rear_bogie_velocity
4.5874,velocity,1785151779.223134,42.651,/vehicle/driver_position_cmd
4.5874,position,1785151779.785161,42.791,/vehicle/rear_bogie_velocity
4.5876,position,1785151779.223134,42.836,/vehicle/driver_position_cmd
4.5894,velocity,1785151781.080807,34.322,/vehicle/rear_bogie_velocity
4.5895,position,1785151781.080807,34.398,/vehicle/rear_bogie_velocity
4.5896,velocity,1785151779.883154,44.622,/vehicle/rear_bogie_velocity
4.5897,position,1785151779.883154,44.690,/vehicle/rear_bogie_velocity
4.5898,velocity,1785151779.273114,44.745,/vehicle/driver_position_cmd
4.5898,position,1785151779.273114,44.813,/vehicle/driver_position_cmd
4.5916,velocity,1785151781.182777,34.354,/vehicle/rear_bogie_velocity
4.5917,velocity,1785151779.985113,46.434,/vehicle/rear_bogie_velocity
4.5918,position,1785151781.182777,34.516,/vehicle/rear_bogie_velocity
4.5918,velocity,1785151779.323086,46.536,/vehicle/driver_position_cmd
4.5919,position,1785151779.985113,46.651,/vehicle/rear_bogie_velocity
4.5920,position,1785151779.323086,46.710,/vehicle/driver_position_cmd
4.5937,velocity,1785151781.288746,34.418,/vehicle/rear_bogie_velocity
4.5938,position,1785151781.288746,34.552,/vehicle/rear_bogie_velocity
4.5939,velocity,1785151780.079092,48.363,/vehicle/rear_bogie_velocity
4.5940,position,1785151780.079092,48.424,/vehicle/rear_bogie_velocity
4.5940,velocity,1785151779.373139,48.457,/vehicle/driver_position_cmd
4.5941,position,1785151779.373139,48.515,/vehicle/driver_position_cmd
4.5959,velocity,1785151781.400721,34.859,/vehicle/rear_bogie_velocity
4.5960,velocity,1785151780.181062,50.266,/vehicle/rear_bogie_velocity
4.5961,position,1785151781.400721,35.077,/vehicle/rear_bogie_velocity
4.5962,velocity,1785151779.423125,50.403,/vehicle/driver_position_cmd
4.5963,position,1785151780.181062,50.509,/vehicle/rear_bogie_velocity
4.5964,position,1785151779.423125,50.609,/vehicle/driver_position_cmd
4.5980,velocity,1785151781.490701,34.630,/vehicle/rear_bogie_velocity
4.5981,position,1785151781.490701,34.760,/vehicle/rear_bogie_velocity
4.5982,velocity,1785151780.283025,52.208,/vehicle/rear_bogie_velocity
4.5983,position,1785151780.283025,52.270,/vehicle/rear_bogie_velocity
4.5984,velocity,1785151779.473079,52.305,/vehicle/driver_position_cmd
4.5985,position,1785151779.473079,52.455,/vehicle/driver_position_cmd
4.6003,velocity,1785151781.586683,35.049,/vehicle/rear_bogie_velocity
4.6004,velocity,1785151780.402999,54.097,/vehicle/rear_bogie_velocity
4.6004,position,1785151781.586683,35.196,/vehicle/rear_bogie_velocity
4.6005,velocity,1785151779.523067,54.208,/vehicle/driver_position_cmd
4.6006,position,1785151780.402999,54.318,/vehicle/rear_bogie_velocity
4.6007,position,1785151779.523067,54.411,/vehicle/driver_position_cmd
4.6022,velocity,1785151781.686636,36.079,/vehicle/rear_bogie_velocity
4.6023,position,1785151781.686636,36.152,/vehicle/rear_bogie_velocity
4.6024,velocity,1785151780.482971,55.848,/vehicle/rear_bogie_velocity
4.6024,position,1785151780.482971,55.909,/vehicle/rear_bogie_velocity
4.6025,velocity,1785151779.573073,55.941,/vehicle/driver_position_cmd
4.6026,position,1785151779.573073,56.001,/vehicle/driver_position_cmd
4.6041,velocity,1785151781.784605,36.949,/vehicle/rear_bogie_velocity
4.6043,position,1785151781.784605,37.067,/vehicle/rear_bogie_velocity
4.6043,velocity,1785151780.576956,57.375,/vehicle/rear_bogie_velocity
4.6044,position,1785151780.576956,57.433,/vehicle/rear_bogie_velocity
4.6045,velocity,1785151779.673096,56.782,/vehicle/driver_position_cmd
4.6045,position,1785151779.673096,56.837,/vehicle/driver_position_cmd
4.6062,velocity,1785151781.880590,36.837,/vehicle/rear_bogie_velocity
4.6063,position,1785151781.880590,36.967,/vehicle/rear_bogie_velocity
4.6064,velocity,1785151780.680925,58.753,/vehicle/rear_bogie_velocity
4.6064,position,1785151780.680925,58.815,/vehicle/rear_bogie_velocity
4.6065,velocity,1785151779.723075,56.632,/vehicle/driver_position_cmd
4.6066,position,1785151779.723075,56.690,/vehicle/driver_position_cmd
4.6083,velocity,1785151781.994555,38.754,/vehicle/rear_bogie_velocity
4.6084,velocity,1785151780.782892,58.594,/vehicle/rear_bogie_velocity
4.6085,position,1785151781.994555,38.950,/vehicle/rear_bogie_velocity
4.6086,velocity,1785151779.773126,57.142,/vehicle/driver_position_cmd
4.6086,position,1785151780.782892,58.793,/vehicle/rear_bogie_velocity
4.6087,position,1785151779.773126,57.306,/vehicle/driver_position_cmd
4.6102,velocity,1785151782.084523,31.977,/vehicle/rear_bogie_velocity
4.6103,velocity,1785151780.882859,58.900,/vehicle/rear_bogie_velocity
4.6103,position,1785151782.084523,32.115,/vehicle/rear_bogie_velocity
4.6104,position,1785151780.882859,59.064,/vehicle/rear_bogie_velocity
4.6105,velocity,1785151779.823125,57.558,/vehicle/driver_position_cmd
4.6106,position,1785151779.823125,57.612,/vehicle/driver_position_cmd
4.6113,velocity,1785151780.982838,58.391,/vehicle/rear_bogie_velocity
4.6114,velocity,1785151779.873113,56.220,/vehicle/driver_position_cmd
4.6114,position,1785151780.982838,58.528,/vehicle/rear_bogie_velocity
4.6115,position,1785151779.873113,56.384,/vehicle/driver_position_cmd
4.6122,velocity,1785151781.080807,57.121,/vehicle/rear_bogie_velocity
4.6123,velocity,1785151779.923137,54.975,/vehicle/driver_position_cmd
4.6124,position,1785151781.080807,57.265,/vehicle/rear_bogie_velocity
4.6125,position,1785151779.923137,55.139,/vehicle/driver_position_cmd
4.6132,velocity,1785151781.182777,55.946,/vehicle/rear_bogie_velocity
4.6133,position,1785151781.182777,56.057,/vehicle/rear_bogie_velocity
4.6134,velocity,1785151779.973113,54.060,/vehicle/driver_position_cmd
4.6134,position,1785151779.973113,54.115,/vehicle/driver_position_cmd
4.6141,velocity,1785151781.288746,54.854,/vehicle/rear_bogie_velocity
4.6142,position,1785151781.288746,54.919,/vehicle/rear_bogie_velocity
4.6142,velocity,1785151780.023078,53.161,/vehicle/driver_position_cmd
4.6143,position,1785151780.023078,53.214,/vehicle/driver_position_cmd
4.6149,velocity,1785151781.400721,53.892,/vehicle/rear_bogie_velocity
4.6150,velocity,1785151780.073094,51.570,/vehicle/driver_position_cmd
4.6151,position,1785151781.400721,54.021,/vehicle/rear_bogie_velocity
4.6151,velocity,1785151781.490701,51.747,/vehicle/rear_bogie_velocity
4.6152,position,1785151780.073094,51.747,/vehicle/driver_position_cmd
4.6153,velocity,1785151780.123082,49.968,/vehicle/driver_position_cmd
4.6153,position,1785151781.490701,51.917,/vehicle/rear_bogie_velocity
4.6154,position,1785151780.123082,50.116,/vehicle/driver_position_cmd
4.6155,velocity,1785151781.586683,50.227,/vehicle/rear_bogie_velocity
4.6155,position,1785151781.586683,50.285,/vehicle/rear_bogie_velocity
4.6156,velocity,1785151780.173169,49.396,/vehicle/driver_position_cmd
4.6156,position,1785151780.173169,49.448,/vehicle/driver_position_cmd
4.6157,velocity,1785151781.686636,49.573,/vehicle/rear_bogie_velocity
4.6158,position,1785151781.686636,49.623,/vehicle/rear_bogie_velocity
4.6158,velocity,1785151780.223085,48.590,/vehicle/driver_position_cmd
4.6159,position,1785151780.223085,48.640,/vehicle/driver_position_cmd
4.6160,velocity,1785151781.784605,48.752,/vehicle/rear_bogie_velocity
4.6160,position,1785151781.784605,48.803,/vehicle/rear_bogie_velocity
4.6161,velocity,1785151780.273107,46.678,/vehicle/driver_position_cmd
4.6161,position,1785151780.273107,46.729,/vehicle/driver_position_cmd
4.6162,velocity,1785151781.880590,46.888,/vehicle/rear_bogie_velocity
4.6163,position,1785151781.880590,46.982,/vehicle/rear_bogie_velocity
4.6164,velocity,1785151780.323104,46.795,/vehicle/driver_position_cmd
4.6164,position,1785151780.323104,46.845,/vehicle/driver_position_cmd
4.6165,velocity,1785151781.994555,46.950,/vehicle/rear_bogie_velocity
4.6166,position,1785151781.994555,47.044,/vehicle/rear_bogie_velocity
4.6167,velocity,1785151780.373076,45.601,/vehicle/driver_position_cmd
4.6167,position,1785151780.373076,45.659,/vehicle/driver_position_cmd
4.6168,velocity,1785151782.084523,38.600,/vehicle/rear_bogie_velocity
4.6169,velocity,1785151780.423111,44.645,/vehicle/driver_position_cmd
4.6169,position,1785151782.084523,38.713,/vehicle/rear_bogie_velocity
4.6170,position,1785151780.423111,44.788,/vehicle/driver_position_cmd
4.6171,velocity,1785151780.473149,43.972,/vehicle/driver_position_cmd
4.6171,position,1785151780.473149,44.022,/vehicle/driver_position_cmd
4.6172,velocity,1785151780.523088,42.866,/vehicle/driver_position_cmd
4.6173,position,1785151780.523088,42.916,/vehicle/driver_position_cmd
4.6173,velocity,1785151780.573132,42.441,/vehicle/driver_position_cmd
4.6174,position,1785151780.573132,42.535,/vehicle/driver_position_cmd
4.6175,velocity,1785151780.623093,41.178,/vehicle/driver_position_cmd
4.6176,position,1785151780.623093,41.271,/vehicle/driver_position_cmd
4.6177,velocity,1785151780.673111,40.541,/vehicle/driver_position_cmd
4.6178,position,1785151780.673111,40.647,/vehicle/driver_position_cmd
4.6179,velocity,1785151780.723064,39.631,/vehicle/driver_position_cmd
4.6180,position,1785151780.723064,39.723,/vehicle/driver_position_cmd
4.6181,velocity,1785151780.773129,38.961,/vehicle/driver_position_cmd
4.6182,position,1785151780.773129,39.053,/vehicle/driver_position_cmd
4.6182,velocity,1785151780.823080,38.255,/vehicle/driver_position_cmd
4.6183,position,1785151780.823080,38.304,/vehicle/driver_position_cmd
4.6184,velocity,1785151780.873112,36.171,/vehicle/driver_position_cmd
4.6184,position,1785151780.873112,36.220,/vehicle/driver_position_cmd
4.6185,velocity,1785151780.923079,36.185,/vehicle/driver_position_cmd
4.6186,position,1785151780.923079,36.279,/vehicle/driver_position_cmd
4.6187,velocity,1785151780.973157,35.851,/vehicle/driver_position_cmd
4.6188,position,1785151780.973157,35.953,/vehicle/driver_position_cmd
4.6189,velocity,1785151781.023077,34.578,/vehicle/driver_position_cmd
4.6189,position,1785151781.023077,34.627,/vehicle/driver_position_cmd
4.6190,velocity,1785151781.073119,33.998,/vehicle/driver_position_cmd
4.6191,position,1785151781.073119,34.092,/vehicle/driver_position_cmd
4.6191,velocity,1785151781.123026,32.919,/vehicle/driver_position_cmd
4.6192,position,1785151781.123026,32.969,/vehicle/driver_position_cmd
4.6192,velocity,1785151781.173077,32.947,/vehicle/driver_position_cmd
4.6193,position,1785151781.173077,32.996,/vehicle/driver_position_cmd
4.6194,velocity,1785151781.223068,31.520,/vehicle/driver_position_cmd
4.6194,position,1785151781.223068,31.614,/vehicle/driver_position_cmd
4.6195,velocity,1785151781.273108,30.226,/vehicle/driver_position_cmd
4.6196,position,1785151781.273108,30.318,/vehicle/driver_position_cmd
4.6197,velocity,1785151781.323091,30.326,/vehicle/driver_position_cmd
4.6198,position,1785151781.323091,30.420,/vehicle/driver_position_cmd
4.6199,velocity,1785151781.373095,29.789,/vehicle/driver_position_cmd
4.6200,position,1785151781.373095,29.877,/vehicle/driver_position_cmd
4.6200,velocity,1785151781.423281,27.369,/vehicle/driver_position_cmd
4.6201,position,1785151781.423281,27.456,/vehicle/driver_position_cmd
4.6202,velocity,1785151781.473102,27.427,/vehicle/driver_position_cmd
4.6203,position,1785151781.473102,27.515,/vehicle/driver_position_cmd
4.6203,velocity,1785151781.523069,27.455,/vehicle/driver_position_cmd
4.6204,position,1785151781.523069,27.541,/vehicle/driver_position_cmd
4.6205,velocity,1785151781.573181,26.173,/vehicle/driver_position_cmd
4.6205,position,1785151781.573181,26.220,/vehicle/driver_position_cmd
4.6206,velocity,1785151781.623073,25.553,/vehicle/driver_position_cmd
4.6207,position,1785151781.623073,25.641,/vehicle/driver_position_cmd
4.6207,velocity,1785151781.673134,24.520,/vehicle/driver_position_cmd
4.6208,position,1785151781.673134,24.569,/vehicle/driver_position_cmd
4.6209,velocity,1785151781.723077,24.501,/vehicle/driver_position_cmd
4.6209,position,1785151781.723077,24.550,/vehicle/driver_position_cmd
4.6210,velocity,1785151781.773138,22.349,/vehicle/driver_position_cmd
4.6211,position,1785151781.773138,22.436,/vehicle/driver_position_cmd
4.6211,velocity,1785151781.823066,22.401,/vehicle/driver_position_cmd
4.6213,position,1785151781.823066,22.525,/vehicle/driver_position_cmd
4.6214,velocity,1785151781.873094,20.837,/vehicle/driver_position_cmd
4.6214,position,1785151781.873094,20.925,/vehicle/driver_position_cmd
4.6215,velocity,1785151781.923092,20.865,/vehicle/driver_position_cmd
4.6216,position,1785151781.923092,20.954,/vehicle/driver_position_cmd
4.6217,velocity,1785151781.973179,20.720,/vehicle/driver_position_cmd
4.6218,position,1785151781.973179,20.819,/vehicle/driver_position_cmd
4.6219,velocity,1785151782.023104,19.748,/vehicle/driver_position_cmd
4.6219,position,1785151782.023104,19.796,/vehicle/driver_position_cmd
4.6220,velocity,1785151782.073110,18.861,/vehicle/driver_position_cmd
4.6220,position,1785151782.073110,18.909,/vehicle/driver_position_cmd
4.6221,velocity,1785151782.123106,18.927,/vehicle/driver_position_cmd
4.6222,position,1785151782.123106,18.974,/vehicle/driver_position_cmd
4.6224,velocity,1785151782.173135,17.262,/vehicle/driver_position_cmd
4.6224,position,1785151782.173135,17.317,/vehicle/driver_position_cmd
4.6510,velocity,1785151782.223085,0.119,/vehicle/driver_position_cmd
4.6511,position,1785151782.223085,0.226,/vehicle/driver_position_cmd
4.6861,velocity,1785151782.178499,0.158,/vehicle/rear_bogie_velocity
4.6862,position,1785151782.178499,0.304,/vehicle/rear_bogie_velocity
4.6903,velocity,1785151782.273079,0.152,/vehicle/driver_position_cmd
4.6905,position,1785151782.273079,0.288,/vehicle/driver_position_cmd
4.7502,velocity,1785151782.323061,0.317,/vehicle/driver_position_cmd
4.7504,position,1785151782.323061,0.524,/vehicle/driver_position_cmd
4.7818,velocity,1785151782.286476,0.377,/vehicle/rear_bogie_velocity
4.7821,position,1785151782.286476,0.714,/vehicle/rear_bogie_velocity
4.7945,velocity,1785151782.373074,0.573,/vehicle/driver_position_cmd
4.7951,position,1785151782.373074,1.234,/vehicle/driver_position_cmd
4.8483,velocity,1785151782.423080,0.795,/vehicle/driver_position_cmd
4.8496,position,1785151782.423080,2.080,/vehicle/driver_position_cmd
4.8851,velocity,1785151782.406437,0.326,/vehicle/rear_bogie_velocity
4.8855,position,1785151782.406437,0.752,/vehicle/rear_bogie_velocity
4.8934,velocity,1785151782.473064,0.415,/vehicle/driver_position_cmd
4.8938,position,1785151782.473064,0.822,/vehicle/driver_position_cmd
4.9441,velocity,1785151782.523086,0.608,/vehicle/driver_position_cmd
4.9446,position,1785151782.523086,1.066,/vehicle/driver_position_cmd
4.9843,velocity,1785151782.484417,0.729,/vehicle/rear_bogie_velocity
4.9850,position,1785151782.484417,1.426,/vehicle/rear_bogie_velocity
4.9935,velocity,1785151782.573107,1.629,/vehicle/driver_position_cmd
4.9939,position,1785151782.573107,2.021,/vehicle/driver_position_cmd
5.0458,velocity,1785151782.623065,0.859,/vehicle/driver_position_cmd
5.0464,position,1785151782.623065,1.467,/vehicle/driver_position_cmd
5.0821,velocity,1785151782.582392,0.298,/vehicle/rear_bogie_velocity
5.0825,position,1785151782.582392,0.670,/vehicle/rear_bogie_velocity
5.0949,velocity,1785151782.673059,0.342,/vehicle/driver_position_cmd
5.0952,position,1785151782.673059,0.659,/vehicle/driver_position_cmd
5.1513,velocity,1785151782.723084,0.975,/vehicle/driver_position_cmd
5.1520,position,1785151782.723084,1.646,/vehicle/driver_position_cmd
5.1829,velocity,1785151782.678364,0.731,/vehicle/rear_bogie_velocity
5.1833,position,1785151782.678364,1.216,/vehicle/rear_bogie_velocity
5.1939,velocity,1785151782.773078,0.514,/vehicle/driver_position_cmd
5.1943,position,1785151782.773078,0.913,/vehicle/driver_position_cmd
5.2486,velocity,1785151782.823093,4.330,/vehicle/driver_position_cmd
5.2491,position,1785151782.823093,4.812,/vehicle/driver_position_cmd
5.2819,velocity,1785151782.782333,0.600,/vehicle/rear_bogie_velocity
5.2826,position,1785151782.782333,1.303,/vehicle/rear_bogie_velocity
5.2942,velocity,1785151782.873118,1.114,/vehicle/driver_position_cmd
5.2949,position,1785151782.873118,1.768,/vehicle/driver_position_cmd
5.3450,velocity,1785151782.923115,0.998,/vehicle/driver_position_cmd
5.3459,position,1785151782.923115,1.864,/vehicle/driver_position_cmd
5.3900,velocity,1785151782.878303,0.639,/vehicle/rear_bogie_velocity
5.3908,position,1785151782.878303,1.452,/vehicle/rear_bogie_velocity
5.3918,velocity,1785151782.973087,0.518,/vehicle/driver_position_cmd
5.3923,position,1785151782.973087,1.010,/vehicle/driver_position_cmd
5.4439,velocity,1785151783.023119,1.280,/vehicle/driver_position_cmd
5.4448,position,1785151783.023119,2.207,/vehicle/driver_position_cmd
5.4816,velocity,1785151782.998276,0.840,/vehicle/rear_bogie_velocity
5.4822,position,1785151782.998276,1.447,/vehicle/rear_bogie_velocity
5.4963,velocity,1785151783.073074,0.867,/vehicle/driver_position_cmd
5.4966,position,1785151783.073074,1.202,/vehicle/driver_position_cmd
5.5472,velocity,1785151783.123114,1.958,/vehicle/driver_position_cmd
5.5478,position,1785151783.123114,2.582,/vehicle/driver_position_cmd
5.5820,velocity,1785151783.082262,0.576,/vehicle/rear_bogie_velocity
5.5825,position,1785151783.082262,1.096,/vehicle/rear_bogie_velocity
5.5934,velocity,1785151783.173115,0.519,/vehicle/driver_position_cmd
5.5938,position,1785151783.173115,1.007,/vehicle/driver_position_cmd
5.6518,velocity,1785151783.223084,1.097,/vehicle/driver_position_cmd
5.6526,position,1785151783.223084,1.931,/vehicle/driver_position_cmd
5.6813,velocity,1785151783.180226,0.728,/vehicle/rear_bogie_velocity
5.6819,position,1785151783.180226,1.383,/vehicle/rear_bogie_velocity
5.6921,velocity,1785151783.273098,0.882,/vehicle/driver_position_cmd
5.6928,position,1785151783.273098,1.573,/vehicle/driver_position_cmd
5.7453,velocity,1785151783.323064,1.030,/vehicle/driver_position_cmd
5.7466,position,1785151783.323064,2.333,/vehicle/driver_position_cmd
5.7801,velocity,1785151783.282202,0.507,/vehicle/rear_bogie_velocity
5.7807,position,1785151783.282202,1.145,/vehicle/rear_bogie_velocity
5.7980,velocity,1785151783.373096,1.124,/vehicle/driver_position_cmd
5.7986,position,1785151783.373096,1.697,/vehicle/driver_position_cmd
5.8449,velocity,1785151783.423105,0.841,/vehicle/driver_position_cmd
5.8456,position,1785151783.423105,1.478,/vehicle/driver_position_cmd
5.8807,velocity,1785151783.400169,0.465,/vehicle/rear_bogie_velocity
5.8813,position,1785151783.400169,1.088,/vehicle/rear_bogie_velocity
5.8948,velocity,1785151783.473144,1.443,/vehicle/driver_position_cmd
5.8955,position,1785151783.473144,2.184,/vehicle/driver_position_cmd
5.9486,velocity,1785151783.523094,1.028,/vehicle/driver_position_cmd
5.9492,position,1785151783.523094,1.668,/vehicle/driver_position_cmd
5.9850,velocity,1785151783.486151,0.833,/vehicle/rear_bogie_velocity
5.9860,position,1785151783.486151,1.802,/vehicle/rear_bogie_velocity
5.9911,velocity,1785151783.573102,0.531,/vehicle/driver_position_cmd
5.9916,position,1785151783.573102,1.065,/vehicle/driver_position_cmd
6.0449,velocity,1785151783.623091,1.247,/vehicle/driver_position_cmd
6.0456,position,1785151783.623091,1.959,/vehicle/driver_position_cmd
6.0806,velocity,1785151783.584121,0.595,/vehicle/rear_bogie_velocity
6.0816,position,1785151783.584121,1.546,/vehicle/rear_bogie_velocity
6.0916,velocity,1785151783.673077,0.801,/vehicle/driver_position_cmd
6.0923,position,1785151783.673077,1.543,/vehicle/driver_position_cmd
6.1454,velocity,1785151783.723063,0.707,/vehicle/driver_position_cmd
6.1460,position,1785151783.723063,1.286,/vehicle/driver_position_cmd
6.1798,velocity,1785151783.682090,0.546,/vehicle/rear_bogie_velocity
6.1805,position,1785151783.682090,1.232,/vehicle/rear_bogie_velocity
6.1931,velocity,1785151783.773085,1.005,/vehicle/driver_position_cmd
6.1938,position,1785151783.773085,1.717,/vehicle/driver_position_cmd
6.2486,velocity,1785151783.823118,1.094,/vehicle/driver_position_cmd
6.2495,position,1785151783.823118,2.018,/vehicle/driver_position_cmd
6.2795,velocity,1785151783.784064,0.602,/vehicle/rear_bogie_velocity
6.2801,position,1785151783.784064,1.222,/vehicle/rear_bogie_velocity
6.2922,velocity,1785151783.873096,0.611,/vehicle/driver_position_cmd
6.2933,position,1785151783.873096,1.675,/vehicle/driver_position_cmd
6.3458,velocity,1785151783.923075,1.108,/vehicle/driver_position_cmd
6.3465,position,1785151783.923075,1.804,/vehicle/driver_position_cmd
6.3792,velocity,1785151783.886036,0.776,/vehicle/rear_bogie_velocity
6.3800,position,1785151783.886036,1.605,/vehicle/rear_bogie_velocity
6.3929,velocity,1785151783.973075,1.725,/vehicle/driver_position_cmd
6.3940,position,1785151783.973075,2.814,/vehicle/driver_position_cmd
6.4458,velocity,1785151784.023086,0.598,/vehicle/driver_position_cmd
6.4463,position,1785151784.023086,1.103,/vehicle/driver_position_cmd
6.4885,velocity,1785151783.984010,0.589,/vehicle/rear_bogie_velocity
6.4898,position,1785151783.984010,1.873,/vehicle/rear_bogie_velocity
6.4908,velocity,1785151784.073092,0.500,/vehicle/driver_position_cmd
6.4912,position,1785151784.073092,0.961,/vehicle/driver_position_cmd
6.5461,velocity,1785151784.123092,0.863,/vehicle/driver_position_cmd
6.5470,position,1785151784.123092,1.704,/vehicle/driver_position_cmd
6.5854,velocity,1785151784.085989,0.703,/vehicle/rear_bogie_velocity
6.5868,position,1785151784.085989,2.085,/vehicle/rear_bogie_velocity
6.5924,velocity,1785151784.173107,1.314,/vehicle/driver_position_cmd
6.5937,position,1785151784.173107,2.593,/vehicle/driver_position_cmd
6.6463,velocity,1785151784.223081,1.000,/vehicle/driver_position_cmd
6.6471,position,1785151784.223081,1.790,/vehicle/driver_position_cmd
6.6805,velocity,1785151784.183959,0.591,/vehicle/rear_bogie_velocity
6.6813,position,1785151784.183959,1.425,/vehicle/rear_bogie_velocity
6.6961,velocity,1785151784.273133,0.940,/vehicle/driver_position_cmd
6.6970,position,1785151784.273133,1.810,/vehicle/driver_position_cmd
6.7492,velocity,1785151784.323124,0.792,/vehicle/driver_position_cmd
6.7501,position,1785151784.323124,1.628,/vehicle/driver_position_cmd
6.7853,velocity,1785151784.283928,0.687,/vehicle/rear_bogie_velocity
6.7862,position,1785151784.283928,1.600,/vehicle/rear_bogie_velocity
6.7934,velocity,1785151784.373111,0.788,/vehicle/driver_position_cmd
6.7941,position,1785151784.373111,1.431,/vehicle/driver_position_cmd
6.8440,velocity,1785151784.423088,1.378,/vehicle/driver_position_cmd
6.8448,position,1785151784.423088,2.138,/vehicle/driver_position_cmd
6.8801,velocity,1785151784.401887,0.739,/vehicle/rear_bogie_velocity
6.8810,position,1785151784.401887,1.635,/vehicle/rear_bogie_velocity
6.8954,velocity,1785151784.473066,1.030,/vehicle/driver_position_cmd
6.8961,position,1785151784.473066,1.669,/vehicle/driver_position_cmd
6.9516,velocity,1785151784.523081,1.039,/vehicle/driver_position_cmd
6.9526,position,1785151784.523081,2.017,/vehicle/driver_position_cmd
6.9846,velocity,1785151784.483864,0.701,/vehicle/rear_bogie_velocity
6.9852,position,1785151784.483864,1.363,/vehicle/rear_bogie_velocity
6.9943,velocity,1785151784.573080,1.257,/vehicle/driver_position_cmd
6.9952,position,1785151784.573080,2.088,/vehicle/driver_position_cmd
7.0462,velocity,1785151784.623072,0.666,/vehicle/driver_position_cmd
7.0470,position,1785151784.623072,1.523,/vehicle/driver_position_cmd
7.0829,velocity,1785151784.581836,0.476,/vehicle/rear_bogie_velocity
7.0835,position,1785151784.581836,1.123,/vehicle/rear_bogie_velocity
7.0907,velocity,1785151784.673093,0.382,/vehicle/driver_position_cmd
7.0910,position,1785151784.673093,0.760,/vehicle/driver_position_cmd
7.1416,velocity,1785151784.723072,0.570,/vehicle/driver_position_cmd
7.1421,position,1785151784.723072,1.056,/vehicle/driver_position_cmd
7.1851,velocity,1785151784.679822,0.396,/vehicle/rear_bogie_velocity
7.1856,position,1785151784.679822,0.873,/vehicle/rear_bogie_velocity
7.1926,velocity,1785151784.773065,0.492,/vehicle/driver_position_cmd
7.1932,position,1785151784.773065,1.080,/vehicle/driver_position_cmd
7.2434,velocity,1785151784.823074,1.734,/vehicle/driver_position_cmd
7.2442,position,1785151784.823074,2.528,/vehicle/driver_position_cmd
7.2836,velocity,1785151784.783787,1.047,/vehicle/rear_bogie_velocity
7.2843,position,1785151784.783787,1.798,/vehicle/rear_bogie_velocity
7.2937,velocity,1785151784.873090,1.447,/vehicle/driver_position_cmd
7.2945,position,1785151784.873090,2.300,/vehicle/driver_position_cmd
7.3433,velocity,1785151784.923081,0.813,/vehicle/driver_position_cmd
7.3443,position,1785151784.923081,1.822,/vehicle/driver_position_cmd
7.3804,velocity,1785151784.881761,0.600,/vehicle/rear_bogie_velocity
7.3812,position,1785151784.881761,1.414,/vehicle/rear_bogie_velocity
7.3913,velocity,1785151784.973103,0.862,/vehicle/driver_position_cmd
7.3925,position,1785151784.973103,2.082,/vehicle/driver_position_cmd
7.4446,velocity,1785151785.023072,0.924,/vehicle/driver_position_cmd
7.4454,position,1785151785.023072,1.716,/vehicle/driver_position_cmd
7.4788,velocity,1785151784.987729,0.671,/vehicle/rear_bogie_velocity
7.4794,position,1785151784.987729,1.269,/vehicle/rear_bogie_velocity
7.4963,velocity,1785151785.073065,0.942,/vehicle/driver_position_cmd
7.4971,position,1785151785.073065,1.763,/vehicle/driver_position_cmd
7.5447,velocity,1785151785.123078,0.489,/vehicle/driver_position_cmd
7.5452,position,1785151785.123078,0.956,/vehicle/driver_position_cmd
7.5839,velocity,1785151785.083696,0.428,/vehicle/rear_bogie_velocity
7.5844,position,1785151785.083696,0.898,/vehicle/rear_bogie_velocity
7.5927,velocity,1785151785.173100,0.492,/vehicle/driver_position_cmd
7.5930,position,1785151785.173100,0.871,/vehicle/driver_position_cmd
7.6428,velocity,1785151785.223099,0.653,/vehicle/driver_position_cmd
7.6433,position,1785151785.223099,1.131,/vehicle/driver_position_cmd
7.6809,velocity,1785151785.193669,0.300,/vehicle/rear_bogie_velocity
7.6814,position,1785151785.193669,0.837,/vehicle/rear_bogie_velocity
7.6951,velocity,1785151785.273083,0.578,/vehicle/driver_position_cmd
7.6955,position,1785151785.273083,0.971,/vehicle/driver_position_cmd
7.7493,velocity,1785151785.323059,0.991,/vehicle/driver_position_cmd
7.7499,position,1785151785.323059,1.621,/vehicle/driver_position_cmd
7.7859,velocity,1785151785.285650,0.641,/vehicle/rear_bogie_velocity
7.7867,position,1785151785.285650,1.434,/vehicle/rear_bogie_velocity
7.7930,velocity,1785151785.373112,0.582,/vehicle/driver_position_cmd
7.7935,position,1785151785.373112,1.078,/vehicle/driver_position_cmd
7.8442,velocity,1785151785.423061,0.873,/vehicle/driver_position_cmd
7.8451,position,1785151785.423061,1.732,/vehicle/driver_position_cmd
7.8866,velocity,1785151785.403605,0.544,/vehicle/rear_bogie_velocity
7.8874,position,1785151785.403605,1.394,/vehicle/rear_bogie_velocity
7.8925,velocity,1785151785.473077,0.842,/vehicle/driver_position_cmd
7.8934,position,1785151785.473077,1.803,/vehicle/driver_position_cmd
7.9458,velocity,1785151785.523061,0.841,/vehicle/driver_position_cmd
7.9462,position,1785151785.523061,1.271,/vehicle/driver_position_cmd
7.9798,velocity,1785151785.483578,0.573,/vehicle/rear_bogie_velocity
7.9805,position,1785151785.483578,1.269,/vehicle/rear_bogie_velocity
7.9941,velocity,1785151785.573069,1.279,/vehicle/driver_position_cmd
7.9946,position,1785151785.573069,1.866,/vehicle/driver_position_cmd
8.0417,velocity,1785151785.623074,0.754,/vehicle/driver_position_cmd
8.0422,position,1785151785.623074,1.270,/vehicle/driver_position_cmd
8.0809,velocity,1785151785.581549,0.551,/vehicle/rear_bogie_velocity
8.0818,position,1785151785.581549,1.389,/vehicle/rear_bogie_velocity
8.0940,velocity,1785151785.673082,0.941,/vehicle/driver_position_cmd
8.0946,position,1785151785.673082,1.496,/vehicle/driver_position_cmd
8.1461,velocity,1785151785.723080,0.723,/vehicle/driver_position_cmd
8.1468,position,1785151785.723080,1.388,/vehicle/driver_position_cmd
8.1852,velocity,1785151785.685525,0.618,/vehicle/rear_bogie_velocity
8.1859,position,1785151785.685525,1.295,/vehicle/rear_bogie_velocity
8.1938,velocity,1785151785.773121,1.064,/vehicle/driver_position_cmd
8.1945,position,1785151785.773121,1.699,/vehicle/driver_position_cmd
8.2457,velocity,1785151785.823057,0.493,/vehicle/driver_position_cmd
8.2462,position,1785151785.823057,0.995,/vehicle/driver_position_cmd
8.2899,velocity,1785151785.785502,0.485,/vehicle/rear_bogie_velocity
8.2904,position,1785151785.785502,0.952,/vehicle/rear_bogie_velocity
8.2925,velocity,1785151785.873079,2.372,/vehicle/driver_position_cmd
8.2930,position,1785151785.873079,2.894,/vehicle/driver_position_cmd
8.3482,velocity,1785151785.923079,0.978,/vehicle/driver_position_cmd
8.3490,position,1785151785.923079,1.777,/vehicle/driver_position_cmd
8.3793,velocity,1785151785.881480,0.561,/vehicle/rear_bogie_velocity
8.3800,position,1785151785.881480,1.260,/vehicle/rear_bogie_velocity
8.3948,velocity,1785151785.973066,3.391,/vehicle/driver_position_cmd
8.3954,position,1785151785.973066,4.043,/vehicle/driver_position_cmd
8.4441,velocity,1785151786.023107,0.684,/vehicle/driver_position_cmd
8.4446,position,1785151786.023107,1.229,/vehicle/driver_position_cmd
8.4821,velocity,1785151785.987451,0.594,/vehicle/rear_bogie_velocity
8.4840,position,1785151785.987451,2.517,/vehicle/rear_bogie_velocity
8.4956,velocity,1785151786.073062,1.439,/vehicle/driver_position_cmd
8.4960,position,1785151786.073062,1.824,/vehicle/driver_position_cmd
8.5426,velocity,1785151786.123073,2.401,/vehicle/driver_position_cmd
8.5433,position,1785151786.123073,3.129,/vehicle/driver_position_cmd
8.5847,velocity,1785151786.095412,0.600,/vehicle/rear_bogie_velocity
8.5855,position,1785151786.095412,1.449,/vehicle/rear_bogie_velocity
8.5918,velocity,1785151786.173064,0.748,/vehicle/driver_position_cmd
8.5927,position,1785151786.173064,1.610,/vehicle/driver_position_cmd
8.6513,velocity,1785151786.223076,1.006,/vehicle/driver_position_cmd
8.6521,position,1785151786.223076,1.837,/vehicle/driver_position_cmd
8.6792,velocity,1785151786.187393,0.683,/vehicle/rear_bogie_velocity
8.6800,position,1785151786.187393,1.520,/vehicle/rear_bogie_velocity
8.6963,velocity,1785151786.273084,0.614,/vehicle/driver_position_cmd
8.6968,position,1785151786.273084,1.158,/vehicle/driver_position_cmd
8.7466,velocity,1785151786.323064,1.045,/vehicle/driver_position_cmd
8.7472,position,1785151786.323064,1.665,/vehicle/driver_position_cmd
8.7824,velocity,1785151786.285372,0.677,/vehicle/rear_bogie_velocity
8.7831,position,1785151786.285372,1.363,/vehicle/rear_bogie_velocity
8.7947,velocity,1785151786.373062,0.633,/vehicle/driver_position_cmd
8.7956,position,1785151786.373062,1.529,/vehicle/driver_position_cmd
8.8409,velocity,1785151786.423076,0.987,/vehicle/driver_position_cmd
8.8420,position,1785151786.423076,2.027,/vehicle/driver_position_cmd
8.8875,velocity,1785151786.403337,0.606,/vehicle/rear_bogie_velocity
8.8884,position,1785151786.403337,1.503,/vehicle/rear_bogie_velocity
8.8951,velocity,1785151786.473081,1.772,/vehicle/driver_position_cmd
8.8955,position,1785151786.473081,2.184,/vehicle/driver_position_cmd
8.9464,velocity,1785151786.523097,0.978,/vehicle/driver_position_cmd
8.9473,position,1785151786.523097,1.842,/vehicle/driver_position_cmd
8.9846,velocity,1785151786.491296,0.658,/vehicle/rear_bogie_velocity
8.9853,position,1785151786.491296,1.279,/vehicle/rear_bogie_velocity
8.9927,velocity,1785151786.573094,1.055,/vehicle/driver_position_cmd
8.9934,position,1785151786.573094,1.798,/vehicle/driver_position_cmd
9.0433,velocity,1785151786.623089,1.174,/vehicle/driver_position_cmd
9.0443,position,1785151786.623089,2.140,/vehicle/driver_position_cmd
9.0845,velocity,1785151786.581289,0.985,/vehicle/rear_bogie_velocity
9.0854,position,1785151786.581289,1.856,/vehicle/rear_bogie_velocity
9.0939,velocity,1785151786.673103,3.011,/vehicle/driver_position_cmd
9.0944,position,1785151786.673103,3.525,/vehicle/driver_position_cmd
9.1452,velocity,1785151786.723071,1.065,/vehicle/driver_position_cmd
9.1460,position,1785151786.723071,1.818,/vehicle/driver_position_cmd
9.1799,velocity,1785151786.683246,0.381,/vehicle/rear_bogie_velocity
9.1803,position,1785151786.683246,0.819,/vehicle/rear_bogie_velocity
9.1911,velocity,1785151786.773122,0.463,/vehicle/driver_position_cmd
9.1916,position,1785151786.773122,0.945,/vehicle/driver_position_cmd
9.2413,velocity,1785151786.823064,0.946,/vehicle/driver_position_cmd
9.2417,position,1785151786.823064,1.300,/vehicle/driver_position_cmd
9.2787,velocity,1785151786.783235,0.226,/vehicle/rear_bogie_velocity
9.2789,position,1785151786.783235,0.454,/vehicle/rear_bogie_velocity
9.2924,velocity,1785151786.873123,0.306,/vehicle/driver_position_cmd
9.2926,position,1785151786.873123,0.504,/vehicle/driver_position_cmd
9.3405,velocity,1785151786.923098,0.263,/vehicle/driver_position_cmd
9.3408,position,1785151786.923098,0.526,/vehicle/driver_position_cmd
9.3874,velocity,1785151786.879200,0.359,/vehicle/rear_bogie_velocity
9.3878,position,1785151786.879200,0.742,/vehicle/rear_bogie_velocity
9.3917,velocity,1785151786.973117,0.506,/vehicle/driver_position_cmd
9.3921,position,1785151786.973117,0.939,/vehicle/driver_position_cmd
9.4493,velocity,1785151787.023085,1.010,/vehicle/driver_position_cmd
9.4499,position,1785151787.023085,1.625,/vehicle/driver_position_cmd
9.4808,velocity,1785151786.987167,0.815,/vehicle/rear_bogie_velocity
9.4815,position,1785151786.987167,1.495,/vehicle/rear_bogie_velocity
9.4954,velocity,1785151787.073323,0.851,/vehicle/driver_position_cmd
9.4963,position,1785151787.073323,1.746,/vehicle/driver_position_cmd
9.5445,velocity,1785151787.123102,1.962,/vehicle/driver_position_cmd
9.5453,position,1785151787.123102,2.741,/vehicle/driver_position_cmd
9.5853,velocity,1785151787.083140,0.480,/vehicle/rear_bogie_velocity
9.5858,position,1785151787.083140,0.962,/vehicle/rear_bogie_velocity
9.5923,velocity,1785151787.173086,0.331,/vehicle/driver_position_cmd
9.5926,position,1785151787.173086,0.650,/vehicle/driver_position_cmd
9.6463,velocity,1785151787.223098,1.288,/vehicle/driver_position_cmd
9.6473,position,1785151787.223098,2.286,/vehicle/driver_position_cmd
9.6812,velocity,1785151787.187115,0.570,/vehicle/rear_bogie_velocity
9.6821,position,1785151787.187115,1.447,/vehicle/rear_bogie_velocity
9.6944,velocity,1785151787.273113,1.382,/vehicle/driver_position_cmd
9.6952,position,1785151787.273113,2.129,/vehicle/driver_position_cmd
9.7483,velocity,1785151787.323062,0.889,/vehicle/driver_position_cmd
9.7490,position,1785151787.323062,1.591,/vehicle/driver_position_cmd
9.7793,velocity,1785151787.283100,0.510,/vehicle/rear_bogie_velocity
9.7800,position,1785151787.283100,1.252,/vehicle/rear_bogie_velocity
9.7924,velocity,1785151787.373118,1.073,/vehicle/driver_position_cmd
9.7934,position,1785151787.373118,2.163,/vehicle/driver_position_cmd
9.8448,velocity,1785151787.423082,1.291,/vehicle/driver_position_cmd
9.8455,position,1785151787.423082,1.968,/vehicle/driver_position_cmd
9.8817,velocity,1785151787.403047,0.885,/vehicle/rear_bogie_velocity
9.8825,position,1785151787.403047,1.678,/vehicle/rear_bogie_velocity
9.8947,velocity,1785151787.473056,1.416,/vehicle/driver_position_cmd
9.8953,position,1785151787.473056,2.067,/vehicle/driver_position_cmd
9.9447,velocity,1785151787.523107,1.194,/vehicle/driver_position_cmd
9.9453,position,1785151787.523107,1.836,/vehicle/driver_position_cmd
9.9804,velocity,1785151787.487034,0.576,/vehicle/rear_bogie_velocity
9.9812,position,1785151787.487034,1.400,/vehicle/rear_bogie_velocity
9.9943,velocity,1785151787.573081,1.029,/vehicle/driver_position_cmd
9.9949,position,1785151787.573081,1.707,/vehicle/driver_position_cmd
10.0424,velocity,1785151787.623082,0.965,/vehicle/driver_position_cmd
10.0432,position,1785151787.623082,1.748,/vehicle/driver_position_cmd
10.0831,velocity,1785151787.585010,0.136,/vehicle/rear_bogie_velocity
10.0833,position,1785151787.585010,0.344,/vehicle/rear_bogie_velocity
10.0909,velocity,1785151787.673097,0.185,/vehicle/driver_position_cmd
10.0911,position,1785151787.673097,0.344,/vehicle/driver_position_cmd
10.1526,velocity,1785151787.723060,1.005,/vehicle/driver_position_cmd
10.1551,position,1785151787.723060,3.467,/vehicle/driver_position_cmd
10.1795,velocity,1785151787.680980,0.567,/vehicle/rear_bogie_velocity
10.1801,position,1785151787.680980,1.143,/vehicle/rear_bogie_velocity
10.1944,velocity,1785151787.773069,1.741,/vehicle/driver_position_cmd
10.1950,position,1785151787.773069,2.387,/vehicle/driver_position_cmd
10.2514,velocity,1785151787.823071,1.052,/vehicle/driver_position_cmd
10.2524,position,1785151787.823071,2.054,/vehicle/driver_position_cmd
10.2780,velocity,1785151787.778954,0.505,/vehicle/rear_bogie_velocity
10.2785,position,1785151787.778954,1.013,/vehicle/rear_bogie_velocity
10.2917,velocity,1785151787.873068,0.408,/vehicle/driver_position_cmd
10.2919,position,1785151787.873068,0.611,/vehicle/driver_position_cmd
10.3503,velocity,1785151787.923101,0.247,/vehicle/driver_position_cmd
10.3505,position,1785151787.923101,0.463,/vehicle/driver_position_cmd
10.3868,velocity,1785151787.880920,0.180,/vehicle/rear_bogie_velocity
10.3870,position,1785151787.880920,0.388,/vehicle/rear_bogie_velocity
10.3919,velocity,1785151787.973080,0.289,/vehicle/driver_position_cmd
10.3921,position,1785151787.973080,0.423,/vehicle/driver_position_cmd
10.4407,velocity,1785151788.023115,0.364,/vehicle/driver_position_cmd
10.4412,position,1785151788.023115,0.894,/vehicle/driver_position_cmd
10.4802,velocity,1785151787.992888,0.331,/vehicle/rear_bogie_velocity
10.4806,position,1785151787.992888,0.756,/vehicle/rear_bogie_velocity
10.4912,velocity,1785151788.073098,0.320,/vehicle/driver_position_cmd
10.4915,position,1785151788.073098,0.645,/vehicle/driver_position_cmd
10.5475,velocity,1785151788.123068,2.243,/vehicle/driver_position_cmd
10.5482,position,1785151788.123068,2.976,/vehicle/driver_position_cmd
10.5823,velocity,1785151788.086862,0.646,/vehicle/rear_bogie_velocity
10.5828,position,1785151788.086862,1.231,/vehicle/rear_bogie_velocity
10.5924,velocity,1785151788.173122,1.189,/vehicle/driver_position_cmd
10.5931,position,1785151788.173122,1.852,/vehicle/driver_position_cmd
10.6426,velocity,1785151788.223087,0.905,/vehicle/driver_position_cmd
10.6432,position,1785151788.223087,1.513,/vehicle/driver_position_cmd
10.6837,velocity,1785151788.186834,0.637,/vehicle/rear_bogie_velocity
10.6849,position,1785151788.186834,1.877,/vehicle/rear_bogie_velocity
10.6918,velocity,1785151788.273104,1.295,/vehicle/driver_position_cmd
10.6931,position,1785151788.273104,2.566,/vehicle/driver_position_cmd
10.7435,velocity,1785151788.323104,1.177,/vehicle/driver_position_cmd
10.7444,position,1785151788.323104,2.102,/vehicle/driver_position_cmd
10.7798,velocity,1785151788.286808,0.688,/vehicle/rear_bogie_velocity
10.7806,position,1785151788.286808,1.442,/vehicle/rear_bogie_velocity
10.7959,velocity,1785151788.373069,0.903,/vehicle/driver_position_cmd
10.7965,position,1785151788.373069,1.534,/vehicle/driver_position_cmd
10.8427,velocity,1785151788.423074,0.726,/vehicle/driver_position_cmd
10.8431,position,1785151788.423074,1.086,/vehicle/driver_position_cmd
10.8837,velocity,1785151788.400774,0.602,/vehicle/rear_bogie_velocity
10.8845,position,1785151788.400774,1.453,/vehicle/rear_bogie_velocity
10.8920,velocity,1785151788.473077,0.819,/vehicle/driver_position_cmd
10.8928,position,1785151788.473077,1.559,/vehicle/driver_position_cmd
10.9429,velocity,1785151788.523062,1.457,/vehicle/driver_position_cmd
10.9440,position,1785151788.523062,2.617,/vehicle/driver_position_cmd
10.9834,velocity,1785151788.488748,0.898,/vehicle/rear_bogie_velocity
10.9843,position,1785151788.488748,1.783,/vehicle/rear_bogie_velocity
10.9912,velocity,1785151788.573061,0.781,/vehicle/driver_position_cmd
10.9920,position,1785151788.573061,1.579,/vehicle/driver_position_cmd
11.0423,velocity,1785151788.623071,1.140,/vehicle/driver_position_cmd
11.0431,position,1785151788.623071,1.945,/vehicle/driver_position_cmd
11.0817,velocity,1785151788.584724,0.655,/vehicle/rear_bogie_velocity
11.0824,position,1785151788.584724,1.388,/vehicle/rear_bogie_velocity
11.0934,velocity,1785151788.673102,1.169,/vehicle/driver_position_cmd
11.0942,position,1785151788.673102,1.989,/vehicle/driver_position_cmd
11.1485,velocity,1785151788.723066,1.089,/vehicle/driver_position_cmd
11.1493,position,1785151788.723066,1.952,/vehicle/driver_position_cmd
11.1795,velocity,1785151788.680696,0.532,/vehicle/rear_bogie_velocity
11.1803,position,1785151788.680696,1.273,/vehicle/rear_bogie_velocity
11.1919,velocity,1785151788.773086,1.255,/vehicle/driver_position_cmd
11.1927,position,1785151788.773086,2.125,/vehicle/driver_position_cmd
11.2437,velocity,1785151788.823095,1.767,/vehicle/driver_position_cmd
11.2449,position,1785151788.823095,3.009,/vehicle/driver_position_cmd
11.2796,velocity,1785151788.782667,0.615,/vehicle/rear_bogie_velocity
11.2805,position,1785151788.782667,1.496,/vehicle/rear_bogie_velocity
11.2938,velocity,1785151788.873063,1.291,/vehicle/driver_position_cmd
11.2943,position,1785151788.873063,1.770,/vehicle/driver_position_cmd
11.3419,velocity,1785151788.923090,0.937,/vehicle/driver_position_cmd
11.3425,position,1785151788.923090,1.567,/vehicle/driver_position_cmd
11.3826,velocity,1785151788.874649,0.589,/vehicle/rear_bogie_velocity
11.3834,position,1785151788.874649,1.439,/vehicle/rear_bogie_velocity
11.3921,velocity,1785151788.973079,0.888,/vehicle/driver_position_cmd
11.3926,position,1785151788.973079,1.389,/vehicle/driver_position_cmd
11.4426,velocity,1785151789.023089,0.529,/vehicle/driver_position_cmd
11.4430,position,1785151789.023089,0.973,/vehicle/driver_position_cmd
11.4857,velocity,1785151788.994601,0.318,/vehicle/rear_bogie_velocity
11.4861,position,1785151788.994601,0.745,/vehicle/rear_bogie_velocity
11.4920,velocity,1785151789.073096,0.526,/vehicle/driver_position_cmd
11.4924,position,1785151789.073096,0.925,/vehicle/driver_position_cmd
11.5456,velocity,1785151789.123088,0.489,/vehicle/driver_position_cmd
11.5462,position,1785151789.123088,1.083,/vehicle/driver_position_cmd
11.5848,velocity,1785151789.082595,0.393,/vehicle/rear_bogie_velocity
11.5852,position,1785151789.082595,0.833,/vehicle/rear_bogie_velocity
11.5908,velocity,1785151789.173072,0.449,/vehicle/driver_position_cmd
11.5912,position,1785151789.173072,0.833,/vehicle/driver_position_cmd
11.6500,velocity,1785151789.223078,0.698,/vehicle/driver_position_cmd
11.6508,position,1785151789.223078,1.492,/vehicle/driver_position_cmd
11.6814,velocity,1785151789.180560,0.567,/vehicle/rear_bogie_velocity
11.6821,position,1785151789.180560,1.263,/vehicle/rear_bogie_velocity
11.6937,velocity,1785151789.273109,0.818,/vehicle/driver_position_cmd
11.6941,position,1785151789.273109,1.256,/vehicle/driver_position_cmd
11.7440,velocity,1785151789.323076,0.910,/vehicle/driver_position_cmd
11.7447,position,1785151789.323076,1.564,/vehicle/driver_position_cmd
11.7861,velocity,1785151789.284541,0.673,/vehicle/rear_bogie_velocity
11.7870,position,1785151789.284541,1.575,/vehicle/rear_bogie_velocity
11.7919,velocity,1785151789.373061,0.667,/vehicle/driver_position_cmd
11.7926,position,1785151789.373061,1.297,/vehicle/driver_position_cmd
11.8434,velocity,1785151789.423133,1.161,/vehicle/driver_position_cmd
11.8448,position,1785151789.423133,2.547,/vehicle/driver_position_cmd
11.8786,velocity,1785151789.398511,0.332,/vehicle/rear_bogie_velocity
11.8791,position,1785151789.398511,0.772,/vehicle/rear_bogie_velocity
11.8949,velocity,1785151789.473092,0.713,/vehicle/driver_position_cmd
11.8955,position,1785151789.473092,1.295,/vehicle/driver_position_cmd
11.9519,velocity,1785151789.523108,1.476,/vehicle/driver_position_cmd
11.9527,position,1785151789.523108,2.252,/vehicle/driver_position_cmd
11.9814,velocity,1785151789.484486,0.626,/vehicle/rear_bogie_velocity
11.9821,position,1785151789.484486,1.284,/vehicle/rear_bogie_velocity
11.9953,velocity,1785151789.573091,1.001,/vehicle/driver_position_cmd
11.9961,position,1785151789.573091,1.857,/vehicle/driver_position_cmd
12.0436,velocity,1785151789.623078,1.132,/vehicle/driver_position_cmd
12.0443,position,1785151789.623078,1.802,/vehicle/driver_position_cmd
12.0790,velocity,1785151789.582449,0.650,/vehicle/rear_bogie_velocity
12.0797,position,1785151789.582449,1.377,/vehicle/rear_bogie_velocity
12.0940,velocity,1785151789.673098,0.818,/vehicle/driver_position_cmd
12.0950,position,1785151789.673098,1.756,/vehicle/driver_position_cmd
12.1449,velocity,1785151789.723072,1.464,/vehicle/driver_position_cmd
12.1456,position,1785151789.723072,2.140,/vehicle/driver_position_cmd
12.1870,velocity,1785151789.680418,0.638,/vehicle/rear_bogie_velocity
12.1877,position,1785151789.680418,1.319,/vehicle/rear_bogie_velocity
12.1933,velocity,1785151789.773098,2.127,/vehicle/driver_position_cmd
12.1937,position,1785151789.773098,2.561,/vehicle/driver_position_cmd
12.2459,velocity,1785151789.823059,0.505,/vehicle/driver_position_cmd
12.2463,position,1785151789.823059,0.930,/vehicle/driver_position_cmd
12.2812,velocity,1785151789.784394,0.652,/vehicle/rear_bogie_velocity
12.2819,position,1785151789.784394,1.353,/vehicle/rear_bogie_velocity
12.2916,velocity,1785151789.873089,0.863,/vehicle/driver_position_cmd
12.2923,position,1785151789.873089,1.560,/vehicle/driver_position_cmd
12.3430,velocity,1785151789.923081,1.378,/vehicle/driver_position_cmd
12.3436,position,1785151789.923081,1.967,/vehicle/driver_position_cmd
12.3868,velocity,1785151789.882368,0.910,/vehicle/rear_bogie_velocity
12.3873,position,1785151789.882368,1.456,/vehicle/rear_bogie_velocity
12.3928,velocity,1785151789.973093,1.216,/vehicle/driver_position_cmd
12.3936,position,1785151789.973093,2.036,/vehicle/driver_position_cmd
12.4455,velocity,1785151790.023090,1.176,/vehicle/driver_position_cmd
12.4462,position,1785151790.023090,1.869,/vehicle/driver_position_cmd
12.4855,velocity,1785151789.984333,0.639,/vehicle/rear_bogie_velocity
12.4865,position,1785151789.984333,1.560,/vehicle/rear_bogie_velocity
12.4907,velocity,1785151790.073088,0.595,/vehicle/driver_position_cmd
12.4913,position,1785151790.073088,1.242,/vehicle/driver_position_cmd
12.5427,velocity,1785151790.123062,1.559,/vehicle/driver_position_cmd
12.5435,position,1785151790.123062,2.336,/vehicle/driver_position_cmd
12.5842,velocity,1785151790.084304,0.642,/vehicle/rear_bogie_velocity
12.5850,position,1785151790.084304,1.468,/vehicle/rear_bogie_velocity
12.5924,velocity,1785151790.173108,1.532,/vehicle/driver_position_cmd
12.5934,position,1785151790.173108,2.585,/vehicle/driver_position_cmd
12.6466,velocity,1785151790.223091,0.763,/vehicle/driver_position_cmd
12.6473,position,1785151790.223091,1.410,/vehicle/driver_position_cmd
12.6851,velocity,1785151790.184276,0.630,/vehicle/rear_bogie_velocity
12.6859,position,1785151790.184276,1.408,/vehicle/rear_bogie_velocity
12.6931,velocity,1785151790.273108,1.126,/vehicle/driver_position_cmd
12.6943,position,1785151790.273108,2.308,/vehicle/driver_position_cmd
12.7430,velocity,1785151790.323091,0.993,/vehicle/driver_position_cmd
12.7436,position,1785151790.323091,1.598,/vehicle/driver_position_cmd
12.7804,velocity,1785151790.288249,0.723,/vehicle/rear_bogie_velocity
12.7813,position,1785151790.288249,1.623,/vehicle/rear_bogie_velocity
12.7922,velocity,1785151790.373112,1.256,/vehicle/driver_position_cmd
12.7929,position,1785151790.373112,1.929,/vehicle/driver_position_cmd
12.8434,velocity,1785151790.423089,1.166,/vehicle/driver_position_cmd
12.8438,position,1785151790.423089,1.557,/vehicle/driver_position_cmd
12.8816,velocity,1785151790.400215,1.035,/vehicle/rear_bogie_velocity
12.8825,position,1785151790.400215,1.928,/vehicle/rear_bogie_velocity
12.8924,velocity,1785151790.473075,1.157,/vehicle/driver_position_cmd
12.8933,position,1785151790.473075,2.106,/vehicle/driver_position_cmd
12.9452,velocity,1785151790.523091,0.792,/vehicle/driver_position_cmd
12.9461,position,1785151790.523091,1.679,/vehicle/driver_position_cmd
12.9790,velocity,1785151790.488197,0.539,/vehicle/rear_bogie_velocity
12.9798,position,1785151790.488197,1.349,/vehicle/rear_bogie_velocity
12.9954,velocity,1785151790.573111,0.850,/vehicle/driver_position_cmd
12.9961,position,1785151790.573111,1.528,/vehicle/driver_position_cmd
13.0428,velocity,1785151790.623076,1.236,/vehicle/driver_position_cmd
13.0438,position,1785151790.623076,2.186,/vehicle/driver_position_cmd
13.0826,velocity,1785151790.584167,0.439,/vehicle/rear_bogie_velocity
13.0830,position,1785151790.584167,0.903,/vehicle/rear_bogie_velocity
13.0932,velocity,1785151790.673096,0.883,/vehicle/driver_position_cmd
13.0942,position,1785151790.673096,1.870,/vehicle/driver_position_cmd
13.1468,velocity,1785151790.723076,0.667,/vehicle/driver_position_cmd
13.1476,position,1785151790.723076,1.446,/vehicle/driver_position_cmd
13.1871,velocity,1785151790.682139,0.481,/vehicle/rear_bogie_velocity
13.1876,position,1785151790.682139,1.056,/vehicle/rear_bogie_velocity
13.1918,velocity,1785151790.773100,0.787,/vehicle/driver_position_cmd
13.1925,position,1785151790.773100,1.451,/vehicle/driver_position_cmd
13.2456,velocity,1785151790.823106,0.532,/vehicle/driver_position_cmd
13.2460,position,1785151790.823106,0.955,/vehicle/driver_position_cmd
13.2881,velocity,1785151790.796106,0.432,/vehicle/rear_bogie_velocity
13.2885,position,1785151790.796106,0.825,/vehicle/rear_bogie_velocity
13.2904,velocity,1785151790.873083,0.330,/vehicle/driver_position_cmd
13.2907,position,1785151790.873083,0.655,/vehicle/driver_position_cmd
13.3486,velocity,1785151790.923079,0.490,/vehicle/driver_position_cmd
13.3491,position,1785151790.923079,0.926,/vehicle/driver_position_cmd
13.3838,velocity,1785151790.884105,0.704,/vehicle/rear_bogie_velocity
13.3845,position,1785151790.884105,1.442,/vehicle/rear_bogie_velocity
13.3923,velocity,1785151790.973110,1.091,/vehicle/driver_position_cmd
13.3937,position,1785151790.973110,2.452,/vehicle/driver_position_cmd
13.4445,velocity,1785151791.023092,1.227,/vehicle/driver_position_cmd
13.4452,position,1785151791.023092,1.906,/vehicle/driver_position_cmd
13.4812,velocity,1785151791.002047,0.630,/vehicle/rear_bogie_velocity
13.4819,position,1785151791.002047,1.378,/vehicle/rear_bogie_velocity
13.4983,velocity,1785151791.073124,0.996,/vehicle/driver_position_cmd
13.4989,position,1785151791.073124,1.607,/vehicle/driver_position_cmd
13.5421,velocity,1785151791.123132,0.918,/vehicle/driver_position_cmd
13.5425,position,1785151791.123132,1.308,/vehicle/driver_position_cmd
13.5909,velocity,1785151791.084025,0.479,/vehicle/rear_bogie_velocity
13.5915,position,1785151791.084025,1.113,/vehicle/rear_bogie_velocity
13.5919,velocity,1785151791.173182,0.704,/vehicle/driver_position_cmd
13.5922,position,1785151791.173182,1.096,/vehicle/driver_position_cmd
13.6448,velocity,1785151791.223086,0.664,/vehicle/driver_position_cmd
13.6456,position,1785151791.223086,1.500,/vehicle/driver_position_cmd
13.6904,velocity,1785151791.201992,0.602,/vehicle/rear_bogie_velocity
13.6912,position,1785151791.201992,1.426,/vehicle/rear_bogie_velocity
13.6916,velocity,1785151791.273099,0.774,/vehicle/driver_position_cmd
13.6921,position,1785151791.273099,1.275,/vehicle/driver_position_cmd
13.7465,velocity,1785151791.323093,0.874,/vehicle/driver_position_cmd
13.7475,position,1785151791.323093,1.809,/vehicle/driver_position_cmd
13.7901,velocity,1785151791.289971,0.661,/vehicle/rear_bogie_velocity
13.7908,position,1785151791.289971,1.378,/vehicle/rear_bogie_velocity
13.7915,velocity,1785151791.373113,0.390,/vehicle/driver_position_cmd
13.7921,position,1785151791.373113,0.967,/vehicle/driver_position_cmd
13.8513,velocity,1785151791.423085,0.780,/vehicle/driver_position_cmd
13.8519,position,1785151791.423085,1.403,/vehicle/driver_position_cmd
13.8824,velocity,1785151791.401936,0.982,/vehicle/rear_bogie_velocity
13.8833,position,1785151791.401936,1.935,/vehicle/rear_bogie_velocity
13.8920,velocity,1785151791.473104,0.939,/vehicle/driver_position_cmd
13.8929,position,1785151791.473104,1.812,/vehicle/driver_position_cmd
13.9459,velocity,1785151791.523123,0.854,/vehicle/driver_position_cmd
13.9466,position,1785151791.523123,1.548,/vehicle/driver_position_cmd
13.9814,velocity,1785151791.493915,0.548,/vehicle/rear_bogie_velocity
13.9821,position,1785151791.493915,1.266,/vehicle/rear_bogie_velocity
13.9934,velocity,1785151791.573102,1.172,/vehicle/driver_position_cmd
13.9940,position,1785151791.573102,1.801,/vehicle/driver_position_cmd
14.0458,velocity,1785151791.623100,0.768,/vehicle/driver_position_cmd
14.0466,position,1785151791.623100,1.567,/vehicle/driver_position_cmd
14.0808,velocity,1785151791.583899,0.683,/vehicle/rear_bogie_velocity
14.0815,position,1785151791.583899,1.388,/vehicle/rear_bogie_velocity
14.0912,velocity,1785151791.673095,0.758,/vehicle/driver_position_cmd
14.0920,position,1785151791.673095,1.510,/vehicle/driver_position_cmd
14.1410,velocity,1785151791.723059,0.194,/vehicle/driver_position_cmd
14.1412,position,1785151791.723059,0.372,/vehicle/driver_position_cmd
14.1854,velocity,1785151791.683867,0.316,/vehicle/rear_bogie_velocity
14.1856,position,1785151791.683867,0.424,/vehicle/rear_bogie_velocity
14.1898,velocity,1785151791.773072,0.200,/vehicle/driver_position_cmd
14.1899,position,1785151791.773072,0.294,/vehicle/driver_position_cmd
14.2451,velocity,1785151791.823046,0.171,/vehicle/driver_position_cmd
14.2454,position,1785151791.823046,0.400,/vehicle/driver_position_cmd
14.2886,velocity,1785151791.787838,0.408,/vehicle/rear_bogie_velocity
14.2890,position,1785151791.787838,0.813,/vehicle/rear_bogie_velocity
14.2904,velocity,1785151791.873092,0.302,/vehicle/driver_position_cmd
14.2907,position,1785151791.873092,0.595,/vehicle/driver_position_cmd
14.3519,velocity,1785151791.923074,1.029,/vehicle/driver_position_cmd
14.3528,position,1785151791.923074,1.923,/vehicle/driver_position_cmd
14.3789,velocity,1785151791.899801,0.747,/vehicle/rear_bogie_velocity
14.3796,position,1785151791.899801,1.415,/vehicle/rear_bogie_velocity
14.3929,velocity,1785151791.973061,1.158,/vehicle/driver_position_cmd
14.3935,position,1785151791.973061,1.723,/vehicle/driver_position_cmd
14.4440,velocity,1785151792.023094,1.161,/vehicle/driver_position_cmd
14.4446,position,1785151792.023094,1.726,/vehicle/driver_position_cmd
14.4805,velocity,1785151791.997782,0.822,/vehicle/rear_bogie_velocity
14.4813,position,1785151791.997782,1.615,/vehicle/rear_bogie_velocity
14.4947,velocity,1785151792.073074,0.769,/vehicle/driver_position_cmd
14.4954,position,1785151792.073074,1.498,/vehicle/driver_position_cmd
14.5412,velocity,1785151792.123070,0.586,/vehicle/driver_position_cmd
14.5417,position,1785151792.123070,1.074,/vehicle/driver_position_cmd
14.5859,velocity,1785151792.083760,0.946,/vehicle/rear_bogie_velocity
14.5866,position,1785151792.083760,1.703,/vehicle/rear_bogie_velocity
14.5918,velocity,1785151792.173066,0.662,/vehicle/driver_position_cmd
14.5925,position,1785151792.173066,1.453,/vehicle/driver_position_cmd
14.6413,velocity,1785151792.223100,1.016,/vehicle/driver_position_cmd
14.6419,position,1785151792.223100,1.712,/vehicle/driver_position_cmd
14.6812,velocity,1785151792.193722,0.734,/vehicle/rear_bogie_velocity
14.6819,position,1785151792.193722,1.381,/vehicle/rear_bogie_velocity
14.6911,velocity,1785151792.273101,0.539,/vehicle/driver_position_cmd
14.6916,position,1785151792.273101,1.015,/vehicle/driver_position_cmd
14.7459,velocity,1785151792.323080,0.911,/vehicle/driver_position_cmd
14.7465,position,1785151792.323080,1.530,/vehicle/driver_position_cmd
14.7878,velocity,1785151792.289701,0.595,/vehicle/rear_bogie_velocity
14.7884,position,1785151792.289701,1.200,/vehicle/rear_bogie_velocity
14.7910,velocity,1785151792.373098,0.803,/vehicle/driver_position_cmd
14.7918,position,1785151792.373098,1.651,/vehicle/driver_position_cmd
14.8475,velocity,1785151792.423045,0.609,/vehicle/driver_position_cmd
14.8482,position,1785151792.423045,1.298,/vehicle/driver_position_cmd
14.8792,velocity,1785151792.403658,0.400,/vehicle/rear_bogie_velocity
14.8797,position,1785151792.403658,0.905,/vehicle/rear_bogie_velocity
14.8939,velocity,1785151792.473060,2.075,/vehicle/driver_position_cmd
14.8945,position,1785151792.473060,2.763,/vehicle/driver_position_cmd
14.9445,velocity,1785151792.523091,1.042,/vehicle/driver_position_cmd
14.9454,position,1785151792.523091,1.940,/vehicle/driver_position_cmd
14.9816,velocity,1785151792.497625,0.398,/vehicle/rear_bogie_velocity
14.9820,position,1785151792.497625,0.812,/vehicle/rear_bogie_velocity
14.9928,velocity,1785151792.573502,0.818,/vehicle/driver_position_cmd
14.9931,position,1785151792.573502,1.143,/vehicle/driver_position_cmd
15.0418,velocity,1785151792.623059,0.712,/vehicle/driver_position_cmd
15.0424,position,1785151792.623059,1.315,/vehicle/driver_position_cmd
15.0791,velocity,1785151792.581606,1.034,/vehicle/rear_bogie_velocity
15.0803,position,1785151792.581606,2.163,/vehicle/rear_bogie_velocity
15.0928,velocity,1785151792.673094,1.263,/vehicle/driver_position_cmd
15.0933,position,1785151792.673094,1.738,/vehicle/driver_position_cmd
15.1440,velocity,1785151792.723104,0.656,/vehicle/driver_position_cmd
15.1448,position,1785151792.723104,1.499,/vehicle/driver_position_cmd
15.1787,velocity,1785151792.693572,0.622,/vehicle/rear_bogie_velocity
15.1795,position,1785151792.693572,1.427,/vehicle/rear_bogie_velocity
15.1913,velocity,1785151792.773092,0.493,/vehicle/driver_position_cmd
15.1917,position,1785151792.773092,0.916,/vehicle/driver_position_cmd
15.2492,velocity,1785151792.823072,1.031,/vehicle/driver_position_cmd
15.2501,position,1785151792.823072,1.913,/vehicle/driver_position_cmd
15.2829,velocity,1785151792.783535,0.670,/vehicle/rear_bogie_velocity
15.2834,position,1785151792.783535,1.265,/vehicle/rear_bogie_velocity
15.2945,velocity,1785151792.873073,0.772,/vehicle/driver_position_cmd
15.2952,position,1785151792.873073,1.433,/vehicle/driver_position_cmd
15.3432,velocity,1785151792.923117,0.815,/vehicle/driver_position_cmd
15.3439,position,1785151792.923117,1.486,/vehicle/driver_position_cmd
15.3804,velocity,1785151792.885517,0.582,/vehicle/rear_bogie_velocity
15.3813,position,1785151792.885517,1.410,/vehicle/rear_bogie_velocity
15.3950,velocity,1785151792.973107,0.816,/vehicle/driver_position_cmd
15.3956,position,1785151792.973107,1.406,/vehicle/driver_position_cmd
15.4445,velocity,1785151793.023082,1.254,/vehicle/driver_position_cmd
15.4452,position,1785151793.023082,1.889,/vehicle/driver_position_cmd
15.4815,velocity,1785151792.991487,0.837,/vehicle/rear_bogie_velocity
15.4822,position,1785151792.991487,1.517,/vehicle/rear_bogie_velocity
15.4935,velocity,1785151793.073128,1.655,/vehicle/driver_position_cmd
15.4944,position,1785151793.073128,2.562,/vehicle/driver_position_cmd
15.5424,velocity,1785151793.123069,0.951,/vehicle/driver_position_cmd
15.5433,position,1785151793.123069,1.864,/vehicle/driver_position_cmd
15.5816,velocity,1785151793.095462,0.621,/vehicle/rear_bogie_velocity
15.5823,position,1785151793.095462,1.244,/vehicle/rear_bogie_velocity
15.5916,velocity,1785151793.173057,0.738,/vehicle/driver_position_cmd
15.5924,position,1785151793.173057,1.493,/vehicle/driver_position_cmd
15.6424,velocity,1785151793.223125,0.883,/vehicle/driver_position_cmd
15.6430,position,1785151793.223125,1.524,/vehicle/driver_position_cmd
15.6842,velocity,1785151793.183439,0.628,/vehicle/rear_bogie_velocity
15.6848,position,1785151793.183439,1.276,/vehicle/rear_bogie_velocity
15.6938,velocity,1785151793.273093,1.202,/vehicle/driver_position_cmd
15.6945,position,1785151793.273093,1.976,/vehicle/driver_position_cmd
15.7518,velocity,1785151793.323086,1.759,/vehicle/driver_position_cmd
15.7528,position,1785151793.323086,2.707,/vehicle/driver_position_cmd
15.7797,velocity,1785151793.293403,0.594,/vehicle/rear_bogie_velocity
15.7803,position,1785151793.293403,1.237,/vehicle/rear_bogie_velocity
15.7953,velocity,1785151793.373074,0.981,/vehicle/driver_position_cmd
15.7960,position,1785151793.373074,1.686,/vehicle/driver_position_cmd
15.8426,velocity,1785151793.423077,1.487,/vehicle/driver_position_cmd
15.8435,position,1785151793.423077,2.451,/vehicle/driver_position_cmd
15.8791,velocity,1785151793.401386,0.730,/vehicle/rear_bogie_velocity
15.8801,position,1785151793.401386,1.666,/vehicle/rear_bogie_velocity
15.8932,velocity,1785151793.473077,1.141,/vehicle/driver_position_cmd
15.8943,position,1785151793.473077,2.239,/vehicle/driver_position_cmd
15.9466,velocity,1785151793.523118,0.976,/vehicle/driver_position_cmd
15.9473,position,1785151793.523118,1.657,/vehicle/driver_position_cmd
15.9888,velocity,1785151793.501338,0.890,/vehicle/rear_bogie_velocity
15.9896,position,1785151793.501338,1.732,/vehicle/rear_bogie_velocity
15.9907,velocity,1785151793.573057,0.585,/vehicle/driver_position_cmd
15.9912,position,1785151793.573057,1.019,/vehicle/driver_position_cmd
16.0442,velocity,1785151793.623104,1.572,/vehicle/driver_position_cmd
16.0451,position,1785151793.623104,2.514,/vehicle/driver_position_cmd
16.0820,velocity,1785151793.595320,0.756,/vehicle/rear_bogie_velocity
16.0827,position,1785151793.595320,1.455,/vehicle/rear_bogie_velocity
16.0938,velocity,1785151793.673070,1.531,/vehicle/driver_position_cmd
16.0972,position,1785151793.673070,4.915,/vehicle/driver_position_cmd
16.1463,velocity,1785151793.723083,0.834,/vehicle/driver_position_cmd
16.1470,position,1785151793.723083,1.553,/vehicle/driver_position_cmd
16.1855,velocity,1785151793.689300,0.616,/vehicle/rear_bogie_velocity
16.1861,position,1785151793.689300,1.256,/vehicle/rear_bogie_velocity
16.1926,velocity,1785151793.773109,0.843,/vehicle/driver_position_cmd
16.1940,position,1785151793.773109,2.228,/vehicle/driver_position_cmd
16.2446,velocity,1785151793.823092,1.396,/vehicle/driver_position_cmd
16.2456,position,1785151793.823092,2.464,/vehicle/driver_position_cmd
16.2794,velocity,1785151793.811798,0.749,/vehicle/rear_bogie_velocity
16.2803,position,1785151793.811798,1.676,/vehicle/rear_bogie_velocity
16.2933,velocity,1785151793.873077,1.237,/vehicle/driver_position_cmd
16.2943,position,1785151793.873077,2.170,/vehicle/driver_position_cmd
16.3429,velocity,1785151793.923103,1.296,/vehicle/driver_position_cmd
16.3436,position,1785151793.923103,2.007,/vehicle/driver_position_cmd
16.3830,velocity,1785151793.883248,0.665,/vehicle/rear_bogie_velocity
16.3837,position,1785151793.883248,1.306,/vehicle/rear_bogie_velocity
16.3925,velocity,1785151793.973092,1.194,/vehicle/driver_position_cmd
16.3936,position,1785151793.973092,2.299,/vehicle/driver_position_cmd
16.4465,velocity,1785151794.023092,0.844,/vehicle/driver_position_cmd
16.4474,position,1785151794.023092,1.733,/vehicle/driver_position_cmd
16.4866,velocity,1785151793.995201,0.651,/vehicle/rear_bogie_velocity
16.4875,position,1785151793.995201,1.572,/vehicle/rear_bogie_velocity
16.4919,velocity,1785151794.073113,0.703,/vehicle/driver_position_cmd
16.4929,position,1785151794.073113,1.680,/vehicle/driver_position_cmd
16.5458,velocity,1785151794.123078,1.865,/vehicle/driver_position_cmd
16.5465,position,1785151794.123078,2.559,/vehicle/driver_position_cmd
16.5863,velocity,1785151794.095185,0.668,/vehicle/rear_bogie_velocity
16.5870,position,1785151794.095185,1.311,/vehicle/rear_bogie_velocity
16.5959,velocity,1785151794.173074,4.362,/vehicle/driver_position_cmd
16.5964,position,1785151794.173074,4.812,/vehicle/driver_position_cmd
16.6479,velocity,1785151794.223082,0.968,/vehicle/driver_position_cmd
16.6488,position,1785151794.223082,1.850,/vehicle/driver_position_cmd
16.6814,velocity,1785151794.185154,0.871,/vehicle/rear_bogie_velocity
16.6822,position,1785151794.185154,1.633,/vehicle/rear_bogie_velocity
16.6955,velocity,1785151794.273114,0.945,/vehicle/driver_position_cmd
16.6963,position,1785151794.273114,1.775,/vehicle/driver_position_cmd
16.7437,velocity,1785151794.323100,1.189,/vehicle/driver_position_cmd
16.7445,position,1785151794.323100,1.961,/vehicle/driver_position_cmd
16.7801,velocity,1785151794.297121,0.621,/vehicle/rear_bogie_velocity
16.7807,position,1785151794.297121,1.198,/vehicle/rear_bogie_velocity
16.7961,velocity,1785151794.373085,0.971,/vehicle/driver_position_cmd
16.7970,position,1785151794.373085,1.844,/vehicle/driver_position_cmd
16.8445,velocity,1785151794.423099,0.697,/vehicle/driver_position_cmd
16.8451,position,1785151794.423099,1.348,/vehicle/driver_position_cmd
16.8857,velocity,1785151794.401079,0.525,/vehicle/rear_bogie_velocity
16.8863,position,1785151794.401079,1.154,/vehicle/rear_bogie_velocity
16.8913,velocity,1785151794.473091,1.006,/vehicle/driver_position_cmd
16.8921,position,1785151794.473091,1.813,/vehicle/driver_position_cmd
16.9514,velocity,1785151794.523080,0.911,/vehicle/driver_position_cmd
16.9522,position,1785151794.523080,1.720,/vehicle/driver_position_cmd
16.9860,velocity,1785151794.499067,0.817,/vehicle/rear_bogie_velocity
16.9867,position,1785151794.499067,1.575,/vehicle/rear_bogie_velocity
16.9911,velocity,1785151794.573075,0.763,/vehicle/driver_position_cmd
16.9918,position,1785151794.573075,1.460,/vehicle/driver_position_cmd
17.0460,velocity,1785151794.623117,0.852,/vehicle/driver_position_cmd
17.0467,position,1785151794.623117,1.534,/vehicle/driver_position_cmd
17.0828,velocity,1785151794.583045,0.640,/vehicle/rear_bogie_velocity
17.0834,position,1785151794.583045,1.229,/vehicle/rear_bogie_velocity
17.0924,velocity,1785151794.673095,0.634,/vehicle/driver_position_cmd
17.0928,position,1785151794.673095,1.110,/vehicle/driver_position_cmd
17.1455,velocity,1785151794.723089,0.750,/vehicle/driver_position_cmd
17.1461,position,1785151794.723089,1.371,/vehicle/driver_position_cmd
17.1795,velocity,1785151794.681014,0.603,/vehicle/rear_bogie_velocity
17.1802,position,1785151794.681014,1.289,/vehicle/rear_bogie_velocity
17.1926,velocity,1785151794.773106,1.111,/vehicle/driver_position_cmd
17.1936,position,1785151794.773106,2.075,/vehicle/driver_position_cmd
17.2488,velocity,1785151794.823078,0.938,/vehicle/driver_position_cmd
17.2495,position,1785151794.823078,1.619,/vehicle/driver_position_cmd
17.2876,velocity,1785151794.802969,0.571,/vehicle/rear_bogie_velocity
17.2885,position,1785151794.802969,1.397,/vehicle/rear_bogie_velocity
17.2913,velocity,1785151794.873069,0.678,/vehicle/driver_position_cmd
17.2922,position,1785151794.873069,1.501,/vehicle/driver_position_cmd
17.3456,velocity,1785151794.923100,0.449,/vehicle/driver_position_cmd
17.3460,position,1785151794.923100,0.864,/vehicle/driver_position_cmd
17.3852,velocity,1785151794.886949,0.652,/vehicle/rear_bogie_velocity
17.3860,position,1785151794.886949,1.420,/vehicle/rear_bogie_velocity
17.3935,velocity,1785151794.973098,3.236,/vehicle/driver_position_cmd
17.3945,position,1785151794.973098,4.222,/vehicle/driver_position_cmd
17.4460,velocity,1785151795.023088,0.816,/vehicle/driver_position_cmd
17.4468,position,1785151795.023088,1.590,/vehicle/driver_position_cmd
17.4834,velocity,1785151795.006912,0.461,/vehicle/rear_bogie_velocity
17.4841,position,1785151795.006912,1.218,/vehicle/rear_bogie_velocity
17.4933,velocity,1785151795.073095,0.939,/vehicle/driver_position_cmd
17.4937,position,1785151795.073095,1.366,/vehicle/driver_position_cmd
17.5479,velocity,1785151795.123108,1.880,/vehicle/driver_position_cmd
17.5484,position,1785151795.123108,2.408,/vehicle/driver_position_cmd
17.5788,velocity,1785151795.086894,0.504,/vehicle/rear_bogie_velocity
17.5795,position,1785151795.086894,1.161,/vehicle/rear_bogie_velocity
17.5940,velocity,1785151795.173092,0.932,/vehicle/driver_position_cmd
17.5948,position,1785151795.173092,1.660,/vehicle/driver_position_cmd
17.6515,velocity,1785151795.223090,0.923,/vehicle/driver_position_cmd
17.6524,position,1785151795.223090,1.745,/vehicle/driver_position_cmd
17.6795,velocity,1785151795.184873,0.638,/vehicle/rear_bogie_velocity
17.6801,position,1785151795.184873,1.314,/vehicle/rear_bogie_velocity
17.6927,velocity,1785151795.273097,0.517,/vehicle/driver_position_cmd
17.6931,position,1785151795.273097,0.982,/vehicle/driver_position_cmd
17.7471,velocity,1785151795.323071,1.018,/vehicle/driver_position_cmd
17.7476,position,1785151795.323071,1.598,/vehicle/driver_position_cmd
17.7793,velocity,1785151795.316832,0.851,/vehicle/rear_bogie_velocity
17.7802,position,1785151795.316832,1.724,/vehicle/rear_bogie_velocity
17.7946,velocity,1785151795.373078,1.283,/vehicle/driver_position_cmd
17.7952,position,1785151795.373078,1.900,/vehicle/driver_position_cmd
17.8451,velocity,1785151795.423108,0.749,/vehicle/driver_position_cmd
17.8457,position,1785151795.423108,1.396,/vehicle/driver_position_cmd
17.8795,velocity,1785151795.402802,0.404,/vehicle/rear_bogie_velocity
17.8800,position,1785151795.402802,0.991,/vehicle/rear_bogie_velocity
17.8946,velocity,1785151795.473059,0.702,/vehicle/driver_position_cmd
17.8952,position,1785151795.473059,1.299,/vehicle/driver_position_cmd
17.9515,velocity,1785151795.523125,0.992,/vehicle/driver_position_cmd
17.9525,position,1785151795.523125,2.062,/vehicle/driver_position_cmd
17.9788,velocity,1785151795.488790,0.505,/vehicle/rear_bogie_velocity
17.9793,position,1785151795.488790,0.991,/vehicle/rear_bogie_velocity
17.9919,velocity,1785151795.573055,0.578,/vehicle/driver_position_cmd
17.9924,position,1785151795.573055,1.094,/vehicle/driver_position_cmd
18.0456,velocity,1785151795.623112,0.866,/vehicle/driver_position_cmd
18.0463,position,1785151795.623112,1.483,/vehicle/driver_position_cmd
18.0840,velocity,1785151795.594769,0.945,/vehicle/rear_bogie_velocity
18.0849,position,1785151795.594769,1.816,/vehicle/rear_bogie_velocity
18.0917,velocity,1785151795.673086,0.826,/vehicle/driver_position_cmd
18.0929,position,1785151795.673086,2.030,/vehicle/driver_position_cmd
18.1451,velocity,1785151795.723099,0.741,/vehicle/driver_position_cmd
18.1457,position,1785151795.723099,1.359,/vehicle/driver_position_cmd
18.1892,velocity,1785151795.682743,0.696,/vehicle/rear_bogie_velocity
18.1899,position,1785151795.682743,1.326,/vehicle/rear_bogie_velocity
18.1906,velocity,1785151795.773107,0.432,/vehicle/driver_position_cmd
18.1912,position,1785151795.773107,1.048,/vehicle/driver_position_cmd
18.2429,velocity,1785151795.823074,0.546,/vehicle/driver_position_cmd
18.2433,position,1785151795.823074,0.975,/vehicle/driver_position_cmd
18.2803,velocity,1785151795.800696,0.371,/vehicle/rear_bogie_velocity
18.2806,position,1785151795.800696,0.737,/vehicle/rear_bogie_velocity
18.2916,velocity,1785151795.873083,0.520,/vehicle/driver_position_cmd
18.2922,position,1785151795.873083,1.070,/vehicle/driver_position_cmd
18.3489,velocity,1785151795.923120,1.017,/vehicle/driver_position_cmd
18.3495,position,1785151795.923120,1.591,/vehicle/driver_position_cmd
18.3786,velocity,1785151795.884684,0.758,/vehicle/rear_bogie_velocity
18.3795,position,1785151795.884684,1.597,/vehicle/rear_bogie_velocity
18.3928,velocity,1785151795.973125,1.332,/vehicle/driver_position_cmd
18.3935,position,1785151795.973125,1.996,/vehicle/driver_position_cmd
18.4444,velocity,1785151796.023095,1.132,/vehicle/driver_position_cmd
18.4450,position,1785151796.023095,1.769,/vehicle/driver_position_cmd
18.4803,velocity,1785151795.994637,0.505,/vehicle/rear_bogie_velocity
18.4810,position,1785151795.994637,1.208,/vehicle/rear_bogie_velocity
18.4937,velocity,1785151796.073097,1.573,/vehicle/driver_position_cmd
18.4969,position,1785151796.073097,4.781,/vehicle/driver_position_cmd
18.5411,velocity,1785151796.123110,0.574,/vehicle/driver_position_cmd
18.5416,position,1785151796.123110,1.096,/vehicle/driver_position_cmd
18.5802,velocity,1785151796.084608,0.838,/vehicle/rear_bogie_velocity
18.5809,position,1785151796.084608,1.486,/vehicle/rear_bogie_velocity
18.5947,velocity,1785151796.173075,0.802,/vehicle/driver_position_cmd
18.5955,position,1785151796.173075,1.602,/vehicle/driver_position_cmd
18.6495,velocity,1785151796.223108,1.040,/vehicle/driver_position_cmd
18.6501,position,1785151796.223108,1.654,/vehicle/driver_position_cmd
18.6809,velocity,1785151796.186597,0.670,/vehicle/rear_bogie_velocity
18.6815,position,1785151796.186597,1.306,/vehicle/rear_bogie_velocity
18.6951,velocity,1785151796.273069,0.616,/vehicle/driver_position_cmd
18.6955,position,1785151796.273069,1.031,/vehicle/driver_position_cmd
18.7474,velocity,1785151796.323104,1.000,/vehicle/driver_position_cmd
18.7481,position,1785151796.323104,1.670,/vehicle/driver_position_cmd
18.7811,velocity,1785151796.356543,1.468,/vehicle/rear_bogie_velocity
18.7820,position,1785151796.356543,2.382,/vehicle/rear_bogie_velocity
18.7930,velocity,1785151796.373080,0.469,/vehicle/driver_position_cmd
18.7934,position,1785151796.373080,0.947,/vehicle/driver_position_cmd
18.8435,velocity,1785151796.423093,0.531,/vehicle/driver_position_cmd
18.8441,position,1785151796.423093,1.145,/vehicle/driver_position_cmd
18.8826,velocity,1785151796.422529,0.387,/vehicle/rear_bogie_velocity
18.8831,position,1785151796.422529,0.950,/vehicle/rear_bogie_velocity
18.8940,velocity,1785151796.473073,0.956,/vehicle/driver_position_cmd
18.8949,position,1785151796.473073,1.803,/vehicle/driver_position_cmd
18.9441,velocity,1785151796.523097,0.962,/vehicle/driver_position_cmd
18.9449,position,1785151796.523097,1.742,/vehicle/driver_position_cmd
18.9849,velocity,1785151796.490505,0.870,/vehicle/rear_bogie_velocity
18.9855,position,1785151796.490505,1.434,/vehicle/rear_bogie_velocity
18.9936,velocity,1785151796.573097,1.282,/vehicle/driver_position_cmd
18.9946,position,1785151796.573097,2.196,/vehicle/driver_position_cmd
19.0517,velocity,1785151796.623080,0.909,/vehicle/driver_position_cmd
19.0525,position,1785151796.623080,1.778,/vehicle/driver_position_cmd
19.0832,velocity,1785151796.594478,0.841,/vehicle/rear_bogie_velocity
19.0838,position,1785151796.594478,1.458,/vehicle/rear_bogie_velocity
19.0942,velocity,1785151796.673109,1.552,/vehicle/driver_position_cmd
19.0946,position,1785151796.673109,1.975,/vehicle/driver_position_cmd
19.1430,velocity,1785151796.723075,0.884,/vehicle/driver_position_cmd
19.1437,position,1785151796.723075,1.574,/vehicle/driver_position_cmd
19.1795,velocity,1785151796.686454,0.549,/vehicle/rear_bogie_velocity
19.1803,position,1785151796.686454,1.335,/vehicle/rear_bogie_velocity
19.1967,velocity,1785151796.773097,1.086,/vehicle/driver_position_cmd
19.1974,position,1785151796.773097,1.733,/vehicle/driver_position_cmd
19.2417,velocity,1785151796.823081,0.597,/vehicle/driver_position_cmd
19.2423,position,1785151796.823081,1.226,/vehicle/driver_position_cmd
19.2779,velocity,1785151796.796417,0.288,/vehicle/rear_bogie_velocity
19.2780,position,1785151796.796417,0.408,/vehicle/rear_bogie_velocity
19.2913,velocity,1785151796.873063,0.192,/vehicle/driver_position_cmd
19.2915,position,1785151796.873063,0.353,/vehicle/driver_position_cmd
19.3502,velocity,1785151796.923062,0.271,/vehicle/driver_position_cmd
19.3504,position,1785151796.923062,0.497,/vehicle/driver_position_cmd
19.3806,velocity,1785151796.904395,0.350,/vehicle/rear_bogie_velocity
19.3810,position,1785151796.904395,0.741,/vehicle/rear_bogie_velocity
19.3953,velocity,1785151796.973103,0.425,/vehicle/driver_position_cmd
19.3956,position,1785151796.973103,0.806,/vehicle/driver_position_cmd
19.4524,velocity,1785151797.023100,0.778,/vehicle/driver_position_cmd
19.4529,position,1785151797.023100,1.356,/vehicle/driver_position_cmd
19.4865,velocity,1785151796.998369,0.562,/vehicle/rear_bogie_velocity
19.4871,position,1785151796.998369,1.178,/vehicle/rear_bogie_velocity
19.4925,velocity,1785151797.073108,0.739,/vehicle/driver_position_cmd
19.4933,position,1785151797.073108,1.521,/vehicle/driver_position_cmd
19.5437,velocity,1785151797.123079,2.342,/vehicle/driver_position_cmd
19.5445,position,1785151797.123079,3.156,/vehicle/driver_position_cmd
19.5810,velocity,1785151797.092339,1.111,/vehicle/rear_bogie_velocity
19.5816,position,1785151797.092339,1.643,/vehicle/rear_bogie_velocity
19.5915,velocity,1785151797.173084,0.791,/vehicle/driver_position_cmd
19.5922,position,1785151797.173084,1.545,/vehicle/driver_position_cmd
19.6441,velocity,1785151797.223069,0.942,/vehicle/driver_position_cmd
19.6448,position,1785151797.223069,1.594,/vehicle/driver_position_cmd
19.6786,velocity,1785151797.196320,0.425,/vehicle/rear_bogie_velocity
19.6792,position,1785151797.196320,1.030,/vehicle/rear_bogie_velocity
19.6933,velocity,1785151797.273080,1.293,/vehicle/driver_position_cmd
19.6946,position,1785151797.273080,2.606,/vehicle/driver_position_cmd
19.7479,velocity,1785151797.323068,0.974,/vehicle/driver_position_cmd
19.7487,position,1785151797.323068,1.848,/vehicle/driver_position_cmd
19.7800,velocity,1785151797.294279,0.828,/vehicle/rear_bogie_velocity
19.7804,position,1785151797.294279,1.255,/vehicle/rear_bogie_velocity
19.7954,velocity,1785151797.373089,0.739,/vehicle/driver_position_cmd
19.7961,position,1785151797.373089,1.482,/vehicle/driver_position_cmd
19.8442,velocity,1785151797.423079,1.132,/vehicle/driver_position_cmd
19.8450,position,1785151797.423079,1.878,/vehicle/driver_position_cmd
19.8921,velocity,1785151797.473084,1.066,/vehicle/driver_position_cmd
19.8928,position,1785151797.473084,1.761,/vehicle/driver_position_cmd
19.9448,velocity,1785151797.523065,0.799,/vehicle/driver_position_cmd
19.9455,position,1785151797.523065,1.522,/vehicle/driver_position_cmd
19.9818,velocity,1785151797.522217,0.762,/vehicle/rear_bogie_velocity
19.9825,position,1785151797.522217,1.460,/vehicle/rear_bogie_velocity
19.9950,velocity,1785151797.573090,0.748,/vehicle/driver_position_cmd
19.9956,position,1785151797.573090,1.419,/vehicle/driver_position_cmd
20.0512,velocity,1785151797.623100,0.916,/vehicle/driver_position_cmd
20.0523,position,1785151797.623100,1.958,/vehicle/driver_position_cmd
20.0829,velocity,1785151797.588206,0.576,/vehicle/rear_bogie_velocity
20.0837,position,1785151797.588206,1.327,/vehicle/rear_bogie_velocity
20.0961,velocity,1785151797.673090,0.609,/vehicle/driver_position_cmd
20.0965,position,1785151797.673090,1.099,/vehicle/driver_position_cmd
20.1432,velocity,1785151797.723065,1.846,/vehicle/driver_position_cmd
20.1441,position,1785151797.723065,2.711,/vehicle/driver_position_cmd
20.1815,velocity,1785151797.690164,0.759,/vehicle/rear_bogie_velocity
20.1821,position,1785151797.690164,1.340,/vehicle/rear_bogie_velocity
20.1942,velocity,1785151797.773098,0.820,/vehicle/driver_position_cmd
20.1950,position,1785151797.773098,1.601,/vehicle/driver_position_cmd
20.2465,velocity,1785151797.823067,0.968,/vehicle/driver_position_cmd
20.2474,position,1785151797.823067,1.844,/vehicle/driver_position_cmd
20.2786,velocity,1785151797.786144,0.543,/vehicle/rear_bogie_velocity
20.2793,position,1785151797.786144,1.276,/vehicle/rear_bogie_velocity
20.2914,velocity,1785151797.873081,0.755,/vehicle/driver_position_cmd
20.2921,position,1785151797.873081,1.398,/vehicle/driver_position_cmd
20.3431,velocity,1785151797.923076,0.309,/vehicle/driver_position_cmd
20.3434,position,1785151797.923076,0.578,/vehicle/driver_position_cmd
20.3811,velocity,1785151797.896113,0.270,/vehicle/rear_bogie_velocity
20.3814,position,1785151797.896113,0.524,/vehicle/rear_bogie_velocity
20.3939,velocity,1785151797.973076,0.503,/vehicle/driver_position_cmd
20.3942,position,1785151797.973076,0.784,/vehicle/driver_position_cmd
20.4449,velocity,1785151798.023102,0.941,/vehicle/driver_position_cmd
20.4458,position,1785151798.023102,1.923,/vehicle/driver_position_cmd
20.4848,velocity,1785151798.000087,0.797,/vehicle/rear_bogie_velocity
20.4855,position,1785151798.000087,1.512,/vehicle/rear_bogie_velocity
20.4909,velocity,1785151798.073096,0.729,/vehicle/driver_position_cmd
20.4916,position,1785151798.073096,1.429,/vehicle/driver_position_cmd
20.5448,velocity,1785151798.123095,0.385,/vehicle/driver_position_cmd
20.5452,position,1785151798.123095,0.851,/vehicle/driver_position_cmd
20.5834,velocity,1785151798.088062,0.507,/vehicle/rear_bogie_velocity
20.5841,position,1785151798.088062,1.241,/vehicle/rear_bogie_velocity
20.5922,velocity,1785151798.173111,0.967,/vehicle/driver_position_cmd
20.5931,position,1785151798.173111,1.855,/vehicle/driver_position_cmd
20.6519,velocity,1785151798.223124,1.209,/vehicle/driver_position_cmd
20.6528,position,1785151798.223124,2.102,/vehicle/driver_position_cmd
20.6813,velocity,1785151798.180038,0.697,/vehicle/rear_bogie_velocity
20.6820,position,1785151798.180038,1.400,/vehicle/rear_bogie_velocity
20.6922,velocity,1785151798.273061,1.423,/vehicle/driver_position_cmd
20.6929,position,1785151798.273061,2.146,/vehicle/driver_position_cmd
20.7433,velocity,1785151798.323071,1.260,/vehicle/driver_position_cmd
20.7439,position,1785151798.323071,1.921,/vehicle/driver_position_cmd
20.7856,velocity,1785151798.286001,0.784,/vehicle/rear_bogie_velocity
20.7863,position,1785151798.286001,1.398,/vehicle/rear_bogie_velocity
20.7928,velocity,1785151798.373105,0.925,/vehicle/driver_position_cmd
20.7936,position,1785151798.373105,1.709,/vehicle/driver_position_cmd
20.8428,velocity,1785151798.423101,1.552,/vehicle/driver_position_cmd
20.8436,position,1785151798.423101,2.254,/vehicle/driver_position_cmd
20.8887,velocity,1785151798.399968,0.583,/vehicle/rear_bogie_velocity
20.8894,position,1785151798.399968,1.279,/vehicle/rear_bogie_velocity
20.8918,velocity,1785151798.473062,0.549,/vehicle/driver_position_cmd
20.8924,position,1785151798.473062,1.135,/vehicle/driver_position_cmd
20.9466,velocity,1785151798.523087,0.996,/vehicle/driver_position_cmd
20.9473,position,1785151798.523087,1.637,/vehicle/driver_position_cmd
20.9794,velocity,1785151798.495949,0.894,/vehicle/rear_bogie_velocity
20.9801,position,1785151798.495949,1.506,/vehicle/rear_bogie_velocity
20.9931,velocity,1785151798.573115,1.242,/vehicle/driver_position_cmd
20.9940,position,1785151798.573115,2.110,/vehicle/driver_position_cmd
21.0485,velocity,1785151798.623093,1.027,/vehicle/driver_position_cmd
21.0491,position,1785151798.623093,1.648,/vehicle/driver_position_cmd
21.0842,velocity,1785151798.655905,0.850,/vehicle/rear_bogie_velocity
21.0850,position,1785151798.655905,1.631,/vehicle/rear_bogie_velocity
21.0921,velocity,1785151798.673090,1.599,/vehicle/driver_position_cmd
21.0926,position,1785151798.673090,2.024,/vehicle/driver_position_cmd
21.1432,velocity,1785151798.723063,1.972,/vehicle/driver_position_cmd
21.1441,position,1785151798.723063,2.933,/vehicle/driver_position_cmd
21.1879,velocity,1785151798.701886,0.634,/vehicle/rear_bogie_velocity
21.1888,position,1785151798.701886,1.547,/vehicle/rear_bogie_velocity
21.1914,velocity,1785151798.773091,0.404,/vehicle/driver_position_cmd
21.1917,position,1785151798.773091,0.790,/vehicle/driver_position_cmd
21.2490,velocity,1785151798.823079,1.059,/vehicle/driver_position_cmd
21.2499,position,1785151798.823079,1.956,/vehicle/driver_position_cmd
21.2877,velocity,1785151798.795871,0.570,/vehicle/rear_bogie_velocity
21.2884,position,1785151798.795871,1.307,/vehicle/rear_bogie_velocity
21.2916,velocity,1785151798.873061,0.682,/vehicle/driver_position_cmd
21.2922,position,1785151798.873061,1.257,/vehicle/driver_position_cmd
21.3486,velocity,1785151798.923113,0.496,/vehicle/driver_position_cmd
21.3495,position,1785151798.923113,1.382,/vehicle/driver_position_cmd
21.3822,velocity,1785151798.897832,0.680,/vehicle/rear_bogie_velocity
21.3830,position,1785151798.897832,1.446,/vehicle/rear_bogie_velocity
21.3930,velocity,1785151798.973121,1.359,/vehicle/driver_position_cmd
21.3938,position,1785151798.973121,2.172,/vehicle/driver_position_cmd
21.4430,velocity,1785151799.023106,1.548,/vehicle/driver_position_cmd
21.4438,position,1785151799.023106,2.351,/vehicle/driver_position_cmd
21.4855,velocity,1785151798.997807,0.639,/vehicle/rear_bogie_velocity
21.4861,position,1785151798.997807,1.326,/vehicle/rear_bogie_velocity
21.4978,velocity,1785151799.073095,0.999,/vehicle/driver_position_cmd
21.4986,position,1785151799.073095,1.803,/vehicle/driver_position_cmd
21.5471,velocity,1785151799.123136,2.120,/vehicle/driver_position_cmd
21.5478,position,1785151799.123136,2.841,/vehicle/driver_position_cmd
21.5896,velocity,1785151799.085782,0.612,/vehicle/rear_bogie_velocity
21.5906,position,1785151799.085782,1.657,/vehicle/rear_bogie_velocity
21.5952,velocity,1785151799.173141,0.840,/vehicle/driver_position_cmd
21.5959,position,1785151799.173141,1.586,/vehicle/driver_position_cmd
21.6446,velocity,1785151799.223072,0.779,/vehicle/driver_position_cmd
21.6455,position,1785151799.223072,1.721,/vehicle/driver_position_cmd
21.6810,velocity,1785151799.189754,0.661,/vehicle/rear_bogie_velocity
21.6819,position,1785151799.189754,1.599,/vehicle/rear_bogie_velocity
21.6928,velocity,1785151799.273140,1.406,/vehicle/driver_position_cmd
21.6939,position,1785151799.273140,2.493,/vehicle/driver_position_cmd
21.7430,velocity,1785151799.323095,1.563,/vehicle/driver_position_cmd
21.7439,position,1785151799.323095,2.468,/vehicle/driver_position_cmd
21.7852,velocity,1785151799.279730,0.811,/vehicle/rear_bogie_velocity
21.7860,position,1785151799.279730,1.534,/vehicle/rear_bogie_velocity
21.7929,velocity,1785151799.373102,1.269,/vehicle/driver_position_cmd
21.7940,position,1785151799.373102,2.376,/vehicle/driver_position_cmd
21.8475,velocity,1785151799.423078,1.297,/vehicle/driver_position_cmd
21.8482,position,1785151799.423078,2.009,/vehicle/driver_position_cmd
21.8821,velocity,1785151799.405693,0.725,/vehicle/rear_bogie_velocity
21.8832,position,1785151799.405693,1.745,/vehicle/rear_bogie_velocity
21.8960,velocity,1785151799.473127,1.074,/vehicle/driver_position_cmd
21.8968,position,1785151799.473127,1.903,/vehicle/driver_position_cmd
21.9432,velocity,1785151799.523130,1.367,/vehicle/driver_position_cmd
21.9440,position,1785151799.523130,2.216,/vehicle/driver_position_cmd
21.9804,velocity,1785151799.501663,0.893,/vehicle/rear_bogie_velocity
21.9813,position,1785151799.501663,1.756,/vehicle/rear_bogie_velocity
21.9941,velocity,1785151799.573134,0.897,/vehicle/driver_position_cmd
21.9950,position,1785151799.573134,1.702,/vehicle/driver_position_cmd
22.0519,velocity,1785151799.623100,1.044,/vehicle/driver_position_cmd
22.0528,position,1785151799.623100,1.936,/vehicle/driver_position_cmd
22.0829,velocity,1785151799.583650,0.615,/vehicle/rear_bogie_velocity
22.0836,position,1785151799.583650,1.344,/vehicle/rear_bogie_velocity
22.0926,velocity,1785151799.673128,1.453,/vehicle/driver_position_cmd
22.0936,position,1785151799.673128,2.461,/vehicle/driver_position_cmd
22.1453,velocity,1785151799.723080,1.044,/vehicle/driver_position_cmd
22.1460,position,1785151799.723080,1.755,/vehicle/driver_position_cmd
22.1877,velocity,1785151799.683612,0.840,/vehicle/rear_bogie_velocity
22.1883,position,1785151799.683612,1.416,/vehicle/rear_bogie_velocity
22.1906,velocity,1785151799.773081,0.465,/vehicle/driver_position_cmd
22.1912,position,1785151799.773081,1.125,/vehicle/driver_position_cmd
22.2496,velocity,1785151799.823083,0.575,/vehicle/driver_position_cmd
22.2502,position,1785151799.823083,1.111,/vehicle/driver_position_cmd
22.2843,velocity,1785151799.793585,0.857,/vehicle/rear_bogie_velocity
22.2850,position,1785151799.793585,1.466,/vehicle/rear_bogie_velocity
22.2914,velocity,1785151799.873091,0.757,/vehicle/driver_position_cmd
22.2922,position,1785151799.873091,1.587,/vehicle/driver_position_cmd
22.3463,velocity,1785151799.923090,0.913,/vehicle/driver_position_cmd
22.3471,position,1785151799.923090,1.726,/vehicle/driver_position_cmd
22.3811,velocity,1785151799.909554,0.711,/vehicle/rear_bogie_velocity
22.3820,position,1785151799.909554,1.642,/vehicle/rear_bogie_velocity
22.3929,velocity,1785151799.973075,1.433,/vehicle/driver_position_cmd
22.3937,position,1785151799.973075,2.206,/vehicle/driver_position_cmd
22.4429,velocity,1785151800.023079,1.305,/vehicle/driver_position_cmd
22.4435,position,1785151800.023079,1.928,/vehicle/driver_position_cmd
22.4802,velocity,1785151799.999529,0.646,/vehicle/rear_bogie_velocity
22.4811,position,1785151799.999529,1.529,/vehicle/rear_bogie_velocity
22.4916,velocity,1785151800.073101,0.693,/vehicle/driver_position_cmd
22.4926,position,1785151800.073101,1.733,/vehicle/driver_position_cmd
22.5450,velocity,1785151800.123077,2.415,/vehicle/driver_position_cmd
22.5456,position,1785151800.123077,3.068,/vehicle/driver_position_cmd
22.5797,velocity,1785151800.087508,0.617,/vehicle/rear_bogie_velocity
22.5804,position,1785151800.087508,1.332,/vehicle/rear_bogie_velocity
22.5921,velocity,1785151800.173061,0.856,/vehicle/driver_position_cmd
22.5932,position,1785151800.173061,1.902,/vehicle/driver_position_cmd
22.6440,velocity,1785151800.223111,1.329,/vehicle/driver_position_cmd
22.6446,position,1785151800.223111,1.976,/vehicle/driver_position_cmd
22.6793,velocity,1785151800.185473,0.658,/vehicle/rear_bogie_velocity
22.6799,position,1785151800.185473,1.317,/vehicle/rear_bogie_velocity
22.6925,velocity,1785151800.273097,1.442,/vehicle/driver_position_cmd
22.6932,position,1785151800.273097,2.146,/vehicle/driver_position_cmd
22.7493,velocity,1785151800.323068,0.901,/vehicle/driver_position_cmd
22.7499,position,1785151800.323068,1.570,/vehicle/driver_position_cmd
22.7852,velocity,1785151800.285447,0.827,/vehicle/rear_bogie_velocity
22.7856,position,1785151800.285447,1.223,/vehicle/rear_bogie_velocity
22.7933,velocity,1785151800.373106,0.768,/vehicle/driver_position_cmd
22.7940,position,1785151800.373106,1.482,/vehicle/driver_position_cmd
22.8470,velocity,1785151800.423074,0.805,/vehicle/driver_position_cmd
22.8478,position,1785151800.423074,1.554,/vehicle/driver_position_cmd
22.8791,velocity,1785151800.405408,0.760,/vehicle/rear_bogie_velocity
22.8798,position,1785151800.405408,1.508,/vehicle/rear_bogie_velocity
22.8951,velocity,1785151800.473063,0.944,/vehicle/driver_position_cmd
22.8957,position,1785151800.473063,1.587,/vehicle/driver_position_cmd
22.9458,velocity,1785151800.523086,0.787,/vehicle/driver_position_cmd
22.9465,position,1785151800.523086,1.462,/vehicle/driver_position_cmd
22.9865,velocity,1785151800.493385,0.758,/vehicle/rear_bogie_velocity
22.9869,position,1785151800.493385,1.174,/vehicle/rear_bogie_velocity
22.9928,velocity,1785151800.573106,0.779,/vehicle/driver_position_cmd
22.9936,position,1785151800.573106,1.621,/vehicle/driver_position_cmd
23.0450,velocity,1785151800.623093,0.816,/vehicle/driver_position_cmd
23.0457,position,1785151800.623093,1.500,/vehicle/driver_position_cmd
23.0815,velocity,1785151800.583368,0.591,/vehicle/rear_bogie_velocity
23.0820,position,1785151800.583368,1.028,/vehicle/rear_bogie_velocity
23.0913,velocity,1785151800.673087,0.676,/vehicle/driver_position_cmd
23.0919,position,1785151800.673087,1.280,/vehicle/driver_position_cmd
23.1506,velocity,1785151800.723130,0.856,/vehicle/driver_position_cmd
23.1513,position,1785151800.723130,1.567,/vehicle/driver_position_cmd
23.1843,velocity,1785151800.707322,0.818,/vehicle/rear_bogie_velocity
23.1850,position,1785151800.707322,1.506,/vehicle/rear_bogie_velocity
23.1942,velocity,1785151800.773087,1.325,/vehicle/driver_position_cmd
23.1952,position,1785151800.773087,2.264,/vehicle/driver_position_cmd
23.2478,velocity,1785151800.823106,0.574,/vehicle/driver_position_cmd
23.2482,position,1785151800.823106,1.001,/vehicle/driver_position_cmd
23.2856,velocity,1785151800.789306,0.454,/vehicle/rear_bogie_velocity
23.2860,position,1785151800.789306,0.931,/vehicle/rear_bogie_velocity
23.2920,velocity,1785151800.873065,0.489,/vehicle/driver_position_cmd
23.2926,position,1785151800.873065,1.158,/vehicle/driver_position_cmd
23.3435,velocity,1785151800.923072,1.154,/vehicle/driver_position_cmd
23.3441,position,1785151800.923072,1.790,/vehicle/driver_position_cmd
23.3859,velocity,1785151800.885279,0.793,/vehicle/rear_bogie_velocity
23.3863,position,1785151800.885279,1.188,/vehicle/rear_bogie_velocity
23.3925,velocity,1785151800.973076,0.545,/vehicle/driver_position_cmd
23.3933,position,1785151800.973076,1.338,/vehicle/driver_position_cmd
23.4433,velocity,1785151801.023075,1.210,/vehicle/driver_position_cmd
23.4437,position,1785151801.023075,1.613,/vehicle/driver_position_cmd
23.4862,velocity,1785151801.001244,0.823,/vehicle/rear_bogie_velocity
23.4865,position,1785151801.001244,1.171,/vehicle/rear_bogie_velocity
23.4926,velocity,1785151801.073073,1.010,/vehicle/driver_position_cmd
23.4931,position,1785151801.073073,1.467,/vehicle/driver_position_cmd
23.5468,velocity,1785151801.123078,1.673,/vehicle/driver_position_cmd
23.5472,position,1785151801.123078,2.123,/vehicle/driver_position_cmd
23.5823,velocity,1785151801.087224,0.462,/vehicle/rear_bogie_velocity
23.5830,position,1785151801.087224,1.167,/vehicle/rear_bogie_velocity
23.5940,velocity,1785151801.173096,0.915,/vehicle/driver_position_cmd
23.5946,position,1785151801.173096,1.524,/vehicle/driver_position_cmd
23.6450,velocity,1785151801.223084,0.691,/vehicle/driver_position_cmd
23.6456,position,1785151801.223084,1.271,/vehicle/driver_position_cmd
23.6823,velocity,1785151801.195195,0.653,/vehicle/rear_bogie_velocity
23.6830,position,1785151801.195195,1.414,/vehicle/rear_bogie_velocity
23.6932,velocity,1785151801.273062,1.407,/vehicle/driver_position_cmd
23.6936,position,1785151801.273062,1.812,/vehicle/driver_position_cmd
23.7469,velocity,1785151801.323060,1.010,/vehicle/driver_position_cmd
23.7477,position,1785151801.323060,1.868,/vehicle/driver_position_cmd
23.7869,velocity,1785151801.323165,1.094,/vehicle/rear_bogie_velocity
23.7877,position,1785151801.323165,1.891,/vehicle/rear_bogie_velocity
23.7963,velocity,1785151801.373102,0.750,/vehicle/driver_position_cmd
23.7969,position,1785151801.373102,1.363,/vehicle/driver_position_cmd
23.8483,velocity,1785151801.423088,0.555,/vehicle/driver_position_cmd
23.8492,position,1785151801.423088,1.391,/vehicle/driver_position_cmd
23.8795,velocity,1785151801.405129,0.657,/vehicle/rear_bogie_velocity
23.8801,position,1785151801.405129,1.222,/vehicle/rear_bogie_velocity
23.8943,velocity,1785151801.473070,0.954,/vehicle/driver_position_cmd
23.8949,position,1785151801.473070,1.579,/vehicle/driver_position_cmd
23.9515,velocity,1785151801.523113,0.988,/vehicle/driver_position_cmd
23.9525,position,1785151801.523113,2.017,/vehicle/driver_position_cmd
23.9853,velocity,1785151801.499112,0.671,/vehicle/rear_bogie_velocity
23.9860,position,1785151801.499112,1.379,/vehicle/rear_bogie_velocity
23.9932,velocity,1785151801.573095,1.135,/vehicle/driver_position_cmd
23.9942,position,1785151801.573095,2.171,/vehicle/driver_position_cmd
24.0494,velocity,1785151801.623104,1.005,/vehicle/driver_position_cmd
24.0501,position,1785151801.623104,1.619,/vehicle/driver_position_cmd
24.0809,velocity,1785151801.585075,0.670,/vehicle/rear_bogie_velocity
24.0814,position,1785151801.585075,1.257,/vehicle/rear_bogie_velocity
24.0944,velocity,1785151801.673074,0.977,/vehicle/driver_position_cmd
24.0953,position,1785151801.673074,1.884,/vehicle/driver_position_cmd
24.1427,velocity,1785151801.723070,1.353,/vehicle/driver_position_cmd
24.1437,position,1785151801.723070,2.287,/vehicle/driver_position_cmd
24.1868,velocity,1785151801.683060,0.582,/vehicle/rear_bogie_velocity
24.1876,position,1785151801.683060,1.385,/vehicle/rear_bogie_velocity
24.1920,velocity,1785151801.773116,0.897,/vehicle/driver_position_cmd
24.1928,position,1785151801.773116,1.685,/vehicle/driver_position_cmd
24.2464,velocity,1785151801.823078,0.960,/vehicle/driver_position_cmd
24.2470,position,1785151801.823078,1.610,/vehicle/driver_position_cmd
24.2855,velocity,1785151801.795025,0.877,/vehicle/rear_bogie_velocity
24.2865,position,1785151801.795025,1.910,/vehicle/rear_bogie_velocity
24.2935,velocity,1785151801.873092,1.684,/vehicle/driver_position_cmd
24.2942,position,1785151801.873092,2.418,/vehicle/driver_position_cmd
24.3480,velocity,1785151801.923111,0.994,/vehicle/driver_position_cmd
24.3489,position,1785151801.923111,1.867,/vehicle/driver_position_cmd
24.3792,velocity,1785151801.893004,0.478,/vehicle/rear_bogie_velocity
24.3801,position,1785151801.893004,1.390,/vehicle/rear_bogie_velocity
24.3930,velocity,1785151801.973129,1.116,/vehicle/driver_position_cmd
24.3942,position,1785151801.973129,2.317,/vehicle/driver_position_cmd
24.4464,velocity,1785151802.023083,0.988,/vehicle/driver_position_cmd
24.4471,position,1785151802.023083,1.653,/vehicle/driver_position_cmd
24.4794,velocity,1785151802.002964,0.495,/vehicle/rear_bogie_velocity
24.4799,position,1785151802.002964,1.047,/vehicle/rear_bogie_velocity
24.4971,velocity,1785151802.073105,0.747,/vehicle/driver_position_cmd
24.4977,position,1785151802.073105,1.313,/vehicle/driver_position_cmd
24.5440,velocity,1785151802.123103,1.796,/vehicle/driver_position_cmd
24.5446,position,1785151802.123103,2.375,/vehicle/driver_position_cmd
24.5856,velocity,1785151802.084972,0.855,/vehicle/rear_bogie_velocity
24.5864,position,1785151802.084972,1.607,/vehicle/rear_bogie_velocity
24.5926,velocity,1785151802.173084,1.169,/vehicle/driver_position_cmd
24.5938,position,1785151802.173084,2.381,/vehicle/driver_position_cmd
24.6444,velocity,1785151802.223089,0.784,/vehicle/driver_position_cmd
24.6448,position,1785151802.223089,1.274,/vehicle/driver_position_cmd
24.6794,velocity,1785151802.186925,0.880,/vehicle/rear_bogie_velocity
24.6803,position,1785151802.186925,1.748,/vehicle/rear_bogie_velocity
24.6919,velocity,1785151802.273120,1.454,/vehicle/driver_position_cmd
24.6927,position,1785151802.273120,2.178,/vehicle/driver_position_cmd
24.7518,velocity,1785151802.323074,1.028,/vehicle/driver_position_cmd
24.7527,position,1785151802.323074,1.917,/vehicle/driver_position_cmd
24.7843,velocity,1785151802.298888,0.951,/vehicle/rear_bogie_velocity
24.7852,position,1785151802.298888,1.804,/vehicle/rear_bogie_velocity
24.7953,velocity,1785151802.373116,1.112,/vehicle/driver_position_cmd
24.7963,position,1785151802.373116,2.060,/vehicle/driver_position_cmd
24.8451,velocity,1785151802.423095,0.726,/vehicle/driver_position_cmd
24.8459,position,1785151802.423095,1.505,/vehicle/driver_position_cmd
24.8801,velocity,1785151802.400861,0.880,/vehicle/rear_bogie_velocity
24.8807,position,1785151802.400861,1.485,/vehicle/rear_bogie_velocity
24.8949,velocity,1785151802.473070,0.912,/vehicle/driver_position_cmd
24.8958,position,1785151802.473070,1.850,/vehicle/driver_position_cmd
24.9518,velocity,1785151802.523125,1.017,/vehicle/driver_position_cmd
24.9527,position,1785151802.523125,1.896,/vehicle/driver_position_cmd
24.9853,velocity,1785151802.508833,0.659,/vehicle/rear_bogie_velocity
24.9863,position,1785151802.508833,1.587,/vehicle/rear_bogie_velocity
24.9945,velocity,1785151802.573057,0.931,/vehicle/driver_position_cmd
24.9953,position,1785151802.573057,1.688,/vehicle/driver_position_cmd
25.0464,velocity,1785151802.623082,0.993,/vehicle/driver_position_cmd
25.0473,position,1785151802.623082,1.867,/vehicle/driver_position_cmd
25.0806,velocity,1785151802.578825,0.883,/vehicle/rear_bogie_velocity
25.0813,position,1785151802.578825,1.566,/vehicle/rear_bogie_velocity
25.0946,velocity,1785151802.673112,0.960,/vehicle/driver_position_cmd
25.0956,position,1785151802.673112,1.946,/vehicle/driver_position_cmd
25.1438,velocity,1785151802.723105,0.968,/vehicle/driver_position_cmd
25.1444,position,1785151802.723105,1.599,/vehicle/driver_position_cmd
25.1856,velocity,1785151802.698773,0.602,/vehicle/rear_bogie_velocity
25.1864,position,1785151802.698773,1.369,/vehicle/rear_bogie_velocity
25.1931,velocity,1785151802.773118,1.041,/vehicle/driver_position_cmd
25.1939,position,1785151802.773118,1.873,/vehicle/driver_position_cmd
25.2504,velocity,1785151802.823060,0.968,/vehicle/driver_position_cmd
25.2511,position,1785151802.823060,1.584,/vehicle/driver_position_cmd
25.2844,velocity,1785151802.788753,0.631,/vehicle/rear_bogie_velocity
25.2851,position,1785151802.788753,1.318,/vehicle/rear_bogie_velocity
25.2925,velocity,1785151802.873062,0.831,/vehicle/driver_position_cmd
25.2932,position,1785151802.873062,1.558,/vehicle/driver_position_cmd
25.3506,velocity,1785151802.923099,0.963,/vehicle/driver_position_cmd
25.3513,position,1785151802.923099,1.601,/vehicle/driver_position_cmd
25.3798,velocity,1785151802.884725,0.865,/vehicle/rear_bogie_velocity
25.3806,position,1785151802.884725,1.668,/vehicle/rear_bogie_velocity
25.3934,velocity,1785151802.973083,1.219,/vehicle/driver_position_cmd
25.3941,position,1785151802.973083,1.855,/vehicle/driver_position_cmd
25.4465,velocity,1785151803.023114,0.978,/vehicle/driver_position_cmd
25.4474,position,1785151803.023114,1.830,/vehicle/driver_position_cmd
25.4805,velocity,1785151802.994693,0.863,/vehicle/rear_bogie_velocity
25.4813,position,1785151802.994693,1.713,/vehicle/rear_bogie_velocity
25.4922,velocity,1785151803.073077,1.151,/vehicle/driver_position_cmd
25.4931,position,1785151803.073077,2.010,/vehicle/driver_position_cmd
25.5485,velocity,1785151803.123059,1.941,/vehicle/driver_position_cmd
25.5492,position,1785151803.123059,2.637,/vehicle/driver_position_cmd
25.5844,velocity,1785151803.092667,0.647,/vehicle/rear_bogie_velocity
25.5854,position,1785151803.092667,1.563,/vehicle/rear_bogie_velocity
25.5914,velocity,1785151803.173085,0.808,/vehicle/driver_position_cmd
25.5924,position,1785151803.173085,1.770,/vehicle/driver_position_cmd
25.6454,velocity,1785151803.223099,0.827,/vehicle/driver_position_cmd
25.6462,position,1785151803.223099,1.611,/vehicle/driver_position_cmd
25.6851,velocity,1785151803.256627,0.676,/vehicle/rear_bogie_velocity
25.6859,position,1785151803.256627,1.511,/vehicle/rear_bogie_velocity
25.6911,velocity,1785151803.273109,0.792,/vehicle/driver_position_cmd
25.6919,position,1785151803.273109,1.548,/vehicle/driver_position_cmd
25.7427,velocity,1785151803.323120,1.220,/vehicle/driver_position_cmd
25.7435,position,1785151803.323120,2.014,/vehicle/driver_position_cmd
25.7791,velocity,1785151803.302612,0.545,/vehicle/rear_bogie_velocity
25.7799,position,1785151803.302612,1.304,/vehicle/rear_bogie_velocity
25.7957,velocity,1785151803.373066,0.800,/vehicle/driver_position_cmd
25.7964,position,1785151803.373066,1.491,/vehicle/driver_position_cmd
25.8472,velocity,1785151803.423081,0.965,/vehicle/driver_position_cmd
25.8476,position,1785151803.423081,1.390,/vehicle/driver_position_cmd
25.8791,velocity,1785151803.398591,0.604,/vehicle/rear_bogie_velocity
25.8799,position,1785151803.398591,1.391,/vehicle/rear_bogie_velocity
25.8949,velocity,1785151803.473055,0.738,/vehicle/driver_position_cmd
25.8958,position,1785151803.473055,1.615,/vehicle/driver_position_cmd
25.9446,velocity,1785151803.523113,0.996,/vehicle/driver_position_cmd
25.9455,position,1785151803.523113,1.885,/vehicle/driver_position_cmd
25.9822,velocity,1785151803.498560,0.795,/vehicle/rear_bogie_velocity
25.9825,position,1785151803.498560,1.074,/vehicle/rear_bogie_velocity
25.9936,velocity,1785151803.573056,0.783,/vehicle/driver_position_cmd
25.9941,position,1785151803.573056,1.226,/vehicle/driver_position_cmd
26.0458,velocity,1785151803.623077,0.766,/vehicle/driver_position_cmd
26.0465,position,1785151803.623077,1.457,/vehicle/driver_position_cmd
26.0790,velocity,1785151803.602537,0.472,/vehicle/rear_bogie_velocity
26.0797,position,1785151803.602537,1.169,/vehicle/rear_bogie_velocity
26.0922,velocity,1785151803.673066,1.156,/vehicle/driver_position_cmd
26.0929,position,1785151803.673066,1.798,/vehicle/driver_position_cmd
26.1494,velocity,1785151803.723110,0.874,/vehicle/driver_position_cmd
26.1499,position,1785151803.723110,1.358,/vehicle/driver_position_cmd
26.1846,velocity,1785151803.690510,0.385,/vehicle/rear_bogie_velocity
26.1850,position,1785151803.690510,0.824,/vehicle/rear_bogie_velocity
26.1927,velocity,1785151803.773094,0.464,/vehicle/driver_position_cmd
26.1932,position,1785151803.773094,0.909,/vehicle/driver_position_cmd
26.2424,velocity,1785151803.823081,0.555,/vehicle/driver_position_cmd
26.2429,position,1785151803.823081,1.006,/vehicle/driver_position_cmd
26.2825,velocity,1785151803.802479,0.560,/vehicle/rear_bogie_velocity
26.2834,position,1785151803.802479,1.464,/vehicle/rear_bogie_velocity
26.2934,velocity,1785151803.873093,1.277,/vehicle/driver_position_cmd
26.2943,position,1785151803.873093,2.168,/vehicle/driver_position_cmd
26.3461,velocity,1785151803.923116,0.882,/vehicle/driver_position_cmd
26.3469,position,1785151803.923116,1.627,/vehicle/driver_position_cmd
26.3810,velocity,1785151803.884454,0.540,/vehicle/rear_bogie_velocity
26.3817,position,1785151803.884454,1.262,/vehicle/rear_bogie_velocity
26.3938,velocity,1785151803.973040,0.770,/vehicle/driver_position_cmd
26.3945,position,1785151803.973040,1.445,/vehicle/driver_position_cmd
26.4451,velocity,1785151804.023080,0.831,/vehicle/driver_position_cmd
26.4458,position,1785151804.023080,1.543,/vehicle/driver_position_cmd
26.4826,velocity,1785151804.000421,0.488,/vehicle/rear_bogie_velocity
26.4833,position,1785151804.000421,1.217,/vehicle/rear_bogie_velocity
26.4913,velocity,1785151804.073083,0.919,/vehicle/driver_position_cmd
26.4921,position,1785151804.073083,1.683,/vehicle/driver_position_cmd
26.5429,velocity,1785151804.123069,1.808,/vehicle/driver_position_cmd
26.5434,position,1785151804.123069,2.284,/vehicle/driver_position_cmd
26.5841,velocity,1785151804.088391,0.781,/vehicle/rear_bogie_velocity
26.5845,position,1785151804.088391,1.167,/vehicle/rear_bogie_velocity
26.5924,velocity,1785151804.173066,1.045,/vehicle/driver_position_cmd
26.5934,position,1785151804.173066,2.084,/vehicle/driver_position_cmd
26.6512,velocity,1785151804.223099,0.952,/vehicle/driver_position_cmd
26.6519,position,1785151804.223099,1.595,/vehicle/driver_position_cmd
26.6854,velocity,1785151804.186374,0.623,/vehicle/rear_bogie_velocity
26.6860,position,1785151804.186374,1.252,/vehicle/rear_bogie_velocity
26.6932,velocity,1785151804.273061,1.158,/vehicle/driver_position_cmd
26.6943,position,1785151804.273061,2.239,/vehicle/driver_position_cmd
26.7492,velocity,1785151804.323065,0.990,/vehicle/driver_position_cmd
26.7499,position,1785151804.323065,1.612,/vehicle/driver_position_cmd
26.7856,velocity,1785151804.286343,0.617,/vehicle/rear_bogie_velocity
26.7863,position,1785151804.286343,1.340,/vehicle/rear_bogie_velocity
26.7909,velocity,1785151804.373099,0.494,/vehicle/driver_position_cmd
26.7914,position,1785151804.373099,0.944,/vehicle/driver_position_cmd
26.8513,velocity,1785151804.423074,0.719,/vehicle/driver_position_cmd
26.8518,position,1785151804.423074,1.202,/vehicle/driver_position_cmd
26.8842,velocity,1785151804.444293,0.917,/vehicle/rear_bogie_velocity
26.8849,position,1785151804.444293,1.556,/vehicle/rear_bogie_velocity
26.8930,velocity,1785151804.473070,1.186,/vehicle/driver_position_cmd
26.8939,position,1785151804.473070,2.155,/vehicle/driver_position_cmd
26.9466,velocity,1785151804.523047,1.052,/vehicle/driver_position_cmd
26.9476,position,1785151804.523047,2.030,/vehicle/driver_position_cmd
26.9805,velocity,1785151804.500285,0.660,/vehicle/rear_bogie_velocity
26.9812,position,1785151804.500285,1.305,/vehicle/rear_bogie_velocity
26.9916,velocity,1785151804.573066,0.821,/vehicle/driver_position_cmd
26.9925,position,1785151804.573066,1.766,/vehicle/driver_position_cmd
27.0506,velocity,1785151804.623087,1.058,/vehicle/driver_position_cmd
27.0515,position,1785151804.623087,1.965,/vehicle/driver_position_cmd
27.0836,velocity,1785151804.604254,0.874,/vehicle/rear_bogie_velocity
27.0845,position,1785151804.604254,1.778,/vehicle/rear_bogie_velocity
27.0931,velocity,1785151804.673083,1.585,/vehicle/driver_position_cmd
27.0939,position,1785151804.673083,2.444,/vehicle/driver_position_cmd
27.1432,velocity,1785151804.723091,1.562,/vehicle/driver_position_cmd
27.1439,position,1785151804.723091,2.305,/vehicle/driver_position_cmd
27.1882,velocity,1785151804.682234,0.609,/vehicle/rear_bogie_velocity
27.1891,position,1785151804.682234,1.480,/vehicle/rear_bogie_velocity
27.1909,velocity,1785151804.773076,0.551,/vehicle/driver_position_cmd
27.1914,position,1785151804.773076,1.067,/vehicle/driver_position_cmd
27.2434,velocity,1785151804.823067,0.873,/vehicle/driver_position_cmd
27.2441,position,1785151804.823067,1.584,/vehicle/driver_position_cmd
27.2838,velocity,1785151804.796196,0.626,/vehicle/rear_bogie_velocity
27.2847,position,1785151804.796196,1.517,/vehicle/rear_bogie_velocity
27.2923,velocity,1785151804.873075,1.381,/vehicle/driver_position_cmd
27.2931,position,1785151804.873075,2.118,/vehicle/driver_position_cmd
27.3440,velocity,1785151804.923088,0.524,/vehicle/driver_position_cmd
27.3444,position,1785151804.923088,0.941,/vehicle/driver_position_cmd
27.3818,velocity,1785151804.882190,0.618,/vehicle/rear_bogie_velocity
27.3825,position,1785151804.882190,1.313,/vehicle/rear_bogie_velocity
27.3933,velocity,1785151804.973092,1.421,/vehicle/driver_position_cmd
27.3940,position,1785151804.973092,2.064,/vehicle/driver_position_cmd
27.4445,velocity,1785151805.023092,1.074,/vehicle/driver_position_cmd
27.4452,position,1785151805.023092,1.756,/vehicle/driver_position_cmd
27.4825,velocity,1785151804.996139,0.597,/vehicle/rear_bogie_velocity
27.4833,position,1785151804.996139,1.321,/vehicle/rear_bogie_velocity
27.4940,velocity,1785151805.073063,0.826,/vehicle/driver_position_cmd
27.4949,position,1785151805.073063,1.683,/vehicle/driver_position_cmd
27.5461,velocity,1785151805.123062,2.189,/vehicle/driver_position_cmd
27.5468,position,1785151805.123062,2.872,/vehicle/driver_position_cmd
27.5797,velocity,1785151805.100108,0.591,/vehicle/rear_bogie_velocity
27.5806,position,1785151805.100108,1.493,/vehicle/rear_bogie_velocity
27.5923,velocity,1785151805.173102,1.207,/vehicle/driver_position_cmd
27.5938,position,1785151805.173102,2.658,/vehicle/driver_position_cmd
27.6438,velocity,1785151805.223108,1.227,/vehicle/driver_position_cmd
27.6445,position,1785151805.223108,1.863,/vehicle/driver_position_cmd
27.6855,velocity,1785151805.196084,0.566,/vehicle/rear_bogie_velocity
27.6861,position,1785151805.196084,1.163,/vehicle/rear_bogie_velocity
27.6909,velocity,1785151805.273094,0.433,/vehicle/driver_position_cmd
27.6913,position,1785151805.273094,0.822,/vehicle/driver_position_cmd
27.7477,velocity,1785151805.323098,0.797,/vehicle/driver_position_cmd
27.7483,position,1785151805.323098,1.414,/vehicle/driver_position_cmd
27.7790,velocity,1785151805.296062,0.628,/vehicle/rear_bogie_velocity
27.7797,position,1785151805.296062,1.417,/vehicle/rear_bogie_velocity
27.7964,velocity,1785151805.373106,0.893,/vehicle/driver_position_cmd
27.7971,position,1785151805.373106,1.538,/vehicle/driver_position_cmd
27.8440,velocity,1785151805.423096,1.524,/vehicle/driver_position_cmd
27.8449,position,1785151805.423096,2.359,/vehicle/driver_position_cmd
27.8840,velocity,1785151805.404027,0.675,/vehicle/rear_bogie_velocity
27.8848,position,1785151805.404027,1.463,/vehicle/rear_bogie_velocity
27.8914,velocity,1785151805.473094,0.767,/vehicle/driver_position_cmd
27.8924,position,1785151805.473094,1.764,/vehicle/driver_position_cmd
27.9441,velocity,1785151805.523090,1.371,/vehicle/driver_position_cmd
27.9447,position,1785151805.523090,1.991,/vehicle/driver_position_cmd
27.9853,velocity,1785151805.504007,0.640,/vehicle/rear_bogie_velocity
27.9860,position,1785151805.504007,1.308,/vehicle/rear_bogie_velocity
27.9958,velocity,1785151805.573096,0.867,/vehicle/driver_position_cmd
27.9963,position,1785151805.573096,1.379,/vehicle/driver_position_cmd
28.0498,velocity,1785151805.623094,0.998,/vehicle/driver_position_cmd
28.0507,position,1785151805.623094,1.843,/vehicle/driver_position_cmd
28.0812,velocity,1785151805.621959,0.378,/vehicle/rear_bogie_velocity
28.0817,position,1785151805.621959,0.897,/vehicle/rear_bogie_velocity
28.0914,velocity,1785151805.673110,0.793,/vehicle/driver_position_cmd
28.0924,position,1785151805.673110,1.762,/vehicle/driver_position_cmd
28.1455,velocity,1785151805.723088,0.648,/vehicle/driver_position_cmd
28.1462,position,1785151805.723088,1.386,/vehicle/driver_position_cmd
28.1867,velocity,1785151805.697945,0.618,/vehicle/rear_bogie_velocity
28.1875,position,1785151805.697945,1.492,/vehicle/rear_bogie_velocity
28.1938,velocity,1785151805.773056,1.498,/vehicle/driver_position_cmd
28.1946,position,1785151805.773056,2.296,/vehicle/driver_position_cmd
28.2446,velocity,1785151805.823099,0.263,/vehicle/driver_position_cmd
28.2448,position,1785151805.823099,0.465,/vehicle/driver_position_cmd
28.2853,velocity,1785151805.803922,0.372,/vehicle/rear_bogie_velocity
28.2857,position,1785151805.803922,0.769,/vehicle/rear_bogie_velocity
28.2906,velocity,1785151805.873086,0.512,/vehicle/driver_position_cmd
28.2913,position,1785151805.873086,1.173,/vehicle/driver_position_cmd
28.3518,velocity,1785151805.923058,0.996,/vehicle/driver_position_cmd
28.3527,position,1785151805.923058,1.844,/vehicle/driver_position_cmd
28.3843,velocity,1785151805.903889,0.937,/vehicle/rear_bogie_velocity
28.3849,position,1785151805.903889,1.546,/vehicle/rear_bogie_velocity
28.3935,velocity,1785151805.973313,1.399,/vehicle/driver_position_cmd
28.3942,position,1785151805.973313,2.099,/vehicle/driver_position_cmd
28.4429,velocity,1785151806.023101,1.379,/vehicle/driver_position_cmd
28.4437,position,1785151806.023101,2.175,/vehicle/driver_position_cmd
28.4838,velocity,1785151806.023849,0.861,/vehicle/rear_bogie_velocity
28.4844,position,1785151806.023849,1.444,/vehicle/rear_bogie_velocity
28.4936,velocity,1785151806.073081,0.816,/vehicle/driver_position_cmd
28.4946,position,1785151806.073081,1.820,/vehicle/driver_position_cmd
28.5475,velocity,1785151806.123076,2.063,/vehicle/driver_position_cmd
28.5482,position,1785151806.123076,2.768,/vehicle/driver_position_cmd
28.5862,velocity,1785151806.093833,0.649,/vehicle/rear_bogie_velocity
28.5869,position,1785151806.093833,1.328,/vehicle/rear_bogie_velocity
28.5915,velocity,1785151806.173081,0.499,/vehicle/driver_position_cmd
28.5925,position,1785151806.173081,1.449,/vehicle/driver_position_cmd
28.6450,velocity,1785151806.223119,1.026,/vehicle/driver_position_cmd
28.6459,position,1785151806.223119,1.891,/vehicle/driver_position_cmd
28.6807,velocity,1785151806.183821,0.507,/vehicle/front_bogie_velocity
28.6811,position,1785151806.183821,0.934,/vehicle/front_bogie_velocity
28.6956,velocity,1785151806.273109,1.021,/vehicle/driver_position_cmd
28.6962,position,1785151806.273109,1.643,/vehicle/driver_position_cmd
28.7439,velocity,1785151806.323088,1.192,/vehicle/driver_position_cmd
28.7445,position,1785151806.323088,1.849,/vehicle/driver_position_cmd
28.7794,velocity,1785151806.299773,0.561,/vehicle/rear_bogie_velocity
28.7801,position,1785151806.299773,1.210,/vehicle/rear_bogie_velocity
28.7920,velocity,1785151806.373060,0.418,/vehicle/driver_position_cmd
28.7924,position,1785151806.373060,0.808,/vehicle/driver_position_cmd
28.8451,velocity,1785151806.423105,0.892,/vehicle/driver_position_cmd
28.8458,position,1785151806.423105,1.607,/vehicle/driver_position_cmd
28.8846,velocity,1785151806.407749,0.482,/vehicle/rear_bogie_velocity
28.8853,position,1785151806.407749,1.239,/vehicle/rear_bogie_velocity
28.8941,velocity,1785151806.473101,0.809,/vehicle/driver_position_cmd
28.8945,position,1785151806.473101,1.231,/vehicle/driver_position_cmd
28.9511,velocity,1785151806.523072,0.850,/vehicle/driver_position_cmd
28.9515,position,1785151806.523072,1.255,/vehicle/driver_position_cmd
28.9797,velocity,1785151806.495720,0.500,/vehicle/rear_bogie_velocity
28.9804,position,1785151806.495720,1.262,/vehicle/rear_bogie_velocity
28.9948,velocity,1785151806.573088,0.805,/vehicle/driver_position_cmd
28.9955,position,1785151806.573088,1.500,/vehicle/driver_position_cmd
29.0459,velocity,1785151806.623070,0.893,/vehicle/driver_position_cmd
29.0466,position,1785151806.623070,1.554,/vehicle/driver_position_cmd
29.0787,velocity,1785151806.587693,0.511,/vehicle/rear_bogie_velocity
29.0794,position,1785151806.587693,1.279,/vehicle/rear_bogie_velocity
29.0925,velocity,1785151806.673077,0.859,/vehicle/driver_position_cmd
29.0928,position,1785151806.673077,1.183,/vehicle/driver_position_cmd
29.1444,velocity,1785151806.723068,1.620,/vehicle/driver_position_cmd
29.1451,position,1785151806.723068,2.357,/vehicle/driver_position_cmd
29.1783,velocity,1785151806.705662,0.733,/vehicle/rear_bogie_velocity
29.1791,position,1785151806.705662,1.529,/vehicle/rear_bogie_velocity
29.1929,velocity,1785151806.773063,1.462,/vehicle/driver_position_cmd
29.1938,position,1785151806.773063,2.338,/vehicle/driver_position_cmd
29.2428,velocity,1785151806.823099,0.624,/vehicle/driver_position_cmd
29.2433,position,1785151806.823099,1.040,/vehicle/driver_position_cmd
29.2820,velocity,1785151806.795633,0.283,/vehicle/rear_bogie_velocity
29.2821,position,1785151806.795633,0.404,/vehicle/rear_bogie_velocity
29.2907,velocity,1785151806.873095,0.266,/vehicle/driver_position_cmd
29.2909,position,1785151806.873095,0.485,/vehicle/driver_position_cmd
29.3502,velocity,1785151806.923082,0.272,/vehicle/driver_position_cmd
29.3505,position,1785151806.923082,0.500,/vehicle/driver_position_cmd
29.3896,velocity,1785151806.881612,0.378,/vehicle/rear_bogie_velocity
29.3902,position,1785151806.881612,0.935,/vehicle/rear_bogie_velocity
29.3910,velocity,1785151806.973069,0.398,/vehicle/driver_position_cmd
29.3913,position,1785151806.973069,0.735,/vehicle/driver_position_cmd
29.4511,velocity,1785151807.023131,0.810,/vehicle/driver_position_cmd
29.4518,position,1785151807.023131,1.519,/vehicle/driver_position_cmd
29.4843,velocity,1785151806.995583,0.544,/vehicle/rear_bogie_velocity
29.4851,position,1785151806.995583,1.344,/vehicle/rear_bogie_velocity
29.4941,velocity,1785151807.073112,0.820,/vehicle/driver_position_cmd
29.4945,position,1785151807.073112,1.197,/vehicle/driver_position_cmd
29.5446,velocity,1785151807.123103,1.703,/vehicle/driver_position_cmd
29.5451,position,1785151807.123103,2.189,/vehicle/driver_position_cmd
29.5855,velocity,1785151807.085556,0.469,/vehicle/rear_bogie_velocity
29.5863,position,1785151807.085556,1.209,/vehicle/rear_bogie_velocity
29.5908,velocity,1785151807.173136,0.648,/vehicle/driver_position_cmd
29.5913,position,1785151807.173136,1.203,/vehicle/driver_position_cmd
29.6450,velocity,1785151807.223087,1.033,/vehicle/driver_position_cmd
29.6458,position,1785151807.223087,1.866,/vehicle/driver_position_cmd
29.6821,velocity,1785151807.185523,0.645,/vehicle/rear_bogie_velocity
29.6830,position,1785151807.185523,1.539,/vehicle/rear_bogie_velocity
29.6920,velocity,1785151807.273103,0.725,/vehicle/driver_position_cmd
29.6925,position,1785151807.273103,1.216,/vehicle/driver_position_cmd
29.7437,velocity,1785151807.323117,1.124,/vehicle/driver_position_cmd
29.7446,position,1785151807.323117,1.965,/vehicle/driver_position_cmd
29.7840,velocity,1785151807.293504,0.877,/vehicle/rear_bogie_velocity
29.7848,position,1785151807.293504,1.713,/vehicle/rear_bogie_velocity
29.7931,velocity,1785151807.373115,0.972,/vehicle/driver_position_cmd
29.7939,position,1785151807.373115,1.785,/vehicle/driver_position_cmd
29.8528,velocity,1785151807.423105,0.953,/vehicle/driver_position_cmd
29.8533,position,1785151807.423105,1.477,/vehicle/driver_position_cmd
29.8859,velocity,1785151807.407469,0.650,/vehicle/rear_bogie_velocity
29.8867,position,1785151807.407469,1.380,/vehicle/rear_bogie_velocity
29.8926,velocity,1785151807.473125,0.856,/vehicle/driver_position_cmd
29.8937,position,1785151807.473125,1.914,/vehicle/driver_position_cmd
29.9465,velocity,1785151807.523087,0.976,/vehicle/driver_position_cmd
29.9470,position,1785151807.523087,1.528,/vehicle/driver_position_cmd
29.9883,velocity,1785151807.501436,0.602,/vehicle/rear_bogie_velocity
29.9890,position,1785151807.501436,1.317,/vehicle/rear_bogie_velocity
29.9918,velocity,1785151807.573116,0.807,/vehicle/driver_position_cmd
29.9925,position,1785151807.573116,1.550,/vehicle/driver_position_cmd
30.0455,velocity,1785151807.623062,0.949,/vehicle/driver_position_cmd
30.0463,position,1785151807.623062,1.799,/vehicle/driver_position_cmd
30.0810,velocity,1785151807.607427,0.882,/vehicle/rear_bogie_velocity
30.0818,position,1785151807.607427,1.704,/vehicle/rear_bogie_velocity
30.0911,velocity,1785151807.673100,0.741,/vehicle/driver_position_cmd
30.0918,position,1785151807.673100,1.466,/vehicle/driver_position_cmd
30.1431,velocity,1785151807.723099,0.543,/vehicle/driver_position_cmd
30.1436,position,1785151807.723099,1.002,/vehicle/driver_position_cmd
30.1842,velocity,1785151807.687387,0.632,/vehicle/rear_bogie_velocity
30.1848,position,1785151807.687387,1.258,/vehicle/rear_bogie_velocity
30.1940,velocity,1785151807.773106,1.121,/vehicle/driver_position_cmd
30.1950,position,1785151807.773106,2.078,/vehicle/driver_position_cmd
30.2509,velocity,1785151807.823153,0.976,/vehicle/driver_position_cmd
30.2514,position,1785151807.823153,1.573,/vehicle/driver_position_cmd
30.2805,velocity,1785151807.795353,0.634,/vehicle/rear_bogie_velocity
30.2812,position,1785151807.795353,1.265,/vehicle/rear_bogie_velocity
30.2910,velocity,1785151807.873105,0.444,/vehicle/driver_position_cmd
30.2913,position,1785151807.873105,0.804,/vehicle/driver_position_cmd
30.3421,velocity,1785151807.923057,0.384,/vehicle/driver_position_cmd
30.3425,position,1785151807.923057,0.713,/vehicle/driver_position_cmd
30.3853,velocity,1785151807.887329,0.299,/vehicle/rear_bogie_velocity
30.3856,position,1785151807.887329,0.567,/vehicle/rear_bogie_velocity
30.3917,velocity,1785151807.973090,0.371,/vehicle/driver_position_cmd
30.3920,position,1785151807.973090,0.617,/vehicle/driver_position_cmd
30.4439,velocity,1785151808.023087,0.417,/vehicle/driver_position_cmd
30.4443,position,1785151808.023087,0.785,/vehicle/driver_position_cmd
30.4865,velocity,1785151807.997303,0.434,/vehicle/rear_bogie_velocity
30.4871,position,1785151807.997303,1.017,/vehicle/rear_bogie_velocity
30.4906,velocity,1785151808.073110,0.647,/vehicle/driver_position_cmd
30.4912,position,1785151808.073110,1.237,/vehicle/driver_position_cmd
30.5441,velocity,1785151808.123071,0.821,/vehicle/driver_position_cmd
30.5450,position,1785151808.123071,1.648,/vehicle/driver_position_cmd
30.5808,velocity,1785151808.115265,0.670,/vehicle/rear_bogie_velocity
30.5815,position,1785151808.115265,1.339,/vehicle/rear_bogie_velocity
30.5958,velocity,1785151808.173080,0.909,/vehicle/driver_position_cmd
30.5966,position,1785151808.173080,1.674,/vehicle/driver_position_cmd
30.6440,velocity,1785151808.223089,1.419,/vehicle/driver_position_cmd
30.6446,position,1785151808.223089,2.073,/vehicle/driver_position_cmd
30.6798,velocity,1785151808.195256,0.716,/vehicle/rear_bogie_velocity
30.6807,position,1785151808.195256,1.547,/vehicle/rear_bogie_velocity
30.6973,velocity,1785151808.273176,0.898,/vehicle/driver_position_cmd
30.6981,position,1785151808.273176,1.732,/vehicle/driver_position_cmd
30.7446,velocity,1785151808.323106,1.074,/vehicle/driver_position_cmd
30.7455,position,1785151808.323106,1.973,/vehicle/driver_position_cmd
30.7844,velocity,1785151808.287218,0.898,/vehicle/rear_bogie_velocity
30.7852,position,1785151808.287218,1.637,/vehicle/rear_bogie_velocity
30.7917,velocity,1785151808.373070,0.655,/vehicle/driver_position_cmd
30.7927,position,1785151808.373070,1.687,/vehicle/driver_position_cmd
30.8517,velocity,1785151808.423060,0.919,/vehicle/driver_position_cmd
30.8525,position,1785151808.423060,1.788,/vehicle/driver_position_cmd
30.8793,velocity,1785151808.393196,0.684,/vehicle/rear_bogie_velocity
30.8802,position,1785151808.393196,1.630,/vehicle/rear_bogie_velocity
30.8932,velocity,1785151808.473082,0.885,/vehicle/driver_position_cmd
30.8940,position,1785151808.473082,1.707,/vehicle/driver_position_cmd
30.9428,velocity,1785151808.523109,1.413,/vehicle/driver_position_cmd
30.9435,position,1785151808.523109,2.053,/vehicle/driver_position_cmd
30.9859,velocity,1785151808.495167,0.627,/vehicle/rear_bogie_velocity
30.9867,position,1785151808.495167,1.403,/vehicle/rear_bogie_velocity
30.9924,velocity,1785151808.573076,0.998,/vehicle/driver_position_cmd
30.9933,position,1785151808.573076,1.924,/vehicle/driver_position_cmd
31.0463,velocity,1785151808.623077,0.978,/vehicle/driver_position_cmd
31.0469,position,1785151808.623077,1.588,/vehicle/driver_position_cmd
31.0788,velocity,1785151808.587150,0.652,/vehicle/rear_bogie_velocity
31.0796,position,1785151808.587150,1.496,/vehicle/rear_bogie_velocity
31.0923,velocity,1785151808.673213,1.188,/vehicle/driver_position_cmd
31.0932,position,1785151808.673213,2.108,/vehicle/driver_position_cmd
31.1460,velocity,1785151808.723260,0.688,/vehicle/driver_position_cmd
31.1466,position,1785151808.723260,1.278,/vehicle/driver_position_cmd
31.1908,velocity,1785151808.751099,1.039,/vehicle/rear_bogie_velocity
31.1914,position,1785151808.751099,1.604,/vehicle/rear_bogie_velocity
31.1925,velocity,1785151808.773211,1.836,/vehicle/driver_position_cmd
31.1932,position,1785151808.773211,2.559,/vehicle/driver_position_cmd
31.2439,velocity,1785151808.823139,1.003,/vehicle/driver_position_cmd
31.2448,position,1785151808.823139,1.899,/vehicle/driver_position_cmd
31.2798,velocity,1785151808.801085,0.644,/vehicle/rear_bogie_velocity
31.2807,position,1785151808.801085,1.505,/vehicle/rear_bogie_velocity
31.2915,velocity,1785151808.873141,1.124,/vehicle/driver_position_cmd
31.2919,position,1785151808.873141,1.502,/vehicle/driver_position_cmd
31.3420,velocity,1785151808.923064,0.778,/vehicle/driver_position_cmd
31.3428,position,1785151808.923064,1.503,/vehicle/driver_position_cmd
31.3803,velocity,1785151808.887051,0.418,/vehicle/rear_bogie_velocity
31.3811,position,1785151808.887051,1.235,/vehicle/rear_bogie_velocity
31.3924,velocity,1785151808.973109,1.409,/vehicle/driver_position_cmd
31.3931,position,1785151808.973109,2.085,/vehicle/driver_position_cmd
31.4501,velocity,1785151809.023097,0.985,/vehicle/driver_position_cmd
31.4509,position,1785151809.023097,1.796,/vehicle/driver_position_cmd
31.4883,velocity,1785151808.989023,0.877,/vehicle/rear_bogie_velocity
31.4889,position,1785151808.989023,1.469,/vehicle/rear_bogie_velocity
31.4911,velocity,1785151809.073096,0.460,/vehicle/driver_position_cmd
31.4916,position,1785151809.073096,0.911,/vehicle/driver_position_cmd
31.5421,velocity,1785151809.123066,0.870,/vehicle/driver_position_cmd
31.5429,position,1785151809.123066,1.665,/vehicle/driver_position_cmd
31.5788,velocity,1785151809.092995,0.782,/vehicle/rear_bogie_velocity
31.5798,position,1785151809.092995,1.743,/vehicle/rear_bogie_velocity
31.5918,velocity,1785151809.173096,0.809,/vehicle/driver_position_cmd
31.5927,position,1785151809.173096,1.715,/vehicle/driver_position_cmd
31.6436,velocity,1785151809.223071,1.169,/vehicle/driver_position_cmd
31.6446,position,1785151809.223071,2.171,/vehicle/driver_position_cmd
31.6823,velocity,1785151809.186966,0.685,/vehicle/rear_bogie_velocity
31.6829,position,1785151809.186966,1.203,/vehicle/rear_bogie_velocity
31.6927,velocity,1785151809.273095,1.297,/vehicle/driver_position_cmd
31.6936,position,1785151809.273095,2.261,/vehicle/driver_position_cmd
31.7478,velocity,1785151809.323059,1.021,/vehicle/driver_position_cmd
31.7486,position,1785151809.323059,1.831,/vehicle/driver_position_cmd
31.7869,velocity,1785151809.286951,0.642,/vehicle/rear_bogie_velocity
31.7878,position,1785151809.286951,1.521,/vehicle/rear_bogie_velocity
31.7930,velocity,1785151809.373065,1.311,/vehicle/driver_position_cmd
31.7938,position,1785151809.373065,2.076,/vehicle/driver_position_cmd
31.8516,velocity,1785151809.423080,0.849,/vehicle/driver_position_cmd
31.8522,position,1785151809.423080,1.461,/vehicle/driver_position_cmd
31.8809,velocity,1785151809.406915,0.776,/vehicle/rear_bogie_velocity
31.8813,position,1785151809.406915,1.173,/vehicle/rear_bogie_velocity
31.8912,velocity,1785151809.473081,0.736,/vehicle/driver_position_cmd
31.8919,position,1785151809.473081,1.465,/vehicle/driver_position_cmd
31.9450,velocity,1785151809.523137,0.905,/vehicle/driver_position_cmd
31.9457,position,1785151809.523137,1.626,/vehicle/driver_position_cmd
31.9793,velocity,1785151809.500880,0.911,/vehicle/rear_bogie_velocity
31.9802,position,1785151809.500880,1.792,/vehicle/rear_bogie_velocity
31.9925,velocity,1785151809.573101,1.165,/vehicle/driver_position_cmd
31.9935,position,1785151809.573101,2.174,/vehicle/driver_position_cmd
32.0518,velocity,1785151809.623133,1.033,/vehicle/driver_position_cmd
32.0527,position,1785151809.623133,1.898,/vehicle/driver_position_cmd
32.0859,velocity,1785151809.598852,0.580,/vehicle/rear_bogie_velocity
32.0867,position,1785151809.598852,1.319,/vehicle/rear_bogie_velocity
32.0914,velocity,1785151809.673078,0.640,/vehicle/driver_position_cmd
32.0921,position,1785151809.673078,1.368,/vehicle/driver_position_cmd
32.1489,velocity,1785151809.723076,0.833,/vehicle/driver_position_cmd
32.1498,position,1785151809.723076,1.669,/vehicle/driver_position_cmd
32.1845,velocity,1785151809.686836,0.594,/vehicle/rear_bogie_velocity
32.1854,position,1785151809.686836,1.472,/vehicle/rear_bogie_velocity
32.1909,velocity,1785151809.773076,0.723,/vehicle/driver_position_cmd
32.1915,position,1785151809.773076,1.287,/vehicle/driver_position_cmd
32.2519,velocity,1785151809.823104,1.053,/vehicle/driver_position_cmd
32.2528,position,1785151809.823104,1.986,/vehicle/driver_position_cmd
32.2823,velocity,1785151809.794797,0.837,/vehicle/rear_bogie_velocity
32.2831,position,1785151809.794797,1.612,/vehicle/rear_bogie_velocity
32.2921,velocity,1785151809.873261,1.417,/vehicle/driver_position_cmd
32.2928,position,1785151809.873261,2.138,/vehicle/driver_position_cmd
32.3435,velocity,1785151809.923474,1.079,/vehicle/driver_position_cmd
32.3445,position,1785151809.923474,2.075,/vehicle/driver_position_cmd
32.3793,velocity,1785151809.888780,0.636,/vehicle/rear_bogie_velocity
32.3801,position,1785151809.888780,1.425,/vehicle/rear_bogie_velocity
32.3938,velocity,1785151809.973109,0.794,/vehicle/driver_position_cmd
32.3945,position,1785151809.973109,1.506,/vehicle/driver_position_cmd
32.4429,velocity,1785151810.023144,0.882,/vehicle/driver_position_cmd
32.4437,position,1785151810.023144,1.671,/vehicle/driver_position_cmd
32.4857,velocity,1785151810.006750,0.756,/vehicle/rear_bogie_velocity
32.4865,position,1785151810.006750,1.551,/vehicle/rear_bogie_velocity
32.4925,velocity,1785151810.073086,0.750,/vehicle/driver_position_cmd
32.4932,position,1785151810.073086,1.474,/vehicle/driver_position_cmd
32.5460,velocity,1785151810.123080,1.687,/vehicle/driver_position_cmd
32.5466,position,1785151810.123080,2.284,/vehicle/driver_position_cmd
32.5790,velocity,1785151810.128710,0.751,/vehicle/rear_bogie_velocity
32.5793,position,1785151810.128710,1.039,/vehicle/rear_bogie_velocity
32.5953,velocity,1785151810.173070,0.827,/vehicle/driver_position_cmd
32.5958,position,1785151810.173070,1.355,/vehicle/driver_position_cmd
32.6420,velocity,1785151810.223103,0.330,/vehicle/driver_position_cmd
32.6422,position,1785151810.223103,0.502,/vehicle/driver_position_cmd
32.6785,velocity,1785151810.180694,0.215,/vehicle/rear_bogie_velocity
32.6787,position,1785151810.180694,0.396,/vehicle/rear_bogie_velocity
32.6954,velocity,1785151810.273125,0.154,/vehicle/driver_position_cmd
32.6956,position,1785151810.273125,0.300,/vehicle/driver_position_cmd
32.7502,velocity,1785151810.323094,0.312,/vehicle/driver_position_cmd
32.7504,position,1785151810.323094,0.431,/vehicle/driver_position_cmd
32.7841,velocity,1785151810.294669,0.323,/vehicle/rear_bogie_velocity
32.7842,position,1785151810.294669,0.445,/vehicle/rear_bogie_velocity
32.7929,velocity,1785151810.373075,0.244,/vehicle/driver_position_cmd
32.7931,position,1785151810.373075,0.447,/vehicle/driver_position_cmd
32.8456,velocity,1785151810.423116,0.454,/vehicle/driver_position_cmd
32.8460,position,1785151810.423116,0.887,/vehicle/driver_position_cmd
32.8818,velocity,1785151810.396642,0.917,/vehicle/rear_bogie_velocity
32.8823,position,1785151810.396642,1.407,/vehicle/rear_bogie_velocity
32.8944,velocity,1785151810.473083,0.513,/vehicle/driver_position_cmd
32.8949,position,1785151810.473083,1.034,/vehicle/driver_position_cmd
32.9437,velocity,1785151810.523142,1.533,/vehicle/driver_position_cmd
32.9444,position,1785151810.523142,2.235,/vehicle/driver_position_cmd
32.9886,velocity,1785151810.496623,0.590,/vehicle/rear_bogie_velocity
32.9895,position,1785151810.496623,1.477,/vehicle/rear_bogie_velocity
32.9907,velocity,1785151810.573074,0.576,/vehicle/driver_position_cmd
32.9912,position,1785151810.573074,1.080,/vehicle/driver_position_cmd
33.0454,velocity,1785151810.623118,0.990,/vehicle/driver_position_cmd
33.0463,position,1785151810.623118,1.874,/vehicle/driver_position_cmd
33.0785,velocity,1785151810.586576,0.426,/vehicle/rear_bogie_velocity
33.0789,position,1785151810.586576,0.845,/vehicle/rear_bogie_velocity
33.0921,velocity,1785151810.673100,1.127,/vehicle/driver_position_cmd
33.0930,position,1785151810.673100,1.998,/vehicle/driver_position_cmd
33.1425,velocity,1785151810.723129,0.591,/vehicle/driver_position_cmd
33.1430,position,1785151810.723129,1.013,/vehicle/driver_position_cmd
33.1801,velocity,1785151810.700575,0.570,/vehicle/rear_bogie_velocity
33.1809,position,1785151810.700575,1.367,/vehicle/rear_bogie_velocity
33.1958,velocity,1785151810.773082,0.929,/vehicle/driver_position_cmd
33.1963,position,1785151810.773082,1.426,/vehicle/driver_position_cmd
33.2498,velocity,1785151810.823100,0.454,/vehicle/driver_position_cmd
33.2502,position,1785151810.823100,0.858,/vehicle/driver_position_cmd
33.2793,velocity,1785151810.786527,0.494,/vehicle/rear_bogie_velocity
33.2801,position,1785151810.786527,1.246,/vehicle/rear_bogie_velocity
33.2946,velocity,1785151810.873090,0.657,/vehicle/driver_position_cmd
33.2952,position,1785151810.873090,1.261,/vehicle/driver_position_cmd
33.3448,velocity,1785151810.923071,0.657,/vehicle/driver_position_cmd
33.3454,position,1785151810.923071,1.219,/vehicle/driver_position_cmd
33.3822,velocity,1785151810.886497,0.533,/vehicle/rear_bogie_velocity
33.3830,position,1785151810.886497,1.331,/vehicle/rear_bogie_velocity
33.3924,velocity,1785151810.973072,1.220,/vehicle/driver_position_cmd
33.3931,position,1785151810.973072,1.941,/vehicle/driver_position_cmd
33.4437,velocity,1785151811.023071,1.454,/vehicle/driver_position_cmd
33.4446,position,1785151811.023071,2.287,/vehicle/driver_position_cmd
33.4800,velocity,1785151810.990506,0.627,/vehicle/rear_bogie_velocity
33.4809,position,1785151810.990506,1.530,/vehicle/rear_bogie_velocity
33.4956,velocity,1785151811.073127,0.960,/vehicle/driver_position_cmd
33.4963,position,1785151811.073127,1.708,/vehicle/driver_position_cmd
33.5479,velocity,1785151811.123080,1.679,/vehicle/driver_position_cmd
33.5485,position,1785151811.123080,2.285,/vehicle/driver_position_cmd
33.5802,velocity,1785151811.086457,0.677,/vehicle/rear_bogie_velocity
33.5811,position,1785151811.086457,1.540,/vehicle/rear_bogie_velocity
33.5930,velocity,1785151811.173100,0.996,/vehicle/driver_position_cmd
33.5939,position,1785151811.173100,1.844,/vehicle/driver_position_cmd
33.6421,velocity,1785151811.223083,1.459,/vehicle/driver_position_cmd
33.6426,position,1785151811.223083,2.013,/vehicle/driver_position_cmd
33.6855,velocity,1785151811.186428,0.621,/vehicle/rear_bogie_velocity
33.6864,position,1785151811.186428,1.504,/vehicle/rear_bogie_velocity
33.6938,velocity,1785151811.273106,0.965,/vehicle/driver_position_cmd
33.6947,position,1785151811.273106,1.834,/vehicle/driver_position_cmd
33.7519,velocity,1785151811.323073,1.028,/vehicle/driver_position_cmd
33.7526,position,1785151811.323073,1.754,/vehicle/driver_position_cmd
33.7850,velocity,1785151811.286395,0.620,/vehicle/rear_bogie_velocity
33.7856,position,1785151811.286395,1.227,/vehicle/rear_bogie_velocity
33.7931,velocity,1785151811.373084,1.133,/vehicle/driver_position_cmd
33.7938,position,1785151811.373084,1.849,/vehicle/driver_position_cmd
33.8427,velocity,1785151811.423096,1.368,/vehicle/driver_position_cmd
33.8436,position,1785151811.423096,2.239,/vehicle/driver_position_cmd
33.8814,velocity,1785151811.410360,0.881,/vehicle/rear_bogie_velocity
33.8820,position,1785151811.410360,1.536,/vehicle/rear_bogie_velocity
33.8944,velocity,1785151811.473101,0.949,/vehicle/driver_position_cmd
33.8953,position,1785151811.473101,1.807,/vehicle/driver_position_cmd
33.9515,velocity,1785151811.523122,1.007,/vehicle/driver_position_cmd
33.9524,position,1785151811.523122,1.944,/vehicle/driver_position_cmd
33.9860,velocity,1785151811.522336,0.782,/vehicle/rear_bogie_velocity
33.9870,position,1785151811.522336,1.731,/vehicle/rear_bogie_velocity
33.9906,velocity,1785151811.573070,0.777,/vehicle/driver_position_cmd
33.9910,position,1785151811.573070,1.158,/vehicle/driver_position_cmd
34.0443,velocity,1785151811.623120,1.213,/vehicle/driver_position_cmd
34.0451,position,1785151811.623120,2.004,/vehicle/driver_position_cmd
34.0808,velocity,1785151811.588308,0.519,/vehicle/rear_bogie_velocity
34.0816,position,1785151811.588308,1.290,/vehicle/rear_bogie_velocity
34.0917,velocity,1785151811.673101,0.923,/vehicle/driver_position_cmd
34.0930,position,1785151811.673101,2.285,/vehicle/driver_position_cmd
34.1449,velocity,1785151811.723085,0.749,/vehicle/driver_position_cmd
34.1456,position,1785151811.723085,1.361,/vehicle/driver_position_cmd
34.1855,velocity,1785151811.688287,0.649,/vehicle/rear_bogie_velocity
34.1864,position,1785151811.688287,1.580,/vehicle/rear_bogie_velocity
34.1932,velocity,1785151811.773084,1.233,/vehicle/driver_position_cmd
34.1939,position,1785151811.773084,1.895,/vehicle/driver_position_cmd
34.2520,velocity,1785151811.823084,1.194,/vehicle/driver_position_cmd
34.2530,position,1785151811.823084,2.145,/vehicle/driver_position_cmd
34.2837,velocity,1785151811.794238,0.626,/vehicle/rear_bogie_velocity
34.2844,position,1785151811.794238,1.296,/vehicle/rear_bogie_velocity
34.2918,velocity,1785151811.873119,0.745,/vehicle/driver_position_cmd
34.2931,position,1785151811.873119,2.052,/vehicle/driver_position_cmd
34.3516,velocity,1785151811.923083,1.008,/vehicle/driver_position_cmd
34.3522,position,1785151811.923083,1.635,/vehicle/driver_position_cmd
34.3802,velocity,1785151811.890229,0.636,/vehicle/rear_bogie_velocity
34.3809,position,1785151811.890229,1.313,/vehicle/rear_bogie_velocity
34.3960,velocity,1785151811.973079,0.962,/vehicle/driver_position_cmd
34.3969,position,1785151811.973079,1.840,/vehicle/driver_position_cmd
34.4517,velocity,1785151812.023117,0.930,/vehicle/driver_position_cmd
34.4526,position,1785151812.023117,1.833,/vehicle/driver_position_cmd
34.4814,velocity,1785151812.000192,0.894,/vehicle/rear_bogie_velocity
34.4823,position,1785151812.000192,1.761,/vehicle/rear_bogie_velocity
34.4950,velocity,1785151812.073065,0.870,/vehicle/driver_position_cmd
34.4958,position,1785151812.073065,1.585,/vehicle/driver_position_cmd
34.5490,velocity,1785151812.123091,2.247,/vehicle/driver_position_cmd
34.5497,position,1785151812.123091,2.905,/vehicle/driver_position_cmd
34.5836,velocity,1785151812.096170,0.901,/vehicle/rear_bogie_velocity
34.5844,position,1785151812.096170,1.709,/vehicle/rear_bogie_velocity
34.5930,velocity,1785151812.173088,1.152,/vehicle/driver_position_cmd
34.5939,position,1785151812.173088,2.074,/vehicle/driver_position_cmd
34.6465,velocity,1785151812.223070,1.018,/vehicle/driver_position_cmd
34.6471,position,1785151812.223070,1.638,/vehicle/driver_position_cmd
34.6795,velocity,1785151812.196135,0.909,/vehicle/rear_bogie_velocity
34.6802,position,1785151812.196135,1.550,/vehicle/rear_bogie_velocity
34.6923,velocity,1785151812.273102,0.975,/vehicle/driver_position_cmd
34.6934,position,1785151812.273102,2.085,/vehicle/driver_position_cmd
34.7450,velocity,1785151812.323078,0.613,/vehicle/driver_position_cmd
34.7459,position,1785151812.323078,1.543,/vehicle/driver_position_cmd
34.7792,velocity,1785151812.300116,0.558,/vehicle/rear_bogie_velocity
34.7799,position,1785151812.300116,1.302,/vehicle/rear_bogie_velocity
34.7925,velocity,1785151812.373063,0.918,/vehicle/driver_position_cmd
34.7934,position,1785151812.373063,1.785,/vehicle/driver_position_cmd
34.8510,velocity,1785151812.423096,0.787,/vehicle/driver_position_cmd
34.8518,position,1785151812.423096,1.519,/vehicle/driver_position_cmd
34.8830,velocity,1785151812.412414,0.563,/vehicle/rear_bogie_velocity
34.8837,position,1785151812.412414,1.315,/vehicle/rear_bogie_velocity
34.8921,velocity,1785151812.473082,0.820,/vehicle/driver_position_cmd
34.8928,position,1785151812.473082,1.509,/vehicle/driver_position_cmd
34.9425,velocity,1785151812.523145,0.804,/vehicle/driver_position_cmd
34.9432,position,1785151812.523145,1.542,/vehicle/driver_position_cmd
34.9881,velocity,1785151812.500047,0.755,/vehicle/rear_bogie_velocity
34.9885,position,1785151812.500047,1.142,/vehicle/rear_bogie_velocity
34.9909,velocity,1785151812.573092,0.456,/vehicle/driver_position_cmd
34.9917,position,1785151812.573092,1.226,/vehicle/driver_position_cmd
35.0511,velocity,1785151812.623070,0.811,/vehicle/driver_position_cmd
35.0518,position,1785151812.623070,1.547,/vehicle/driver_position_cmd
35.0798,velocity,1785151812.590030,0.483,/vehicle/rear_bogie_velocity
35.0806,position,1785151812.590030,1.316,/vehicle/rear_bogie_velocity
35.0940,velocity,1785151812.673068,1.051,/vehicle/driver_position_cmd
35.0944,position,1785151812.673068,1.456,/vehicle/driver_position_cmd
35.1485,velocity,1785151812.723070,0.556,/vehicle/driver_position_cmd
35.1493,position,1785151812.723070,1.373,/vehicle/driver_position_cmd
35.1832,velocity,1785151812.707986,2.209,/vehicle/rear_bogie_velocity
35.1836,position,1785151812.707986,2.567,/vehicle/rear_bogie_velocity
35.1940,velocity,1785151812.773120,0.607,/vehicle/driver_position_cmd
35.1948,position,1785151812.773120,1.363,/vehicle/driver_position_cmd
35.2464,velocity,1785151812.823093,0.799,/vehicle/driver_position_cmd
35.2471,position,1785151812.823093,1.540,/vehicle/driver_position_cmd
35.2793,velocity,1785151812.793981,0.759,/vehicle/rear_bogie_velocity
35.2797,position,1785151812.793981,1.137,/vehicle/rear_bogie_velocity
35.2956,velocity,1785151812.873060,0.684,/vehicle/driver_position_cmd
35.2958,position,1785151812.873060,0.939,/vehicle/driver_position_cmd
35.3423,velocity,1785151812.923084,1.223,/vehicle/driver_position_cmd
35.3429,position,1785151812.923084,1.882,/vehicle/driver_position_cmd
35.3854,velocity,1785151812.889948,0.799,/vehicle/rear_bogie_velocity
35.3861,position,1785151812.889948,1.575,/vehicle/rear_bogie_velocity
35.3929,velocity,1785151812.973089,0.856,/vehicle/driver_position_cmd
35.3936,position,1785151812.973089,1.570,/vehicle/driver_position_cmd
35.4428,velocity,1785151813.023057,0.994,/vehicle/driver_position_cmd
35.4432,position,1785151813.023057,1.436,/vehicle/driver_position_cmd
35.4780,velocity,1785151812.989926,0.518,/vehicle/rear_bogie_velocity
35.4788,position,1785151812.989926,1.247,/vehicle/rear_bogie_velocity
35.4943,velocity,1785151813.073084,0.767,/vehicle/driver_position_cmd
35.4949,position,1785151813.073084,1.453,/vehicle/driver_position_cmd
35.5435,velocity,1785151813.123137,1.732,/vehicle/driver_position_cmd
35.5439,position,1785151813.123137,2.179,/vehicle/driver_position_cmd
35.5836,velocity,1785151813.085890,0.489,/vehicle/rear_bogie_velocity
35.5843,position,1785151813.085890,1.228,/vehicle/rear_bogie_velocity
35.5922,velocity,1785151813.173071,0.952,/vehicle/driver_position_cmd
35.5931,position,1785151813.173071,1.834,/vehicle/driver_position_cmd
35.6518,velocity,1785151813.223065,0.993,/vehicle/driver_position_cmd
35.6526,position,1785151813.223065,1.826,/vehicle/driver_position_cmd
35.6813,velocity,1785151813.201860,0.849,/vehicle/rear_bogie_velocity
35.6820,position,1785151813.201860,1.487,/vehicle/rear_bogie_velocity
35.6934,velocity,1785151813.273088,0.991,/vehicle/driver_position_cmd
35.6943,position,1785151813.273088,1.879,/vehicle/driver_position_cmd
35.7433,velocity,1785151813.323102,0.954,/vehicle/driver_position_cmd
35.7439,position,1785151813.323102,1.561,/vehicle/driver_position_cmd
35.7837,velocity,1785151813.289843,0.842,/vehicle/rear_bogie_velocity
35.7843,position,1785151813.289843,1.467,/vehicle/rear_bogie_velocity
35.7943,velocity,1785151813.373100,0.970,/vehicle/driver_position_cmd
35.7950,position,1785151813.373100,1.622,/vehicle/driver_position_cmd
35.8449,velocity,1785151813.423107,0.644,/vehicle/driver_position_cmd
35.8456,position,1785151813.423107,1.290,/vehicle/driver_position_cmd
35.8790,velocity,1785151813.391808,0.352,/vehicle/rear_bogie_velocity
35.8795,position,1785151813.391808,0.844,/vehicle/rear_bogie_velocity
35.8930,velocity,1785151813.473078,0.852,/vehicle/driver_position_cmd
35.8936,position,1785151813.473078,1.426,/vehicle/driver_position_cmd
35.9485,velocity,1785151813.523080,1.096,/vehicle/driver_position_cmd
35.9492,position,1785151813.523080,1.740,/vehicle/driver_position_cmd
35.9789,velocity,1785151813.481780,0.670,/vehicle/rear_bogie_velocity
35.9795,position,1785151813.481780,1.283,/vehicle/rear_bogie_velocity
35.9925,velocity,1785151813.573078,1.070,/vehicle/driver_position_cmd
35.9935,position,1785151813.573078,2.031,/vehicle/driver_position_cmd
36.0486,velocity,1785151813.623100,1.049,/vehicle/driver_position_cmd
36.0493,position,1785151813.623100,1.703,/vehicle/driver_position_cmd
36.0828,velocity,1785151813.585756,0.671,/vehicle/rear_bogie_velocity
36.0836,position,1785151813.585756,1.500,/vehicle/rear_bogie_velocity
36.0931,velocity,1785151813.673097,0.893,/vehicle/driver_position_cmd
36.0939,position,1785151813.673097,1.746,/vehicle/driver_position_cmd
36.1426,velocity,1785151813.723143,1.000,/vehicle/driver_position_cmd
36.1432,position,1785151813.723143,1.656,/vehicle/driver_position_cmd
36.1824,velocity,1785151813.685730,0.579,/vehicle/rear_bogie_velocity
36.1832,position,1785151813.685730,1.404,/vehicle/rear_bogie_velocity
36.1923,velocity,1785151813.773127,1.419,/vehicle/driver_position_cmd
36.1931,position,1785151813.773127,2.192,/vehicle/driver_position_cmd
36.2515,velocity,1785151813.823105,0.910,/vehicle/driver_position_cmd
36.2523,position,1785151813.823105,1.746,/vehicle/driver_position_cmd
36.2792,velocity,1785151813.787693,1.024,/vehicle/rear_bogie_velocity
36.2802,position,1785151813.787693,2.011,/vehicle/rear_bogie_velocity
36.2921,velocity,1785151813.873060,0.819,/vehicle/driver_position_cmd
36.2930,position,1785151813.873060,1.713,/vehicle/driver_position_cmd
36.3438,velocity,1785151813.923083,1.224,/vehicle/driver_position_cmd
36.3448,position,1785151813.923083,2.226,/vehicle/driver_position_cmd
36.3793,velocity,1785151813.889672,0.657,/vehicle/rear_bogie_velocity
36.3801,position,1785151813.889672,1.536,/vehicle/rear_bogie_velocity
36.3929,velocity,1785151813.973095,1.429,/vehicle/driver_position_cmd
36.3935,position,1785151813.973095,2.108,/vehicle/driver_position_cmd
36.4430,velocity,1785151814.023097,0.813,/vehicle/driver_position_cmd
36.4438,position,1785151814.023097,1.653,/vehicle/driver_position_cmd
36.4803,velocity,1785151813.997643,0.683,/vehicle/rear_bogie_velocity
36.4811,position,1785151813.997643,1.428,/vehicle/rear_bogie_velocity
36.4924,velocity,1785151814.073081,0.519,/vehicle/driver_position_cmd
36.4929,position,1785151814.073081,1.022,/vehicle/driver_position_cmd
36.5488,velocity,1785151814.123058,2.095,/vehicle/driver_position_cmd
36.5494,position,1785151814.123058,2.766,/vehicle/driver_position_cmd
36.5832,velocity,1785151814.109612,0.641,/vehicle/rear_bogie_velocity
36.5840,position,1785151814.109612,1.519,/vehicle/rear_bogie_velocity
36.5946,velocity,1785151814.173070,0.753,/vehicle/driver_position_cmd
36.5955,position,1785151814.173070,1.651,/vehicle/driver_position_cmd
36.6518,velocity,1785151814.223085,0.969,/vehicle/driver_position_cmd
36.6524,position,1785151814.223085,1.550,/vehicle/driver_position_cmd
36.6865,velocity,1785151814.195575,0.413,/vehicle/rear_bogie_velocity
36.6869,position,1785151814.195575,0.820,/vehicle/rear_bogie_velocity
36.6930,velocity,1785151814.273069,0.884,/vehicle/driver_position_cmd
36.6936,position,1785151814.273069,1.456,/vehicle/driver_position_cmd
36.7452,velocity,1785151814.323105,0.991,/vehicle/driver_position_cmd
36.7459,position,1785151814.323105,1.675,/vehicle/driver_position_cmd
36.7860,velocity,1785151814.293553,0.659,/vehicle/rear_bogie_velocity
36.7869,position,1785151814.293553,1.554,/vehicle/rear_bogie_velocity
36.7927,velocity,1785151814.373065,1.056,/vehicle/driver_position_cmd
36.7936,position,1785151814.373065,1.926,/vehicle/driver_position_cmd
36.8456,velocity,1785151814.423118,0.990,/vehicle/driver_position_cmd
36.8462,position,1785151814.423118,1.646,/vehicle/driver_position_cmd
36.8856,velocity,1785151814.405527,0.837,/vehicle/rear_bogie_velocity
36.8865,position,1785151814.405527,1.723,/vehicle/rear_bogie_velocity
36.8914,velocity,1785151814.473113,0.959,/vehicle/driver_position_cmd
36.8922,position,1785151814.473113,1.712,/vehicle/driver_position_cmd
36.9516,velocity,1785151814.523037,0.940,/vehicle/driver_position_cmd
36.9522,position,1785151814.523037,1.536,/vehicle/driver_position_cmd
36.9866,velocity,1785151814.503513,0.881,/vehicle/rear_bogie_velocity
36.9872,position,1785151814.503513,1.512,/vehicle/rear_bogie_velocity
36.9921,velocity,1785151814.573107,0.853,/vehicle/driver_position_cmd
36.9933,position,1785151814.573107,2.038,/vehicle/driver_position_cmd
37.0428,velocity,1785151814.623056,1.463,/vehicle/driver_position_cmd
37.0435,position,1785151814.623056,2.159,/vehicle/driver_position_cmd
37.0935,velocity,1785151814.673090,1.101,/vehicle/driver_position_cmd
37.0941,position,1785151814.673090,1.732,/vehicle/driver_position_cmd
37.1454,velocity,1785151814.723095,0.809,/vehicle/driver_position_cmd
37.1461,position,1785151814.723095,1.490,/vehicle/driver_position_cmd
37.1854,velocity,1785151814.685447,0.586,/vehicle/rear_bogie_velocity
37.1862,position,1785151814.685447,1.443,/vehicle/rear_bogie_velocity
37.1917,velocity,1785151814.773098,0.796,/vehicle/driver_position_cmd
37.1926,position,1785151814.773098,1.671,/vehicle/driver_position_cmd
37.2436,velocity,1785151814.823114,1.354,/vehicle/driver_position_cmd
37.2443,position,1785151814.823114,1.999,/vehicle/driver_position_cmd
37.2919,velocity,1785151814.783413,1.221,/vehicle/rear_bogie_velocity
37.2925,position,1785151814.783413,1.797,/vehicle/rear_bogie_velocity
37.2929,velocity,1785151814.873085,2.142,/vehicle/driver_position_cmd
37.2932,position,1785151814.873085,2.405,/vehicle/driver_position_cmd
37.3466,velocity,1785151814.923089,0.620,/vehicle/driver_position_cmd
37.3472,position,1785151814.923089,1.132,/vehicle/driver_position_cmd
37.3856,velocity,1785151814.885408,0.551,/vehicle/rear_bogie_velocity
37.3863,position,1785151814.885408,1.218,/vehicle/rear_bogie_velocity
37.3925,velocity,1785151814.973094,1.359,/vehicle/driver_position_cmd
37.3939,position,1785151814.973094,2.721,/vehicle/driver_position_cmd
37.4436,velocity,1785151815.023124,1.172,/vehicle/driver_position_cmd
37.4444,position,1785151815.023124,1.884,/vehicle/driver_position_cmd
37.4830,velocity,1785151814.991360,0.694,/vehicle/rear_bogie_velocity
37.4838,position,1785151814.991360,1.526,/vehicle/rear_bogie_velocity
37.4933,velocity,1785151815.073124,1.362,/vehicle/driver_position_cmd
37.4943,position,1785151815.073124,2.311,/vehicle/driver_position_cmd
37.5432,velocity,1785151815.123061,2.494,/vehicle/driver_position_cmd
37.5439,position,1785151815.123061,3.173,/vehicle/driver_position_cmd
37.5843,velocity,1785151815.095334,0.707,/vehicle/rear_bogie_velocity
37.5851,position,1785151815.095334,1.515,/vehicle/rear_bogie_velocity
37.5934,velocity,1785151815.173141,1.012,/vehicle/driver_position_cmd
37.5941,position,1785151815.173141,1.661,/vehicle/driver_position_cmd
37.6529,velocity,1785151815.223112,1.049,/vehicle/driver_position_cmd
37.6537,position,1785151815.223112,1.891,/vehicle/driver_position_cmd
37.6798,velocity,1785151815.185322,0.487,/vehicle/rear_bogie_velocity
37.6803,position,1785151815.185322,0.966,/vehicle/rear_bogie_velocity
37.6904,velocity,1785151815.273139,0.671,/vehicle/driver_position_cmd
37.6912,position,1785151815.273139,1.466,/vehicle/driver_position_cmd
37.7434,velocity,1785151815.323091,0.989,/vehicle/driver_position_cmd
37.7443,position,1785151815.323091,1.900,/vehicle/driver_position_cmd
37.7811,velocity,1785151815.287277,0.693,/vehicle/rear_bogie_velocity
37.7818,position,1785151815.287277,1.332,/vehicle/rear_bogie_velocity
37.7926,velocity,1785151815.373081,0.943,/vehicle/driver_position_cmd
37.7939,position,1785151815.373081,2.194,/vehicle/driver_position_cmd
37.8515,velocity,1785151815.423117,1.017,/vehicle/driver_position_cmd
37.8522,position,1785151815.423117,1.676,/vehicle/driver_position_cmd
37.8857,velocity,1785151815.391243,0.830,/vehicle/rear_bogie_velocity
37.8863,position,1785151815.391243,1.426,/vehicle/rear_bogie_velocity
37.8924,velocity,1785151815.473109,1.238,/vehicle/driver_position_cmd
37.8932,position,1785151815.473109,2.068,/vehicle/driver_position_cmd
37.9460,velocity,1785151815.523129,0.854,/vehicle/driver_position_cmd
37.9468,position,1785151815.523129,1.632,/vehicle/driver_position_cmd
37.9800,velocity,1785151815.497231,0.911,/vehicle/rear_bogie_velocity
37.9804,position,1785151815.497231,1.344,/vehicle/rear_bogie_velocity
37.9937,velocity,1785151815.573079,0.748,/vehicle/driver_position_cmd
37.9944,position,1785151815.573079,1.458,/vehicle/driver_position_cmd
38.0509,velocity,1785151815.623057,0.628,/vehicle/driver_position_cmd
38.0516,position,1785151815.623057,1.337,/vehicle/driver_position_cmd
38.0797,velocity,1785151815.595200,0.518,/vehicle/rear_bogie_velocity
38.0805,position,1785151815.595200,1.300,/vehicle/rear_bogie_velocity
38.0940,velocity,1785151815.673184,0.828,/vehicle/driver_position_cmd
38.0947,position,1785151815.673184,1.478,/vehicle/driver_position_cmd
38.1439,velocity,1785151815.723098,1.320,/vehicle/driver_position_cmd
38.1445,position,1785151815.723098,1.866,/vehicle/driver_position_cmd
38.1849,velocity,1785151815.687168,0.641,/vehicle/rear_bogie_velocity
38.1857,position,1785151815.687168,1.413,/vehicle/rear_bogie_velocity
38.1951,velocity,1785151815.773114,0.801,/vehicle/driver_position_cmd
38.1956,position,1785151815.773114,1.349,/vehicle/driver_position_cmd
38.2410,velocity,1785151815.823079,0.693,/vehicle/driver_position_cmd
38.2416,position,1785151815.823079,1.245,/vehicle/driver_position_cmd
38.2788,velocity,1785151815.795144,0.485,/vehicle/rear_bogie_velocity
38.2792,position,1785151815.795144,0.896,/vehicle/rear_bogie_velocity
38.2949,velocity,1785151815.873079,0.831,/vehicle/driver_position_cmd
38.2954,position,1785151815.873079,1.335,/vehicle/driver_position_cmd
38.3438,velocity,1785151815.923084,1.003,/vehicle/driver_position_cmd
38.3444,position,1785151815.923084,1.602,/vehicle/driver_position_cmd
38.3885,velocity,1785151815.891105,0.531,/vehicle/rear_bogie_velocity
38.3892,position,1785151815.891105,1.310,/vehicle/rear_bogie_velocity
38.3911,velocity,1785151815.973086,0.741,/vehicle/driver_position_cmd
38.3918,position,1785151815.973086,1.413,/vehicle/driver_position_cmd
38.4463,velocity,1785151816.023087,0.827,/vehicle/driver_position_cmd
38.4470,position,1785151816.023087,1.571,/vehicle/driver_position_cmd
38.4799,velocity,1785151816.031074,0.775,/vehicle/rear_bogie_velocity
38.4806,position,1785151816.031074,1.472,/vehicle/rear_bogie_velocity
38.4935,velocity,1785151816.073075,0.535,/vehicle/driver_position_cmd
38.4942,position,1785151816.073075,1.267,/vehicle/driver_position_cmd
38.5435,velocity,1785151816.123105,1.894,/vehicle/driver_position_cmd
38.5440,position,1785151816.123105,2.387,/vehicle/driver_position_cmd
38.5851,velocity,1785151816.085065,0.532,/vehicle/rear_bogie_velocity
38.5858,position,1785151816.085065,1.260,/vehicle/rear_bogie_velocity
38.5911,velocity,1785151816.173064,0.565,/vehicle/driver_position_cmd
38.5920,position,1785151816.173064,1.465,/vehicle/driver_position_cmd
38.6465,velocity,1785151816.223070,0.970,/vehicle/driver_position_cmd
38.6471,position,1785151816.223070,1.590,/vehicle/driver_position_cmd
38.6852,velocity,1785151816.187018,0.896,/vehicle/rear_bogie_velocity
38.6859,position,1785151816.187018,1.576,/vehicle/rear_bogie_velocity
38.6939,velocity,1785151816.273093,1.030,/vehicle/driver_position_cmd
38.6946,position,1785151816.273093,1.685,/vehicle/driver_position_cmd
38.7434,velocity,1785151816.323062,1.300,/vehicle/driver_position_cmd
38.7443,position,1785151816.323062,2.197,/vehicle/driver_position_cmd
38.7829,velocity,1785151816.294995,0.697,/vehicle/rear_bogie_velocity
38.7835,position,1785151816.294995,1.322,/vehicle/rear_bogie_velocity
38.7929,velocity,1785151816.373078,1.360,/vehicle/driver_position_cmd
38.7934,position,1785151816.373078,1.903,/vehicle/driver_position_cmd
38.8496,velocity,1785151816.423100,0.757,/vehicle/driver_position_cmd
38.8503,position,1785151816.423100,1.468,/vehicle/driver_position_cmd
38.8800,velocity,1785151816.430951,0.462,/vehicle/rear_bogie_velocity
38.8807,position,1785151816.430951,1.109,/vehicle/rear_bogie_velocity
38.8932,velocity,1785151816.473060,0.681,/vehicle/driver_position_cmd
38.8938,position,1785151816.473060,1.304,/vehicle/driver_position_cmd
38.9430,velocity,1785151816.523119,1.579,/vehicle/driver_position_cmd
38.9436,position,1785151816.523119,2.214,/vehicle/driver_position_cmd
38.9811,velocity,1785151816.498935,0.899,/vehicle/rear_bogie_velocity
38.9819,position,1785151816.498935,1.647,/vehicle/rear_bogie_velocity
38.9950,velocity,1785151816.573074,0.917,/vehicle/driver_position_cmd
38.9957,position,1785151816.573074,1.546,/vehicle/driver_position_cmd
39.0500,velocity,1785151816.623065,1.115,/vehicle/driver_position_cmd
39.0510,position,1785151816.623065,2.055,/vehicle/driver_position_cmd
39.0785,velocity,1785151816.588925,0.887,/vehicle/rear_bogie_velocity
39.0791,position,1785151816.588925,1.494,/vehicle/rear_bogie_velocity
39.0968,velocity,1785151816.673076,0.937,/vehicle/driver_position_cmd
39.0976,position,1785151816.673076,1.755,/vehicle/driver_position_cmd
39.1517,velocity,1785151816.723091,0.927,/vehicle/driver_position_cmd
39.1526,position,1785151816.723091,1.828,/vehicle/driver_position_cmd
39.1879,velocity,1785151816.686931,0.867,/vehicle/rear_bogie_velocity
39.1888,position,1785151816.686931,1.716,/vehicle/rear_bogie_velocity
39.1915,velocity,1785151816.773077,0.869,/vehicle/driver_position_cmd
39.1921,position,1785151816.773077,1.459,/vehicle/driver_position_cmd
39.2437,velocity,1785151816.823079,0.652,/vehicle/driver_position_cmd
39.2442,position,1785151816.823079,1.134,/vehicle/driver_position_cmd
39.2776,velocity,1785151816.804877,0.205,/vehicle/rear_bogie_velocity
39.2778,position,1785151816.804877,0.406,/vehicle/rear_bogie_velocity
39.2905,velocity,1785151816.873080,0.215,/vehicle/driver_position_cmd
39.2907,position,1785151816.873080,0.390,/vehicle/driver_position_cmd
39.3410,velocity,1785151816.923069,0.344,/vehicle/driver_position_cmd
39.3411,position,1785151816.923069,0.467,/vehicle/driver_position_cmd
39.3811,velocity,1785151816.892829,0.215,/vehicle/rear_bogie_velocity
39.3813,position,1785151816.892829,0.490,/vehicle/rear_bogie_velocity
39.3917,velocity,1785151816.973091,0.670,/vehicle/driver_position_cmd
39.3922,position,1785151816.973091,1.223,/vehicle/driver_position_cmd
39.4438,velocity,1785151817.023098,1.127,/vehicle/driver_position_cmd
39.4446,position,1785151817.023098,1.893,/vehicle/driver_position_cmd
39.4856,velocity,1785151816.988800,0.603,/vehicle/rear_bogie_velocity
39.4865,position,1785151816.988800,1.509,/vehicle/rear_bogie_velocity
39.4921,velocity,1785151817.073070,1.045,/vehicle/driver_position_cmd
39.4933,position,1785151817.073070,2.247,/vehicle/driver_position_cmd
39.5429,velocity,1785151817.123117,2.257,/vehicle/driver_position_cmd
39.5438,position,1785151817.123117,3.176,/vehicle/driver_position_cmd
39.5836,velocity,1785151817.086777,0.824,/vehicle/rear_bogie_velocity
39.5845,position,1785151817.086777,1.676,/vehicle/rear_bogie_velocity
39.5914,velocity,1785151817.173089,0.846,/vehicle/driver_position_cmd
39.5926,position,1785151817.173089,2.053,/vehicle/driver_position_cmd
39.6468,velocity,1785151817.223066,1.034,/vehicle/driver_position_cmd
39.6475,position,1785151817.223066,1.680,/vehicle/driver_position_cmd
39.6856,velocity,1785151817.186745,0.628,/vehicle/rear_bogie_velocity
39.6862,position,1785151817.186745,1.265,/vehicle/rear_bogie_velocity
39.6937,velocity,1785151817.273103,1.435,/vehicle/driver_position_cmd
39.6945,position,1785151817.273103,2.272,/vehicle/driver_position_cmd
39.7452,velocity,1785151817.323129,0.910,/vehicle/driver_position_cmd
39.7460,position,1785151817.323129,1.715,/vehicle/driver_position_cmd
39.7868,velocity,1785151817.300724,0.882,/vehicle/rear_bogie_velocity
39.7877,position,1785151817.300724,1.775,/vehicle/rear_bogie_velocity
39.7922,velocity,1785151817.373102,1.156,/vehicle/driver_position_cmd
39.7931,position,1785151817.373102,2.088,/vehicle/driver_position_cmd
39.8444,velocity,1785151817.423090,1.007,/vehicle/driver_position_cmd
39.8453,position,1785151817.423090,1.901,/vehicle/driver_position_cmd
39.8810,velocity,1785151817.422684,0.656,/vehicle/rear_bogie_velocity
39.8819,position,1785151817.422684,1.542,/vehicle/rear_bogie_velocity
39.8929,velocity,1785151817.473077,1.286,/vehicle/driver_position_cmd
39.8937,position,1785151817.473077,2.071,/vehicle/driver_position_cmd
39.9517,velocity,1785151817.523115,0.945,/vehicle/driver_position_cmd
39.9526,position,1785151817.523115,1.840,/vehicle/driver_position_cmd
39.9855,velocity,1785151817.498673,0.596,/vehicle/rear_bogie_velocity
39.9863,position,1785151817.498673,1.382,/vehicle/rear_bogie_velocity
39.9933,velocity,1785151817.573072,1.007,/vehicle/driver_position_cmd
39.9942,position,1785151817.573072,1.917,/vehicle/driver_position_cmd
40.0514,velocity,1785151817.623108,0.981,/vehicle/driver_position_cmd
40.0521,position,1785151817.623108,1.701,/vehicle/driver_position_cmd
40.0791,velocity,1785151817.586640,0.563,/vehicle/rear_bogie_velocity
40.0798,position,1785151817.586640,1.258,/vehicle/rear_bogie_velocity
40.0956,velocity,1785151817.673059,0.550,/vehicle/driver_position_cmd
40.0961,position,1785151817.673059,1.062,/vehicle/driver_position_cmd
40.1445,velocity,1785151817.723099,0.789,/vehicle/driver_position_cmd
40.1451,position,1785151817.723099,1.413,/vehicle/driver_position_cmd
40.1797,velocity,1785151817.684613,0.563,/vehicle/rear_bogie_velocity
40.1805,position,1785151817.684613,1.398,/vehicle/rear_bogie_velocity
40.1961,velocity,1785151817.773111,0.919,/vehicle/driver_position_cmd
40.1970,position,1785151817.773111,1.762,/vehicle/driver_position_cmd
40.2449,velocity,1785151817.823082,0.904,/vehicle/driver_position_cmd
40.2455,position,1785151817.823082,1.523,/vehicle/driver_position_cmd
40.2860,velocity,1785151817.796582,1.040,/vehicle/rear_bogie_velocity
40.2869,position,1785151817.796582,1.891,/vehicle/rear_bogie_velocity
40.2929,velocity,1785151817.873103,1.070,/vehicle/driver_position_cmd
40.2932,position,1785151817.873103,1.367,/vehicle/driver_position_cmd
40.3404,velocity,1785151817.923063,0.289,/vehicle/driver_position_cmd
40.3406,position,1785151817.923063,0.520,/vehicle/driver_position_cmd
40.3875,velocity,1785151817.890557,0.420,/vehicle/rear_bogie_velocity
40.3879,position,1785151817.890557,0.824,/vehicle/rear_bogie_velocity
40.3915,velocity,1785151817.973086,0.454,/vehicle/driver_position_cmd
40.3919,position,1785151817.973086,0.812,/vehicle/driver_position_cmd
40.4422,velocity,1785151818.023060,0.612,/vehicle/driver_position_cmd
40.4427,position,1785151818.023060,1.178,/vehicle/driver_position_cmd
40.4794,velocity,1785151817.990525,0.543,/vehicle/rear_bogie_velocity
40.4801,position,1785151817.990525,1.341,/vehicle/rear_bogie_velocity
40.4974,velocity,1785151818.073088,0.998,/vehicle/driver_position_cmd
40.4981,position,1785151818.073088,1.753,/vehicle/driver_position_cmd
40.5424,velocity,1785151818.123090,0.866,/vehicle/driver_position_cmd
40.5430,position,1785151818.123090,1.505,/vehicle/driver_position_cmd
40.5833,velocity,1785151818.086515,0.673,/vehicle/rear_bogie_velocity
40.5842,position,1785151818.086515,1.568,/vehicle/rear_bogie_velocity
40.5934,velocity,1785151818.173074,1.252,/vehicle/driver_position_cmd
40.5940,position,1785151818.173074,1.885,/vehicle/driver_position_cmd
40.6434,velocity,1785151818.223082,1.206,/vehicle/driver_position_cmd
40.6442,position,1785151818.223082,2.070,/vehicle/driver_position_cmd
40.6800,velocity,1785151818.192483,0.633,/vehicle/rear_bogie_velocity
40.6809,position,1785151818.192483,1.525,/vehicle/rear_bogie_velocity
40.6950,velocity,1785151818.273072,0.895,/vehicle/driver_position_cmd
40.6958,position,1785151818.273072,1.741,/vehicle/driver_position_cmd
40.7464,velocity,1785151818.323073,0.949,/vehicle/driver_position_cmd
40.7472,position,1785151818.323073,1.788,/vehicle/driver_position_cmd
40.7848,velocity,1785151818.298436,0.629,/vehicle/rear_bogie_velocity
40.7856,position,1785151818.298436,1.426,/vehicle/rear_bogie_velocity
40.7925,velocity,1785151818.373080,0.459,/vehicle/driver_position_cmd
40.7929,position,1785151818.373080,0.855,/vehicle/driver_position_cmd
40.8444,velocity,1785151818.423092,0.787,/vehicle/driver_position_cmd
40.8451,position,1785151818.423092,1.498,/vehicle/driver_position_cmd
40.8858,velocity,1785151818.402414,0.546,/vehicle/rear_bogie_velocity
40.8865,position,1785151818.402414,1.241,/vehicle/rear_bogie_velocity
40.8920,velocity,1785151818.473079,0.633,/vehicle/driver_position_cmd
40.8925,position,1785151818.473079,1.191,/vehicle/driver_position_cmd
40.9475,velocity,1785151818.523087,0.725,/vehicle/driver_position_cmd
40.9483,position,1785151818.523087,1.459,/vehicle/driver_position_cmd
40.9785,velocity,1785151818.504391,0.449,/vehicle/rear_bogie_velocity
40.9792,position,1785151818.504391,1.166,/vehicle/rear_bogie_velocity
40.9925,velocity,1785151818.573065,1.116,/vehicle/driver_position_cmd
40.9933,position,1785151818.573065,1.888,/vehicle/driver_position_cmd
41.0511,velocity,1785151818.623080,0.830,/vehicle/driver_position_cmd
41.0515,position,1785151818.623080,1.237,/vehicle/driver_position_cmd
41.0795,velocity,1785151818.596362,0.469,/vehicle/rear_bogie_velocity
41.0802,position,1785151818.596362,1.201,/vehicle/rear_bogie_velocity
41.0932,velocity,1785151818.673089,0.534,/vehicle/driver_position_cmd
41.0936,position,1785151818.673089,0.961,/vehicle/driver_position_cmd
41.1484,velocity,1785151818.723068,0.766,/vehicle/driver_position_cmd
41.1489,position,1785151818.723068,1.331,/vehicle/driver_position_cmd
41.1792,velocity,1785151818.696327,0.481,/vehicle/rear_bogie_velocity
41.1801,position,1785151818.696327,1.319,/vehicle/rear_bogie_velocity
41.1928,velocity,1785151818.773078,1.298,/vehicle/driver_position_cmd
41.1937,position,1785151818.773078,2.169,/vehicle/driver_position_cmd
41.2427,velocity,1785151818.823070,1.054,/vehicle/driver_position_cmd
41.2434,position,1785151818.823070,1.683,/vehicle/driver_position_cmd
41.2796,velocity,1785151818.790308,0.767,/vehicle/rear_bogie_velocity
41.2800,position,1785151818.790308,1.228,/vehicle/rear_bogie_velocity
41.2929,velocity,1785151818.873115,0.750,/vehicle/driver_position_cmd
41.2935,position,1785151818.873115,1.283,/vehicle/driver_position_cmd
41.3512,velocity,1785151818.923080,0.985,/vehicle/driver_position_cmd
41.3518,position,1785151818.923080,1.579,/vehicle/driver_position_cmd
41.3805,velocity,1785151818.892277,0.828,/vehicle/rear_bogie_velocity
41.3813,position,1785151818.892277,1.599,/vehicle/rear_bogie_velocity
41.3920,velocity,1785151818.973116,1.160,/vehicle/driver_position_cmd
41.3928,position,1785151818.973116,2.027,/vehicle/driver_position_cmd
41.4418,velocity,1785151819.023077,0.800,/vehicle/driver_position_cmd
41.4425,position,1785151819.023077,1.496,/vehicle/driver_position_cmd
41.4796,velocity,1785151818.988241,0.471,/vehicle/rear_bogie_velocity
41.4803,position,1785151818.988241,1.192,/vehicle/rear_bogie_velocity
41.4924,velocity,1785151819.073100,0.883,/vehicle/driver_position_cmd
41.4928,position,1785151819.073100,1.336,/vehicle/driver_position_cmd
41.5420,velocity,1785151819.123071,0.697,/vehicle/driver_position_cmd
41.5425,position,1785151819.123071,1.151,/vehicle/driver_position_cmd
41.5786,velocity,1785151819.088215,0.502,/vehicle/rear_bogie_velocity
41.5794,position,1785151819.088215,1.255,/vehicle/rear_bogie_velocity
41.5916,velocity,1785151819.173098,0.619,/vehicle/driver_position_cmd
41.5926,position,1785151819.173098,1.589,/vehicle/driver_position_cmd
41.6510,velocity,1785151819.223102,1.023,/vehicle/driver_position_cmd
41.6516,position,1785151819.223102,1.661,/vehicle/driver_position_cmd
41.6854,velocity,1785151819.190190,0.887,/vehicle/rear_bogie_velocity
41.6862,position,1785151819.190190,1.737,/vehicle/rear_bogie_velocity
41.6925,velocity,1785151819.273093,0.880,/vehicle/driver_position_cmd
41.6934,position,1785151819.273093,1.764,/vehicle/driver_position_cmd
41.7422,velocity,1785151819.323063,0.906,/vehicle/driver_position_cmd
41.7428,position,1785151819.323063,1.433,/vehicle/driver_position_cmd
41.7865,velocity,1785151819.288170,0.784,/vehicle/rear_bogie_velocity
41.7872,position,1785151819.288170,1.488,/vehicle/rear_bogie_velocity
41.7927,velocity,1785151819.373066,1.300,/vehicle/driver_position_cmd
41.7934,position,1785151819.373066,2.021,/vehicle/driver_position_cmd
41.8460,velocity,1785151819.423182,0.635,/vehicle/driver_position_cmd
41.8472,position,1785151819.423182,1.892,/vehicle/driver_position_cmd
41.8858,velocity,1785151819.404127,0.605,/vehicle/rear_bogie_velocity
41.8865,position,1785151819.404127,1.315,/vehicle/rear_bogie_velocity
41.8929,velocity,1785151819.473080,0.989,/vehicle/driver_position_cmd
41.8935,position,1785151819.473080,1.546,/vehicle/driver_position_cmd
41.9442,velocity,1785151819.523106,1.038,/vehicle/driver_position_cmd
41.9448,position,1785151819.523106,1.721,/vehicle/driver_position_cmd
41.9835,velocity,1785151819.552092,0.865,/vehicle/rear_bogie_velocity
41.9841,position,1785151819.552092,1.472,/vehicle/rear_bogie_velocity
41.9929,velocity,1785151819.573088,1.541,/vehicle/driver_position_cmd
41.9940,position,1785151819.573088,2.672,/vehicle/driver_position_cmd
42.0511,velocity,1785151819.623111,0.966,/vehicle/driver_position_cmd
42.0520,position,1785151819.623111,1.833,/vehicle/driver_position_cmd
42.0798,velocity,1785151819.612360,0.639,/vehicle/rear_bogie_velocity
42.0806,position,1785151819.612360,1.461,/vehicle/rear_bogie_velocity
42.0946,velocity,1785151819.673069,0.983,/vehicle/driver_position_cmd
42.0954,position,1785151819.673069,1.841,/vehicle/driver_position_cmd
42.1455,velocity,1785151819.723140,0.629,/vehicle/driver_position_cmd
42.1461,position,1785151819.723140,1.280,/vehicle/driver_position_cmd
42.1835,velocity,1785151819.690061,0.605,/vehicle/rear_bogie_velocity
42.1841,position,1785151819.690061,1.241,/vehicle/rear_bogie_velocity
42.1924,velocity,1785151819.773090,1.166,/vehicle/driver_position_cmd
42.1936,position,1785151819.773090,2.314,/vehicle/driver_position_cmd
42.2518,velocity,1785151819.823102,0.991,/vehicle/driver_position_cmd
42.2526,position,1785151819.823102,1.773,/vehicle/driver_position_cmd
42.2855,velocity,1785151819.796040,0.662,/vehicle/rear_bogie_velocity
42.2866,position,1785151819.796040,1.837,/vehicle/rear_bogie_velocity
42.2917,velocity,1785151819.873109,0.652,/vehicle/driver_position_cmd
42.2923,position,1785151819.873109,1.261,/vehicle/driver_position_cmd
42.3433,velocity,1785151819.923081,1.114,/vehicle/driver_position_cmd
42.3440,position,1785151819.923081,1.856,/vehicle/driver_position_cmd
42.3798,velocity,1785151819.885996,0.649,/vehicle/rear_bogie_velocity
42.3808,position,1785151819.885996,1.577,/vehicle/rear_bogie_velocity
42.3953,velocity,1785151819.973075,0.956,/vehicle/driver_position_cmd
42.3960,position,1785151819.973075,1.699,/vehicle/driver_position_cmd
42.4454,velocity,1785151820.023116,0.990,/vehicle/driver_position_cmd
42.4463,position,1785151820.023116,1.856,/vehicle/driver_position_cmd
42.4825,velocity,1785151819.987968,0.377,/vehicle/rear_bogie_velocity
42.4830,position,1785151819.987968,0.888,/vehicle/rear_bogie_velocity
42.4923,velocity,1785151820.073105,0.691,/vehicle/driver_position_cmd
42.4927,position,1785151820.073105,1.107,/vehicle/driver_position_cmd
42.5476,velocity,1785151820.123084,0.462,/vehicle/driver_position_cmd
42.5482,position,1785151820.123084,1.017,/vehicle/driver_position_cmd
42.5920,velocity,1785151820.173096,1.439,/vehicle/driver_position_cmd
42.5933,position,1785151820.173096,2.685,/vehicle/driver_position_cmd
42.6464,velocity,1785151820.223068,1.086,/vehicle/driver_position_cmd
42.6473,position,1785151820.223068,1.988,/vehicle/driver_position_cmd
42.6880,velocity,1785151820.203907,0.656,/vehicle/rear_bogie_velocity
42.6889,position,1785151820.203907,1.560,/vehicle/rear_bogie_velocity
42.6918,velocity,1785151820.273101,0.920,/vehicle/driver_position_cmd
42.6922,position,1785151820.273101,1.368,/vehicle/driver_position_cmd
42.7518,velocity,1785151820.323095,0.948,/vehicle/driver_position_cmd
42.7525,position,1785151820.323095,1.686,/vehicle/driver_position_cmd
42.7792,velocity,1785151820.293892,0.694,/vehicle/rear_bogie_velocity
42.7800,position,1785151820.293892,1.535,/vehicle/rear_bogie_velocity
42.7934,velocity,1785151820.373084,1.117,/vehicle/driver_position_cmd
42.7941,position,1785151820.373084,1.737,/vehicle/driver_position_cmd
42.8438,velocity,1785151820.423061,1.047,/vehicle/driver_position_cmd
42.8445,position,1785151820.423061,1.678,/vehicle/driver_position_cmd
42.8822,velocity,1785151820.407857,0.710,/vehicle/rear_bogie_velocity
42.8831,position,1785151820.407857,1.668,/vehicle/rear_bogie_velocity
42.8957,velocity,1785151820.473092,1.078,/vehicle/driver_position_cmd
42.8965,position,1785151820.473092,1.921,/vehicle/driver_position_cmd
42.9519,velocity,1785151820.523077,1.040,/vehicle/driver_position_cmd
42.9528,position,1785151820.523077,1.963,/vehicle/driver_position_cmd
42.9792,velocity,1785151820.503826,0.691,/vehicle/rear_bogie_velocity
42.9801,position,1785151820.503826,1.551,/vehicle/rear_bogie_velocity
42.9959,velocity,1785151820.573078,1.106,/vehicle/driver_position_cmd
42.9968,position,1785151820.573078,2.025,/vehicle/driver_position_cmd
43.0518,velocity,1785151820.623085,0.983,/vehicle/driver_position_cmd
43.0524,position,1785151820.623085,1.586,/vehicle/driver_position_cmd
43.0800,velocity,1785151820.609791,0.912,/vehicle/rear_bogie_velocity
43.0810,position,1785151820.609791,1.824,/vehicle/rear_bogie_velocity
43.0932,velocity,1785151820.673087,1.134,/vehicle/driver_position_cmd
43.0939,position,1785151820.673087,1.791,/vehicle/driver_position_cmd
43.1439,velocity,1785151820.723103,1.185,/vehicle/driver_position_cmd
43.1444,position,1785151820.723103,1.659,/vehicle/driver_position_cmd
43.1805,velocity,1785151820.723768,0.570,/vehicle/rear_bogie_velocity
43.1814,position,1785151820.723768,1.478,/vehicle/rear_bogie_velocity
43.1915,velocity,1785151820.773086,0.916,/vehicle/driver_position_cmd
43.1923,position,1785151820.773086,1.718,/vehicle/driver_position_cmd
43.2455,velocity,1785151820.823075,0.401,/vehicle/driver_position_cmd
43.2459,position,1785151820.823075,0.778,/vehicle/driver_position_cmd
43.2806,velocity,1785151820.805743,0.321,/vehicle/rear_bogie_velocity
43.2811,position,1785151820.805743,0.797,/vehicle/rear_bogie_velocity
43.2932,velocity,1785151820.873113,0.720,/vehicle/driver_position_cmd
43.2938,position,1785151820.873113,1.328,/vehicle/driver_position_cmd
43.3506,velocity,1785151820.923075,0.744,/vehicle/driver_position_cmd
43.3513,position,1785151820.923075,1.479,/vehicle/driver_position_cmd
43.3854,velocity,1785151820.897722,0.567,/vehicle/rear_bogie_velocity
43.3860,position,1785151820.897722,1.229,/vehicle/rear_bogie_velocity
43.3925,velocity,1785151820.973085,0.902,/vehicle/driver_position_cmd
43.3933,position,1785151820.973085,1.750,/vehicle/driver_position_cmd
43.4431,velocity,1785151821.023083,0.937,/vehicle/driver_position_cmd
43.4439,position,1785151821.023083,1.666,/vehicle/driver_position_cmd
43.4848,velocity,1785151820.995697,0.694,/vehicle/rear_bogie_velocity
43.4856,position,1785151820.995697,1.541,/vehicle/rear_bogie_velocity
43.4912,velocity,1785151821.073093,1.038,/vehicle/driver_position_cmd
43.4923,position,1785151821.073093,2.152,/vehicle/driver_position_cmd
43.5483,velocity,1785151821.123091,0.620,/vehicle/driver_position_cmd
43.5490,position,1785151821.123091,1.335,/vehicle/driver_position_cmd
43.5782,velocity,1785151821.085676,0.741,/vehicle/rear_bogie_velocity
43.5793,position,1785151821.085676,1.763,/vehicle/rear_bogie_velocity
43.5928,velocity,1785151821.173085,1.728,/vehicle/driver_position_cmd
43.5938,position,1785151821.173085,2.742,/vehicle/driver_position_cmd
43.6432,velocity,1785151821.223072,1.571,/vehicle/driver_position_cmd
43.6442,position,1785151821.223072,2.544,/vehicle/driver_position_cmd
43.6854,velocity,1785151821.185645,0.571,/vehicle/rear_bogie_velocity
43.6861,position,1785151821.185645,1.316,/vehicle/rear_bogie_velocity
43.6909,velocity,1785151821.273088,0.543,/vehicle/driver_position_cmd
43.6915,position,1785151821.273088,1.072,/vehicle/driver_position_cmd
43.7451,velocity,1785151821.323093,0.968,/vehicle/driver_position_cmd
43.7456,position,1785151821.323093,1.546,/vehicle/driver_position_cmd
43.7810,velocity,1785151821.299611,0.674,/vehicle/rear_bogie_velocity
43.7820,position,1785151821.299611,1.711,/vehicle/rear_bogie_velocity
43.7909,velocity,1785151821.373099,1.293,/vehicle/driver_position_cmd
43.7917,position,1785151821.373099,2.101,/vehicle/driver_position_cmd
43.8500,velocity,1785151821.423084,0.884,/vehicle/driver_position_cmd
43.8509,position,1785151821.423084,1.838,/vehicle/driver_position_cmd
43.8845,velocity,1785151821.403578,0.633,/vehicle/rear_bogie_velocity
43.8852,position,1785151821.403578,1.277,/vehicle/rear_bogie_velocity
43.8920,velocity,1785151821.473069,1.073,/vehicle/driver_position_cmd
43.8930,position,1785151821.473069,2.129,/vehicle/driver_position_cmd
43.9422,velocity,1785151821.523194,1.272,/vehicle/driver_position_cmd
43.9428,position,1785151821.523194,1.956,/vehicle/driver_position_cmd
43.9790,velocity,1785151821.495542,0.807,/vehicle/rear_bogie_velocity
43.9794,position,1785151821.495542,1.232,/vehicle/rear_bogie_velocity
43.9921,velocity,1785151821.573079,0.776,/vehicle/driver_position_cmd
43.9929,position,1785151821.573079,1.516,/vehicle/driver_position_cmd
44.0427,velocity,1785151821.623101,0.873,/vehicle/driver_position_cmd
44.0435,position,1785151821.623101,1.685,/vehicle/driver_position_cmd
44.0810,velocity,1785151821.597521,0.567,/vehicle/rear_bogie_velocity
44.0818,position,1785151821.597521,1.368,/vehicle/rear_bogie_velocity
44.0924,velocity,1785151821.673090,1.127,/vehicle/driver_position_cmd
44.0933,position,1785151821.673090,1.987,/vehicle/driver_position_cmd
44.1492,velocity,1785151821.723105,0.989,/vehicle/driver_position_cmd
44.1497,position,1785151821.723105,1.511,/vehicle/driver_position_cmd
44.1834,velocity,1785151821.689497,0.364,/vehicle/rear_bogie_velocity
44.1839,position,1785151821.689497,0.834,/vehicle/rear_bogie_velocity
44.1915,velocity,1785151821.773107,0.387,/vehicle/driver_position_cmd
44.1921,position,1785151821.773107,0.947,/vehicle/driver_position_cmd
44.2463,velocity,1785151821.823099,0.910,/vehicle/driver_position_cmd
44.2471,position,1785151821.823099,1.752,/vehicle/driver_position_cmd
44.2790,velocity,1785151821.797473,0.794,/vehicle/rear_bogie_velocity
44.2794,position,1785151821.797473,1.191,/vehicle/rear_bogie_velocity
44.2912,velocity,1785151821.873082,0.657,/vehicle/driver_position_cmd
44.2918,position,1785151821.873082,1.225,/vehicle/driver_position_cmd
44.3514,velocity,1785151821.923096,0.908,/vehicle/driver_position_cmd
44.3523,position,1785151821.923096,1.880,/vehicle/driver_position_cmd
44.3840,velocity,1785151821.891446,0.778,/vehicle/rear_bogie_velocity
44.3844,position,1785151821.891446,1.181,/vehicle/rear_bogie_velocity
44.3911,velocity,1785151821.973092,0.675,/vehicle/driver_position_cmd
44.3915,position,1785151821.973092,1.081,/vehicle/driver_position_cmd
44.4485,velocity,1785151822.023109,1.026,/vehicle/driver_position_cmd
44.4493,position,1785151822.023109,1.866,/vehicle/driver_position_cmd
44.4802,velocity,1785151821.995463,0.703,/vehicle/rear_bogie_velocity
44.4810,position,1785151821.995463,1.581,/vehicle/rear_bogie_velocity
44.4919,velocity,1785151822.073071,0.826,/vehicle/driver_position_cmd
44.4924,position,1785151822.073071,1.352,/vehicle/driver_position_cmd
44.5429,velocity,1785151822.123073,1.663,/vehicle/driver_position_cmd
44.5437,position,1785151822.123073,2.419,/vehicle/driver_position_cmd
44.5800,velocity,1785151822.087391,0.592,/vehicle/rear_bogie_velocity
44.5806,position,1785151822.087391,1.260,/vehicle/rear_bogie_velocity
44.5898,velocity,1785151822.173077,0.448,/vehicle/driver_position_cmd
44.5903,position,1785151822.173077,0.906,/vehicle/driver_position_cmd
44.6415,velocity,1785151822.223078,0.279,/vehicle/driver_position_cmd
44.6418,position,1785151822.223078,0.576,/vehicle/driver_position_cmd
44.6774,velocity,1785151822.183361,0.253,/vehicle/rear_bogie_velocity
44.6776,position,1785151822.183361,0.481,/vehicle/rear_bogie_velocity
44.6903,velocity,1785151822.273099,0.252,/vehicle/driver_position_cmd
44.6905,position,1785151822.273099,0.472,/vehicle/driver_position_cmd
44.7420,velocity,1785151822.323123,0.646,/vehicle/driver_position_cmd
44.7424,position,1785151822.323123,1.081,/vehicle/driver_position_cmd
44.7793,velocity,1785151822.297329,0.664,/vehicle/rear_bogie_velocity
44.7800,position,1785151822.297329,1.387,/vehicle/rear_bogie_velocity
44.7913,velocity,1785151822.373082,0.878,/vehicle/driver_position_cmd
44.7928,position,1785151822.373082,2.349,/vehicle/driver_position_cmd
44.8419,velocity,1785151822.423077,1.193,/vehicle/driver_position_cmd
44.8425,position,1785151822.423077,1.794,/vehicle/driver_position_cmd
44.8785,velocity,1785151822.409306,0.368,/vehicle/rear_bogie_velocity
44.8791,position,1785151822.409306,0.971,/vehicle/rear_bogie_velocity
44.8926,velocity,1785151822.473087,1.423,/vehicle/driver_position_cmd
44.8933,position,1785151822.473087,2.199,/vehicle/driver_position_cmd
44.9424,velocity,1785151822.523108,1.346,/vehicle/driver_position_cmd
44.9433,position,1785151822.523108,2.250,/vehicle/driver_position_cmd
44.9787,velocity,1785151822.497276,0.636,/vehicle/rear_bogie_velocity
44.9796,position,1785151822.497276,1.476,/vehicle/rear_bogie_velocity
44.9919,velocity,1785151822.573084,1.274,/vehicle/driver_position_cmd
44.9927,position,1785151822.573084,2.159,/vehicle/driver_position_cmd
45.0428,velocity,1785151822.623106,1.525,/vehicle/driver_position_cmd
45.0435,position,1785151822.623106,2.212,/vehicle/driver_position_cmd
45.0787,velocity,1785151822.607239,0.599,/vehicle/rear_bogie_velocity
45.0794,position,1785151822.607239,1.297,/vehicle/rear_bogie_velocity
45.0925,velocity,1785151822.673108,1.384,/vehicle/driver_position_cmd
45.0935,position,1785151822.673108,2.383,/vehicle/driver_position_cmd
45.1456,velocity,1785151822.723083,0.614,/vehicle/driver_position_cmd
45.1463,position,1785151822.723083,1.407,/vehicle/driver_position_cmd
45.1852,velocity,1785151822.691239,0.634,/vehicle/rear_bogie_velocity
45.1861,position,1785151822.691239,1.473,/vehicle/rear_bogie_velocity
45.1932,velocity,1785151822.773064,0.888,/vehicle/driver_position_cmd
45.1939,position,1785151822.773064,1.630,/vehicle/driver_position_cmd
45.2464,velocity,1785151822.823097,0.968,/vehicle/driver_position_cmd
45.2472,position,1785151822.823097,1.706,/vehicle/driver_position_cmd
45.2799,velocity,1785151822.801190,0.611,/vehicle/rear_bogie_velocity
45.2807,position,1785151822.801190,1.423,/vehicle/rear_bogie_velocity
45.2912,velocity,1785151822.873111,0.778,/vehicle/driver_position_cmd
45.2921,position,1785151822.873111,1.660,/vehicle/driver_position_cmd
45.3511,velocity,1785151822.923060,0.518,/vehicle/driver_position_cmd
45.3515,position,1785151822.923060,0.942,/vehicle/driver_position_cmd
45.3845,velocity,1785151822.901155,0.565,/vehicle/rear_bogie_velocity
45.3854,position,1785151822.901155,1.376,/vehicle/rear_bogie_velocity
45.3933,velocity,1785151822.973091,0.966,/vehicle/driver_position_cmd
45.3942,position,1785151822.973091,1.849,/vehicle/driver_position_cmd
45.4455,velocity,1785151823.023087,0.952,/vehicle/driver_position_cmd
45.4462,position,1785151823.023087,1.626,/vehicle/driver_position_cmd
45.4846,velocity,1785151822.999133,0.834,/vehicle/rear_bogie_velocity
45.4852,position,1785151822.999133,1.427,/vehicle/rear_bogie_velocity
45.4937,velocity,1785151823.073103,0.647,/vehicle/driver_position_cmd
45.4942,position,1785151823.073103,1.217,/vehicle/driver_position_cmd
45.5424,velocity,1785151823.123085,0.928,/vehicle/driver_position_cmd
45.5431,position,1785151823.123085,1.663,/vehicle/driver_position_cmd
45.5882,velocity,1785151823.087121,0.665,/vehicle/rear_bogie_velocity
45.5891,position,1785151823.087121,1.562,/vehicle/rear_bogie_velocity
45.5912,velocity,1785151823.173103,1.615,/vehicle/driver_position_cmd
45.5919,position,1785151823.173103,2.290,/vehicle/driver_position_cmd
45.6493,velocity,1785151823.223083,0.967,/vehicle/driver_position_cmd
45.6503,position,1785151823.223083,1.908,/vehicle/driver_position_cmd
45.6809,velocity,1785151823.187084,0.602,/vehicle/rear_bogie_velocity
45.6817,position,1785151823.187084,1.368,/vehicle/rear_bogie_velocity
45.6943,velocity,1785151823.273129,0.771,/vehicle/driver_position_cmd
45.6951,position,1785151823.273129,1.603,/vehicle/driver_position_cmd
45.7517,velocity,1785151823.323125,0.982,/vehicle/driver_position_cmd
45.7526,position,1785151823.323125,1.866,/vehicle/driver_position_cmd
45.7822,velocity,1785151823.295064,0.668,/vehicle/rear_bogie_velocity
45.7831,position,1785151823.295064,1.507,/vehicle/rear_bogie_velocity
45.7913,velocity,1785151823.373111,0.739,/vehicle/driver_position_cmd
45.7920,position,1785151823.373111,1.420,/vehicle/driver_position_cmd
45.8455,velocity,1785151823.423115,0.961,/vehicle/driver_position_cmd
45.8463,position,1785151823.423115,1.816,/vehicle/driver_position_cmd
45.8810,velocity,1785151823.405029,0.610,/vehicle/rear_bogie_velocity
45.8818,position,1785151823.405029,1.460,/vehicle/rear_bogie_velocity
45.8926,velocity,1785151823.473091,1.422,/vehicle/driver_position_cmd
45.8931,position,1785151823.473091,1.997,/vehicle/driver_position_cmd
45.9452,velocity,1785151823.523082,0.807,/vehicle/driver_position_cmd
45.9460,position,1785151823.523082,1.628,/vehicle/driver_position_cmd
45.9866,velocity,1785151823.494997,0.614,/vehicle/rear_bogie_velocity
45.9875,position,1785151823.494997,1.492,/vehicle/rear_bogie_velocity
45.9905,velocity,1785151823.573064,0.770,/vehicle/driver_position_cmd
45.9911,position,1785151823.573064,1.347,/vehicle/driver_position_cmd
46.0448,velocity,1785151823.623061,0.965,/vehicle/driver_position_cmd
46.0454,position,1785151823.623061,1.558,/vehicle/driver_position_cmd
46.0840,velocity,1785151823.594964,0.360,/vehicle/rear_bogie_velocity
46.0845,position,1785151823.594964,0.798,/vehicle/rear_bogie_velocity
46.0933,velocity,1785151823.673092,1.195,/vehicle/driver_position_cmd
46.0939,position,1785151823.673092,1.849,/vehicle/driver_position_cmd
46.1518,velocity,1785151823.723097,0.983,/vehicle/driver_position_cmd
46.1527,position,1785151823.723097,1.846,/vehicle/driver_position_cmd
46.1804,velocity,1785151823.698942,0.541,/vehicle/rear_bogie_velocity
46.1811,position,1785151823.698942,1.225,/vehicle/rear_bogie_velocity
46.1954,velocity,1785151823.773068,0.998,/vehicle/driver_position_cmd
46.1962,position,1785151823.773068,1.740,/vehicle/driver_position_cmd
46.2431,velocity,1785151823.823090,1.140,/vehicle/driver_position_cmd
46.2437,position,1785151823.823090,1.748,/vehicle/driver_position_cmd
46.2794,velocity,1785151823.794908,0.626,/vehicle/rear_bogie_velocity
46.2802,position,1785151823.794908,1.468,/vehicle/rear_bogie_velocity
46.2959,velocity,1785151823.873075,0.627,/vehicle/driver_position_cmd
46.2964,position,1785151823.873075,1.125,/vehicle/driver_position_cmd
46.3510,velocity,1785151823.923059,1.029,/vehicle/driver_position_cmd
46.3520,position,1785151823.923059,2.005,/vehicle/driver_position_cmd
46.3803,velocity,1785151823.886884,0.665,/vehicle/rear_bogie_velocity
46.3812,position,1785151823.886884,1.534,/vehicle/rear_bogie_velocity
46.3951,velocity,1785151823.973059,0.928,/vehicle/driver_position_cmd
46.3959,position,1785151823.973059,1.715,/vehicle/driver_position_cmd
46.4429,velocity,1785151824.023092,1.211,/vehicle/driver_position_cmd
46.4435,position,1785151824.023092,1.796,/vehicle/driver_position_cmd
46.4859,velocity,1785151823.992847,0.616,/vehicle/rear_bogie_velocity
46.4868,position,1785151823.992847,1.476,/vehicle/rear_bogie_velocity
46.4928,velocity,1785151824.073093,0.761,/vehicle/driver_position_cmd
46.4937,position,1785151824.073093,1.592,/vehicle/driver_position_cmd
46.5420,velocity,1785151824.123131,1.204,/vehicle/driver_position_cmd
46.5429,position,1785151824.123131,2.117,/vehicle/driver_position_cmd
46.5851,velocity,1785151824.094824,0.634,/vehicle/rear_bogie_velocity
46.5857,position,1785151824.094824,1.258,/vehicle/rear_bogie_velocity
46.5929,velocity,1785151824.173095,0.765,/vehicle/driver_position_cmd
46.5937,position,1785151824.173095,1.584,/vehicle/driver_position_cmd
46.6437,velocity,1785151824.223078,0.888,/vehicle/driver_position_cmd
46.6443,position,1785151824.223078,1.512,/vehicle/driver_position_cmd
46.6843,velocity,1785151824.190798,0.630,/vehicle/rear_bogie_velocity
46.6852,position,1785151824.190798,1.544,/vehicle/rear_bogie_velocity
46.6917,velocity,1785151824.273121,0.942,/vehicle/driver_position_cmd
46.6928,position,1785151824.273121,2.053,/vehicle/driver_position_cmd
46.7448,velocity,1785151824.323102,0.969,/vehicle/driver_position_cmd
46.7455,position,1785151824.323102,1.652,/vehicle/driver_position_cmd
46.7782,velocity,1785151824.300771,0.539,/vehicle/rear_bogie_velocity
46.7790,position,1785151824.300771,1.317,/vehicle/rear_bogie_velocity
46.7959,velocity,1785151824.373107,0.802,/vehicle/driver_position_cmd
46.7963,position,1785151824.373107,1.221,/vehicle/driver_position_cmd
46.8518,velocity,1785151824.423100,0.931,/vehicle/driver_position_cmd
46.8526,position,1785151824.423100,1.716,/vehicle/driver_position_cmd
46.8831,velocity,1785151824.402742,0.525,/vehicle/rear_bogie_velocity
46.8841,position,1785151824.402742,1.519,/vehicle/rear_bogie_velocity
46.8905,velocity,1785151824.473075,0.731,/vehicle/driver_position_cmd
46.8911,position,1785151824.473075,1.290,/vehicle/driver_position_cmd
46.9424,velocity,1785151824.523123,1.093,/vehicle/driver_position_cmd
46.9432,position,1785151824.523123,1.923,/vehicle/driver_position_cmd
46.9850,velocity,1785151824.496714,0.539,/vehicle/rear_bogie_velocity
46.9858,position,1785151824.496714,1.332,/vehicle/rear_bogie_velocity
46.9930,velocity,1785151824.573097,0.805,/vehicle/driver_position_cmd
46.9934,position,1785151824.573097,1.187,/vehicle/driver_position_cmd
47.0451,velocity,1785151824.623079,0.824,/vehicle/driver_position_cmd
47.0458,position,1785151824.623079,1.557,/vehicle/driver_position_cmd
47.0850,velocity,1785151824.594691,0.515,/vehicle/rear_bogie_velocity
47.0858,position,1785151824.594691,1.282,/vehicle/rear_bogie_velocity
47.0912,velocity,1785151824.673108,0.729,/vehicle/driver_position_cmd
47.0915,position,1785151824.673108,0.987,/vehicle/driver_position_cmd
47.1416,velocity,1785151824.723084,0.868,/vehicle/driver_position_cmd
47.1427,position,1785151824.723084,1.923,/vehicle/driver_position_cmd
47.1856,velocity,1785151824.692664,0.593,/vehicle/rear_bogie_velocity
47.1865,position,1785151824.692664,1.433,/vehicle/rear_bogie_velocity
47.1915,velocity,1785151824.773124,1.055,/vehicle/driver_position_cmd
47.1925,position,1785151824.773124,2.056,/vehicle/driver_position_cmd
47.2427,velocity,1785151824.823125,0.567,/vehicle/driver_position_cmd
47.2432,position,1785151824.823125,1.111,/vehicle/driver_position_cmd
47.2785,velocity,1785151824.796636,0.567,/vehicle/rear_bogie_velocity
47.2792,position,1785151824.796636,1.304,/vehicle/rear_bogie_velocity
47.2923,velocity,1785151824.873091,1.172,/vehicle/driver_position_cmd
47.2930,position,1785151824.873091,1.812,/vehicle/driver_position_cmd
47.3421,velocity,1785151824.923071,0.883,/vehicle/driver_position_cmd
47.3427,position,1785151824.923071,1.559,/vehicle/driver_position_cmd
47.3788,velocity,1785151824.890615,0.554,/vehicle/rear_bogie_velocity
47.3795,position,1785151824.890615,1.287,/vehicle/rear_bogie_velocity
47.3908,velocity,1785151824.973070,0.831,/vehicle/driver_position_cmd
47.3912,position,1785151824.973070,1.267,/vehicle/driver_position_cmd
47.4512,velocity,1785151825.023057,0.860,/vehicle/driver_position_cmd
47.4519,position,1785151825.023057,1.578,/vehicle/driver_position_cmd
47.4786,velocity,1785151825.002578,0.500,/vehicle/rear_bogie_velocity
47.4794,position,1785151825.002578,1.247,/vehicle/rear_bogie_velocity
47.4965,velocity,1785151825.073117,0.781,/vehicle/driver_position_cmd
47.4975,position,1785151825.073117,1.724,/vehicle/driver_position_cmd
47.5500,velocity,1785151825.123111,0.934,/vehicle/driver_position_cmd
47.5508,position,1785151825.123111,1.742,/vehicle/driver_position_cmd
47.5795,velocity,1785151825.098558,0.592,/vehicle/rear_bogie_velocity
47.5803,position,1785151825.098558,1.397,/vehicle/rear_bogie_velocity
47.5925,velocity,1785151825.173076,1.044,/vehicle/driver_position_cmd
47.5931,position,1785151825.173076,1.689,/vehicle/driver_position_cmd
47.6477,velocity,1785151825.223065,0.979,/vehicle/driver_position_cmd
47.6487,position,1785151825.223065,1.892,/vehicle/driver_position_cmd
47.6795,velocity,1785151825.198522,0.929,/vehicle/rear_bogie_velocity
47.6802,position,1785151825.198522,1.608,/vehicle/rear_bogie_velocity
47.6970,velocity,1785151825.273092,0.917,/vehicle/driver_position_cmd
47.6978,position,1785151825.273092,1.750,/vehicle/driver_position_cmd
47.7517,velocity,1785151825.323120,0.994,/vehicle/driver_position_cmd
47.7525,position,1785151825.323120,1.833,/vehicle/driver_position_cmd
47.7805,velocity,1785151825.294500,0.872,/vehicle/rear_bogie_velocity
47.7814,position,1785151825.294500,1.731,/vehicle/rear_bogie_velocity
47.7947,velocity,1785151825.373077,0.921,/vehicle/driver_position_cmd
47.7953,position,1785151825.373077,1.562,/vehicle/driver_position_cmd
47.8435,velocity,1785151825.423068,1.114,/vehicle/driver_position_cmd
47.8442,position,1785151825.423068,1.780,/vehicle/driver_position_cmd
47.8856,velocity,1785151825.406465,0.594,/vehicle/rear_bogie_velocity
47.8865,position,1785151825.406465,1.431,/vehicle/rear_bogie_velocity
47.8921,velocity,1785151825.473094,0.911,/vehicle/driver_position_cmd
47.8933,position,1785151825.473094,2.169,/vehicle/driver_position_cmd
47.9516,velocity,1785151825.523098,1.035,/vehicle/driver_position_cmd
47.9522,position,1785151825.523098,1.651,/vehicle/driver_position_cmd
47.9856,velocity,1785151825.516432,0.610,/vehicle/rear_bogie_velocity
47.9865,position,1785151825.516432,1.502,/vehicle/rear_bogie_velocity
47.9917,velocity,1785151825.573056,0.668,/vehicle/driver_position_cmd
47.9924,position,1785151825.573056,1.408,/vehicle/driver_position_cmd
48.0438,velocity,1785151825.623117,1.187,/vehicle/driver_position_cmd
48.0445,position,1785151825.623117,1.890,/vehicle/driver_position_cmd
48.0791,velocity,1785151825.588409,0.681,/vehicle/rear_bogie_velocity
48.0800,position,1785151825.588409,1.601,/vehicle/rear_bogie_velocity
48.0956,velocity,1785151825.673097,0.975,/vehicle/driver_position_cmd
48.0963,position,1785151825.673097,1.644,/vehicle/driver_position_cmd
48.1510,velocity,1785151825.723073,1.071,/vehicle/driver_position_cmd
48.1519,position,1785151825.723073,1.992,/vehicle/driver_position_cmd
48.1799,velocity,1785151825.686388,0.431,/vehicle/rear_bogie_velocity
48.1805,position,1785151825.686388,1.100,/vehicle/rear_bogie_velocity
48.1970,velocity,1785151825.773114,0.936,/vehicle/driver_position_cmd
48.1979,position,1785151825.773114,1.828,/vehicle/driver_position_cmd
48.2449,velocity,1785151825.823074,0.261,/vehicle/driver_position_cmd
48.2451,position,1785151825.823074,0.446,/vehicle/driver_position_cmd
48.2790,velocity,1785151825.794360,0.401,/vehicle/rear_bogie_velocity
48.2793,position,1785151825.794360,0.783,/vehicle/rear_bogie_velocity
48.2915,velocity,1785151825.873096,0.555,/vehicle/driver_position_cmd
48.2921,position,1785151825.873096,1.154,/vehicle/driver_position_cmd
48.3428,velocity,1785151825.923080,1.074,/vehicle/driver_position_cmd
48.3434,position,1785151825.923080,1.663,/vehicle/driver_position_cmd
48.3795,velocity,1785151825.890325,0.757,/vehicle/rear_bogie_velocity
48.3804,position,1785151825.890325,1.683,/vehicle/rear_bogie_velocity
48.3925,velocity,1785151825.973109,1.615,/vehicle/driver_position_cmd
48.3934,position,1785151825.973109,2.507,/vehicle/driver_position_cmd
48.4422,velocity,1785151826.023139,1.285,/vehicle/driver_position_cmd
48.4431,position,1785151826.023139,2.184,/vehicle/driver_position_cmd
48.4792,velocity,1785151825.992299,0.416,/vehicle/rear_bogie_velocity
48.4798,position,1785151825.992299,1.100,/vehicle/rear_bogie_velocity
48.4920,velocity,1785151826.073060,1.475,/vehicle/driver_position_cmd
48.4929,position,1785151826.073060,2.338,/vehicle/driver_position_cmd
48.5418,velocity,1785151826.123086,0.996,/vehicle/driver_position_cmd
48.5425,position,1785151826.123086,1.758,/vehicle/driver_position_cmd
48.5790,velocity,1785151826.090269,0.642,/vehicle/rear_bogie_velocity
48.5797,position,1785151826.090269,1.346,/vehicle/rear_bogie_velocity
48.5924,velocity,1785151826.173116,1.071,/vehicle/driver_position_cmd
48.5933,position,1785151826.173116,2.003,/vehicle/driver_position_cmd
48.6416,velocity,1785151826.223075,0.414,/vehicle/driver_position_cmd
48.6420,position,1785151826.223075,0.856,/vehicle/driver_position_cmd
48.6796,velocity,1785151826.188246,0.783,/vehicle/rear_bogie_velocity
48.6804,position,1785151826.188246,1.576,/vehicle/rear_bogie_velocity
48.6910,velocity,1785151826.273060,0.664,/vehicle/driver_position_cmd
48.6912,position,1785151826.273060,0.824,/vehicle/driver_position_cmd
48.7412,velocity,1785151826.323078,0.389,/vehicle/driver_position_cmd
48.7418,position,1785151826.323078,1.015,/vehicle/driver_position_cmd
48.7786,velocity,1785151826.284239,0.361,/vehicle/rear_bogie_velocity
48.7790,position,1785151826.284239,0.729,/vehicle/rear_bogie_velocity
48.7913,velocity,1785151826.373111,0.372,/vehicle/driver_position_cmd
48.7918,position,1785151826.373111,0.923,/vehicle/driver_position_cmd
48.8416,velocity,1785151826.423096,0.615,/vehicle/driver_position_cmd
48.8421,position,1785151826.423096,1.118,/vehicle/driver_position_cmd
48.8790,velocity,1785151826.402191,0.636,/vehicle/rear_bogie_velocity
48.8799,position,1785151826.402191,1.482,/vehicle/rear_bogie_velocity
48.8919,velocity,1785151826.473092,1.296,/vehicle/driver_position_cmd
48.8926,position,1785151826.473092,1.992,/vehicle/driver_position_cmd
48.9436,velocity,1785151826.523088,0.963,/vehicle/driver_position_cmd
48.9445,position,1785151826.523088,1.856,/vehicle/driver_position_cmd
48.9800,velocity,1785151826.494157,0.866,/vehicle/rear_bogie_velocity
48.9807,position,1785151826.494157,1.493,/vehicle/rear_bogie_velocity
48.9928,velocity,1785151826.573086,1.012,/vehicle/driver_position_cmd
48.9936,position,1785151826.573086,1.888,/vehicle/driver_position_cmd
49.0432,velocity,1785151826.623104,1.540,/vehicle/driver_position_cmd
49.0440,position,1785151826.623104,2.258,/vehicle/driver_position_cmd
49.0801,velocity,1785151826.588149,0.768,/vehicle/rear_bogie_velocity
49.0809,position,1785151826.588149,1.618,/vehicle/rear_bogie_velocity
49.0934,velocity,1785151826.673090,0.985,/vehicle/driver_position_cmd
49.0941,position,1785151826.673090,1.728,/vehicle/driver_position_cmd
49.1423,velocity,1785151826.723069,1.044,/vehicle/driver_position_cmd
49.1429,position,1785151826.723069,1.632,/vehicle/driver_position_cmd
49.1806,velocity,1785151826.688104,0.790,/vehicle/rear_bogie_velocity
49.1811,position,1785151826.688104,1.290,/vehicle/rear_bogie_velocity
49.1924,velocity,1785151826.773103,1.404,/vehicle/driver_position_cmd
49.1932,position,1785151826.773103,2.159,/vehicle/driver_position_cmd
49.2444,velocity,1785151826.823073,1.617,/vehicle/driver_position_cmd
49.2452,position,1785151826.823073,2.374,/vehicle/driver_position_cmd
49.2776,velocity,1785151826.800100,0.261,/vehicle/rear_bogie_velocity
49.2779,position,1785151826.800100,0.608,/vehicle/rear_bogie_velocity
49.2905,velocity,1785151826.873106,0.268,/vehicle/driver_position_cmd
49.2906,position,1785151826.873106,0.453,/vehicle/driver_position_cmd
49.3409,velocity,1785151826.923110,0.264,/vehicle/driver_position_cmd
49.3410,position,1785151826.923110,0.394,/vehicle/driver_position_cmd
49.3774,velocity,1785151826.902052,0.267,/vehicle/rear_bogie_velocity
49.3775,position,1785151826.902052,0.406,/vehicle/rear_bogie_velocity
49.3913,velocity,1785151826.973060,0.582,/vehicle/driver_position_cmd
49.3917,position,1785151826.973060,0.963,/vehicle/driver_position_cmd
49.4438,velocity,1785151827.023119,0.980,/vehicle/driver_position_cmd
49.4446,position,1785151827.023119,1.791,/vehicle/driver_position_cmd
49.4789,velocity,1785151826.998017,0.689,/vehicle/rear_bogie_velocity
49.4797,position,1785151826.998017,1.511,/vehicle/rear_bogie_velocity
49.4926,velocity,1785151827.073055,1.157,/vehicle/driver_position_cmd
49.4933,position,1785151827.073055,1.855,/vehicle/driver_position_cmd
49.5421,velocity,1785151827.123091,0.898,/vehicle/driver_position_cmd
49.5429,position,1785151827.123091,1.694,/vehicle/driver_position_cmd
49.5793,velocity,1785151827.101995,0.650,/vehicle/rear_bogie_velocity
49.5799,position,1785151827.101995,1.298,/vehicle/rear_bogie_velocity
49.5924,velocity,1785151827.173054,1.345,/vehicle/driver_position_cmd
49.5930,position,1785151827.173054,1.981,/vehicle/driver_position_cmd
49.6424,velocity,1785151827.223109,1.208,/vehicle/driver_position_cmd
49.6433,position,1785151827.223109,2.121,/vehicle/driver_position_cmd
49.6793,velocity,1785151827.193965,0.462,/vehicle/rear_bogie_velocity
49.6799,position,1785151827.193965,1.039,/vehicle/rear_bogie_velocity
49.6919,velocity,1785151827.273067,0.889,/vehicle/driver_position_cmd
49.6930,position,1785151827.273067,1.939,/vehicle/driver_position_cmd
49.7428,velocity,1785151827.323075,1.357,/vehicle/driver_position_cmd
49.7437,position,1785151827.323075,2.298,/vehicle/driver_position_cmd
49.7787,velocity,1785151827.295934,0.615,/vehicle/rear_bogie_velocity
49.7794,position,1785151827.295934,1.241,/vehicle/rear_bogie_velocity
49.7924,velocity,1785151827.373069,0.968,/vehicle/driver_position_cmd
49.7934,position,1785151827.373069,1.980,/vehicle/driver_position_cmd
49.8416,velocity,1785151827.423083,1.072,/vehicle/driver_position_cmd
49.8424,position,1785151827.423083,1.874,/vehicle/driver_position_cmd
49.8787,velocity,1785151827.403899,0.755,/vehicle/rear_bogie_velocity
49.8791,position,1785151827.403899,1.151,/vehicle/rear_bogie_velocity
49.8920,velocity,1785151827.473073,1.109,/vehicle/driver_position_cmd
49.8926,position,1785151827.473073,1.738,/vehicle/driver_position_cmd
49.9419,velocity,1785151827.523109,0.852,/vehicle/driver_position_cmd
49.9425,position,1785151827.523109,1.507,/vehicle/driver_position_cmd
49.9780,velocity,1785151827.515877,0.523,/vehicle/rear_bogie_velocity
49.9787,position,1785151827.515877,1.188,/vehicle/rear_bogie_velocity
49.9921,velocity,1785151827.573085,1.138,/vehicle/driver_position_cmd
49.9925,position,1785151827.573085,1.519,/vehicle/driver_position_cmd
50.0427,velocity,1785151827.623071,0.897,/vehicle/driver_position_cmd
50.0435,position,1785151827.623071,1.686,/vehicle/driver_position_cmd
50.0800,velocity,1785151827.595857,0.772,/vehicle/rear_bogie_velocity
50.0804,position,1785151827.595857,1.180,/vehicle/rear_bogie_velocity
50.0921,velocity,1785151827.673064,1.262,/vehicle/driver_position_cmd
50.0930,position,1785151827.673064,2.152,/vehicle/driver_position_cmd
50.1432,velocity,1785151827.723068,1.814,/vehicle/driver_position_cmd
50.1437,position,1785151827.723068,2.321,/vehicle/driver_position_cmd
50.1789,velocity,1785151827.685839,0.609,/vehicle/rear_bogie_velocity
50.1797,position,1785151827.685839,1.369,/vehicle/rear_bogie_velocity
50.1925,velocity,1785151827.773088,1.264,/vehicle/driver_position_cmd
50.1931,position,1785151827.773088,1.856,/vehicle/driver_position_cmd
50.2417,velocity,1785151827.823107,1.194,/vehicle/driver_position_cmd
50.2425,position,1785151827.823107,1.973,/vehicle/driver_position_cmd
50.2792,velocity,1785151827.795800,0.814,/vehicle/rear_bogie_velocity
50.2800,position,1785151827.795800,1.623,/vehicle/rear_bogie_velocity
50.2916,velocity,1785151827.873057,0.603,/vehicle/driver_position_cmd
50.2923,position,1785151827.873057,1.297,/vehicle/driver_position_cmd
50.3404,velocity,1785151827.923090,0.286,/vehicle/driver_position_cmd
50.3406,position,1785151827.923090,0.503,/vehicle/driver_position_cmd
50.3779,velocity,1785151827.887779,0.213,/vehicle/rear_bogie_velocity
50.3781,position,1785151827.887779,0.398,/vehicle/rear_bogie_velocity
50.3901,velocity,1785151827.973078,0.255,/vehicle/driver_position_cmd
50.3902,position,1785151827.973078,0.435,/vehicle/driver_position_cmd
50.4507,velocity,1785151828.023077,0.405,/vehicle/driver_position_cmd
50.4511,position,1785151828.023077,0.753,/vehicle/driver_position_cmd
50.4784,velocity,1785151827.997742,0.332,/vehicle/rear_bogie_velocity
50.4789,position,1785151827.997742,0.787,/vehicle/rear_bogie_velocity
50.4910,velocity,1785151828.073059,0.436,/vehicle/driver_position_cmd
50.4913,position,1785151828.073059,0.771,/vehicle/driver_position_cmd
50.5420,velocity,1785151828.123101,0.721,/vehicle/driver_position_cmd
50.5430,position,1785151828.123101,1.707,/vehicle/driver_position_cmd
50.5855,velocity,1785151828.093720,0.504,/vehicle/rear_bogie_velocity
50.5862,position,1785151828.093720,1.257,/vehicle/rear_bogie_velocity
50.5911,velocity,1785151828.173095,0.504,/vehicle/driver_position_cmd
50.5916,position,1785151828.173095,1.039,/vehicle/driver_position_cmd
50.6464,velocity,1785151828.223076,1.004,/vehicle/driver_position_cmd
50.6470,position,1785151828.223076,1.607,/vehicle/driver_position_cmd
50.6868,velocity,1785151828.187696,0.498,/vehicle/rear_bogie_velocity
50.6874,position,1785151828.187696,1.137,/vehicle/rear_bogie_velocity
50.6903,velocity,1785151828.273076,0.332,/vehicle/driver_position_cmd
50.6907,position,1785151828.273076,0.681,/vehicle/driver_position_cmd
50.7516,velocity,1785151828.323078,0.878,/vehicle/driver_position_cmd
50.7522,position,1785151828.323078,1.487,/vehicle/driver_position_cmd
50.7848,velocity,1785151828.297661,0.868,/vehicle/rear_bogie_velocity
50.7856,position,1785151828.297661,1.662,/vehicle/rear_bogie_velocity
50.7917,velocity,1785151828.373099,0.991,/vehicle/driver_position_cmd
50.7926,position,1785151828.373099,1.935,/vehicle/driver_position_cmd
50.8451,velocity,1785151828.423151,0.692,/vehicle/driver_position_cmd
50.8457,position,1785151828.423151,1.258,/vehicle/driver_position_cmd
50.8813,velocity,1785151828.403632,0.719,/vehicle/rear_bogie_velocity
50.8822,position,1785151828.403632,1.582,/vehicle/rear_bogie_velocity
50.8921,velocity,1785151828.473079,1.587,/vehicle/driver_position_cmd
50.8928,position,1785151828.473079,2.302,/vehicle/driver_position_cmd
50.9506,velocity,1785151828.523107,1.041,/vehicle/driver_position_cmd
50.9514,position,1785151828.523107,1.855,/vehicle/driver_position_cmd
50.9855,velocity,1785151828.551609,0.917,/vehicle/rear_bogie_velocity
50.9864,position,1785151828.551609,1.813,/vehicle/rear_bogie_velocity
50.9941,velocity,1785151828.573090,0.988,/vehicle/driver_position_cmd
50.9950,position,1785151828.573090,1.862,/vehicle/driver_position_cmd
51.0517,velocity,1785151828.623114,0.884,/vehicle/driver_position_cmd
51.0523,position,1785151828.623114,1.504,/vehicle/driver_position_cmd
51.0841,velocity,1785151828.605569,0.750,/vehicle/rear_bogie_velocity
51.0849,position,1785151828.605569,1.557,/vehicle/rear_bogie_velocity
51.0925,velocity,1785151828.673085,1.036,/vehicle/driver_position_cmd
51.0934,position,1785151828.673085,1.902,/vehicle/driver_position_cmd
51.1516,velocity,1785151828.723062,0.796,/vehicle/driver_position_cmd
51.1522,position,1785151828.723062,1.413,/vehicle/driver_position_cmd
51.1820,velocity,1785151828.691549,0.832,/vehicle/rear_bogie_velocity
51.1826,position,1785151828.691549,1.383,/vehicle/rear_bogie_velocity
51.1938,velocity,1785151828.773112,0.935,/vehicle/driver_position_cmd
51.1946,position,1785151828.773112,1.757,/vehicle/driver_position_cmd
51.2445,velocity,1785151828.823079,1.163,/vehicle/driver_position_cmd
51.2452,position,1785151828.823079,1.846,/vehicle/driver_position_cmd
51.2820,velocity,1785151828.803514,0.717,/vehicle/rear_bogie_velocity
51.2826,position,1785151828.803514,1.348,/vehicle/rear_bogie_velocity
51.2925,velocity,1785151828.873080,0.585,/vehicle/driver_position_cmd
51.2930,position,1785151828.873080,1.111,/vehicle/driver_position_cmd
51.3508,velocity,1785151828.923118,0.928,/vehicle/driver_position_cmd
51.3516,position,1785151828.923118,1.707,/vehicle/driver_position_cmd
51.3789,velocity,1785151828.901483,0.575,/vehicle/rear_bogie_velocity
51.3796,position,1785151828.901483,1.330,/vehicle/rear_bogie_velocity
51.3978,velocity,1785151828.973075,2.249,/vehicle/driver_position_cmd
51.3981,position,1785151828.973075,2.607,/vehicle/driver_position_cmd
51.4432,velocity,1785151829.023092,1.353,/vehicle/driver_position_cmd
51.4439,position,1785151829.023092,2.107,/vehicle/driver_position_cmd
51.4803,velocity,1785151829.001466,0.843,/vehicle/rear_bogie_velocity
51.4814,position,1785151829.001466,1.912,/vehicle/rear_bogie_velocity
51.4941,velocity,1785151829.073071,0.875,/vehicle/driver_position_cmd
51.4949,position,1785151829.073071,1.674,/vehicle/driver_position_cmd
51.5495,velocity,1785151829.123128,1.033,/vehicle/driver_position_cmd
51.5504,position,1785151829.123128,1.929,/vehicle/driver_position_cmd
51.5814,velocity,1785151829.115433,0.880,/vehicle/rear_bogie_velocity
51.5821,position,1785151829.115433,1.593,/vehicle/rear_bogie_velocity
51.5945,velocity,1785151829.173065,0.949,/vehicle/driver_position_cmd
51.5953,position,1785151829.173065,1.723,/vehicle/driver_position_cmd
51.6439,velocity,1785151829.223068,1.254,/vehicle/driver_position_cmd
51.6448,position,1785151829.223068,2.209,/vehicle/driver_position_cmd
51.6813,velocity,1785151829.197398,0.661,/vehicle/rear_bogie_velocity
51.6820,position,1785151829.197398,1.431,/vehicle/rear_bogie_velocity
51.6949,velocity,1785151829.273116,0.863,/vehicle/driver_position_cmd
51.6955,position,1785151829.273116,1.488,/vehicle/driver_position_cmd
51.7484,velocity,1785151829.323075,1.009,/vehicle/driver_position_cmd
51.7490,position,1785151829.323075,1.653,/vehicle/driver_position_cmd
51.7796,velocity,1785151829.307376,0.918,/vehicle/rear_bogie_velocity
51.7802,position,1785151829.307376,1.536,/vehicle/rear_bogie_velocity
51.7954,velocity,1785151829.373062,0.933,/vehicle/driver_position_cmd
51.7963,position,1785151829.373062,1.783,/vehicle/driver_position_cmd
51.8517,velocity,1785151829.423072,0.947,/vehicle/driver_position_cmd
51.8525,position,1785151829.423072,1.707,/vehicle/driver_position_cmd
51.8818,velocity,1785151829.407357,0.867,/vehicle/rear_bogie_velocity
51.8824,position,1785151829.407357,1.475,/vehicle/rear_bogie_velocity
51.8921,velocity,1785151829.473123,0.973,/vehicle/driver_position_cmd
51.8930,position,1785151829.473123,1.878,/vehicle/driver_position_cmd
51.9482,velocity,1785151829.523107,1.000,/vehicle/driver_position_cmd
51.9488,position,1785151829.523107,1.633,/vehicle/driver_position_cmd
51.9796,velocity,1785151829.499328,0.597,/vehicle/rear_bogie_velocity
51.9803,position,1785151829.499328,1.288,/vehicle/rear_bogie_velocity
51.9922,velocity,1785151829.573092,1.027,/vehicle/driver_position_cmd
51.9932,position,1785151829.573092,2.018,/vehicle/driver_position_cmd
52.0445,velocity,1785151829.623071,1.064,/vehicle/driver_position_cmd
52.0451,position,1785151829.623071,1.733,/vehicle/driver_position_cmd
52.0808,velocity,1785151829.605294,0.434,/vehicle/rear_bogie_velocity
52.0815,position,1785151829.605294,1.137,/vehicle/rear_bogie_velocity
52.0928,velocity,1785151829.673094,0.493,/vehicle/driver_position_cmd
52.0934,position,1785151829.673094,1.076,/vehicle/driver_position_cmd
52.1444,velocity,1785151829.723076,0.875,/vehicle/driver_position_cmd
52.1450,position,1785151829.723076,1.471,/vehicle/driver_position_cmd
52.1835,velocity,1785151829.689270,0.655,/vehicle/rear_bogie_velocity
52.1843,position,1785151829.689270,1.409,/vehicle/rear_bogie_velocity
52.1926,velocity,1785151829.773085,1.135,/vehicle/driver_position_cmd
52.1935,position,1785151829.773085,2.120,/vehicle/driver_position_cmd
52.2435,velocity,1785151829.823069,0.469,/vehicle/driver_position_cmd
52.2440,position,1785151829.823069,0.917,/vehicle/driver_position_cmd
52.2814,velocity,1785151829.795240,0.842,/vehicle/rear_bogie_velocity
52.2820,position,1785151829.795240,1.448,/vehicle/rear_bogie_velocity
52.2966,velocity,1785151829.873058,0.856,/vehicle/driver_position_cmd
52.2972,position,1785151829.873058,1.475,/vehicle/driver_position_cmd
52.3420,velocity,1785151829.923112,0.883,/vehicle/driver_position_cmd
52.3425,position,1785151829.923112,1.420,/vehicle/driver_position_cmd
52.3805,velocity,1785151829.885219,0.897,/vehicle/rear_bogie_velocity
52.3811,position,1785151829.885219,1.503,/vehicle/rear_bogie_velocity
52.3913,velocity,1785151829.973094,1.329,/vehicle/driver_position_cmd
52.3918,position,1785151829.973094,1.791,/vehicle/driver_position_cmd
52.4429,velocity,1785151830.023102,1.094,/vehicle/driver_position_cmd
52.4439,position,1785151830.023102,2.054,/vehicle/driver_position_cmd
52.4824,velocity,1785151829.993185,0.654,/vehicle/rear_bogie_velocity
52.4832,position,1785151829.993185,1.468,/vehicle/rear_bogie_velocity
52.4924,velocity,1785151830.073084,1.351,/vehicle/driver_position_cmd
52.4934,position,1785151830.073084,2.319,/vehicle/driver_position_cmd
52.5459,velocity,1785151830.123110,0.575,/vehicle/driver_position_cmd
52.5463,position,1785151830.123110,0.959,/vehicle/driver_position_cmd
52.5807,velocity,1785151830.113647,0.863,/vehicle/rear_bogie_velocity
52.5816,position,1785151830.113647,1.687,/vehicle/rear_bogie_velocity
52.5928,velocity,1785151830.173060,1.260,/vehicle/driver_position_cmd
52.5935,position,1785151830.173060,1.890,/vehicle/driver_position_cmd
52.6517,velocity,1785151830.223146,0.967,/vehicle/driver_position_cmd
52.6525,position,1785151830.223146,1.813,/vehicle/driver_position_cmd
52.6802,velocity,1785151830.189125,0.901,/vehicle/rear_bogie_velocity
52.6809,position,1785151830.189125,1.592,/vehicle/rear_bogie_velocity
52.6934,velocity,1785151830.273094,0.992,/vehicle/driver_position_cmd
52.6943,position,1785151830.273094,1.890,/vehicle/driver_position_cmd
52.7516,velocity,1785151830.323118,0.961,/vehicle/driver_position_cmd
52.7525,position,1785151830.323118,1.824,/vehicle/driver_position_cmd
52.7801,velocity,1785151830.291102,0.760,/vehicle/rear_bogie_velocity
52.7806,position,1785151830.291102,1.168,/vehicle/rear_bogie_velocity
52.7947,velocity,1785151830.373064,0.533,/vehicle/driver_position_cmd
52.7954,position,1785151830.373064,1.284,/vehicle/driver_position_cmd
52.8429,velocity,1785151830.423094,0.861,/vehicle/driver_position_cmd
52.8434,position,1785151830.423094,1.284,/vehicle/driver_position_cmd
52.8859,velocity,1785151830.403077,0.643,/vehicle/rear_bogie_velocity
52.8868,position,1785151830.403077,1.515,/vehicle/rear_bogie_velocity
52.8927,velocity,1785151830.473094,0.750,/vehicle/driver_position_cmd
52.8935,position,1785151830.473094,1.611,/vehicle/driver_position_cmd
52.9445,velocity,1785151830.523109,0.787,/vehicle/driver_position_cmd
52.9453,position,1785151830.523109,1.542,/vehicle/driver_position_cmd
52.9856,velocity,1785151830.495046,0.769,/vehicle/rear_bogie_velocity
52.9861,position,1785151830.495046,1.204,/vehicle/rear_bogie_velocity
52.9926,velocity,1785151830.573094,0.690,/vehicle/driver_position_cmd
52.9930,position,1785151830.573094,1.116,/vehicle/driver_position_cmd
53.0433,velocity,1785151830.623073,0.804,/vehicle/driver_position_cmd
53.0437,position,1785151830.623073,1.196,/vehicle/driver_position_cmd
53.0845,velocity,1785151830.595015,0.518,/vehicle/rear_bogie_velocity
53.0850,position,1785151830.595015,1.028,/vehicle/rear_bogie_velocity
53.0920,velocity,1785151830.673100,0.828,/vehicle/driver_position_cmd
53.0924,position,1785151830.673100,1.285,/vehicle/driver_position_cmd
53.1421,velocity,1785151830.723094,1.207,/vehicle/driver_position_cmd
53.1428,position,1785151830.723094,1.946,/vehicle/driver_position_cmd
53.1840,velocity,1785151830.700990,0.594,/vehicle/rear_bogie_velocity
53.1848,position,1785151830.700990,1.437,/vehicle/rear_bogie_velocity
53.1918,velocity,1785151830.773119,1.309,/vehicle/driver_position_cmd
53.1924,position,1785151830.773119,1.894,/vehicle/driver_position_cmd
53.2472,velocity,1785151830.823125,0.458,/vehicle/driver_position_cmd
53.2476,position,1785151830.823125,0.851,/vehicle/driver_position_cmd
53.2857,velocity,1785151830.794961,0.576,/vehicle/rear_bogie_velocity
53.2865,position,1785151830.794961,1.425,/vehicle/rear_bogie_velocity
53.2917,velocity,1785151830.873096,0.816,/vehicle/driver_position_cmd
53.2923,position,1785151830.873096,1.417,/vehicle/driver_position_cmd
53.3425,velocity,1785151830.923091,1.228,/vehicle/driver_position_cmd
53.3430,position,1785151830.923091,1.705,/vehicle/driver_position_cmd
53.3878,velocity,1785151830.890938,0.942,/vehicle/rear_bogie_velocity
53.3883,position,1785151830.890938,1.450,/vehicle/rear_bogie_velocity
53.3914,velocity,1785151830.973098,0.661,/vehicle/driver_position_cmd
53.3920,position,1785151830.973098,1.199,/vehicle/driver_position_cmd
53.4453,velocity,1785151831.023087,0.995,/vehicle/driver_position_cmd
53.4462,position,1785151831.023087,1.879,/vehicle/driver_position_cmd
53.4833,velocity,1785151831.002908,0.553,/vehicle/rear_bogie_velocity
53.4842,position,1785151831.002908,1.414,/vehicle/rear_bogie_velocity
53.4968,velocity,1785151831.073119,0.837,/vehicle/driver_position_cmd
53.4975,position,1785151831.073119,1.565,/vehicle/driver_position_cmd
53.5444,velocity,1785151831.123098,1.912,/vehicle/driver_position_cmd
53.5453,position,1785151831.123098,2.799,/vehicle/driver_position_cmd
53.5943,velocity,1785151831.100881,0.657,/vehicle/rear_bogie_velocity
53.5950,position,1785151831.100881,1.384,/vehicle/rear_bogie_velocity
53.5953,velocity,1785151831.173127,1.558,/vehicle/driver_position_cmd
53.5957,position,1785151831.173127,1.910,/vehicle/driver_position_cmd
53.6499,velocity,1785151831.223094,1.047,/vehicle/driver_position_cmd
53.6508,position,1785151831.223094,1.953,/vehicle/driver_position_cmd
53.6834,velocity,1785151831.204844,0.656,/vehicle/rear_bogie_velocity
53.6844,position,1785151831.204844,1.573,/vehicle/rear_bogie_velocity
53.6943,velocity,1785151831.273109,1.017,/vehicle/driver_position_cmd
53.6952,position,1785151831.273109,1.929,/vehicle/driver_position_cmd
53.7516,velocity,1785151831.323101,0.866,/vehicle/driver_position_cmd
53.7523,position,1785151831.323101,1.604,/vehicle/driver_position_cmd
53.7857,velocity,1785151831.298824,0.727,/vehicle/rear_bogie_velocity
53.7864,position,1785151831.298824,1.430,/vehicle/rear_bogie_velocity
53.7915,velocity,1785151831.373081,1.249,/vehicle/driver_position_cmd
53.7924,position,1785151831.373081,2.149,/vehicle/driver_position_cmd
53.8428,velocity,1785151831.423115,1.330,/vehicle/driver_position_cmd
53.8435,position,1785151831.423115,2.021,/vehicle/driver_position_cmd
53.8858,velocity,1785151831.406806,0.620,/vehicle/rear_bogie_velocity
53.8867,position,1785151831.406806,1.460,/vehicle/rear_bogie_velocity
53.8915,velocity,1785151831.473112,0.950,/vehicle/driver_position_cmd
53.8925,position,1785151831.473112,1.941,/vehicle/driver_position_cmd
53.9455,velocity,1785151831.523071,1.049,/vehicle/driver_position_cmd
53.9461,position,1785151831.523071,1.725,/vehicle/driver_position_cmd
53.9876,velocity,1785151831.500763,0.923,/vehicle/rear_bogie_velocity
53.9885,position,1785151831.500763,1.834,/vehicle/rear_bogie_velocity
53.9910,velocity,1785151831.573129,0.612,/vehicle/driver_position_cmd
53.9915,position,1785151831.573129,1.090,/vehicle/driver_position_cmd
54.0516,velocity,1785151831.623035,0.938,/vehicle/driver_position_cmd
54.0525,position,1785151831.623035,1.826,/vehicle/driver_position_cmd
54.0843,velocity,1785151831.596754,0.647,/vehicle/rear_bogie_velocity
54.0852,position,1785151831.596754,1.554,/vehicle/rear_bogie_velocity
54.0935,velocity,1785151831.673095,0.880,/vehicle/driver_position_cmd
54.0942,position,1785151831.673095,1.574,/vehicle/driver_position_cmd
54.1507,velocity,1785151831.723110,1.042,/vehicle/driver_position_cmd
54.1514,position,1785151831.723110,1.721,/vehicle/driver_position_cmd
54.1822,velocity,1785151831.688738,0.663,/vehicle/rear_bogie_velocity
54.1828,position,1785151831.688738,1.249,/vehicle/rear_bogie_velocity
54.1922,velocity,1785151831.773144,0.948,/vehicle/driver_position_cmd
54.1930,position,1785151831.773144,1.743,/vehicle/driver_position_cmd
54.2498,velocity,1785151831.823105,0.946,/vehicle/driver_position_cmd
54.2506,position,1785151831.823105,1.765,/vehicle/driver_position_cmd
54.2875,velocity,1785151831.813081,0.665,/vehicle/rear_bogie_velocity
54.2881,position,1785151831.813081,1.335,/vehicle/rear_bogie_velocity
54.2919,velocity,1785151831.873112,0.622,/vehicle/driver_position_cmd
54.2924,position,1785151831.873112,1.160,/vehicle/driver_position_cmd
54.3466,velocity,1785151831.923063,1.002,/vehicle/driver_position_cmd
54.3472,position,1785151831.923063,1.620,/vehicle/driver_position_cmd
54.3837,velocity,1785151831.888656,0.598,/vehicle/rear_bogie_velocity
54.3845,position,1785151831.888656,1.451,/vehicle/rear_bogie_velocity
54.3944,velocity,1785151831.973085,0.878,/vehicle/driver_position_cmd
54.3952,position,1785151831.973085,1.702,/vehicle/driver_position_cmd
54.4455,velocity,1785151832.023083,1.035,/vehicle/driver_position_cmd
54.4462,position,1785151832.023083,1.755,/vehicle/driver_position_cmd
54.4792,velocity,1785151832.000633,0.588,/vehicle/rear_bogie_velocity
54.4799,position,1785151832.000633,1.239,/vehicle/rear_bogie_velocity
54.4963,velocity,1785151832.073092,0.776,/vehicle/driver_position_cmd
54.4971,position,1785151832.073092,1.582,/vehicle/driver_position_cmd
54.5425,velocity,1785151832.123081,0.899,/vehicle/driver_position_cmd
54.5432,position,1785151832.123081,1.649,/vehicle/driver_position_cmd
54.5823,velocity,1785151832.086621,0.651,/vehicle/rear_bogie_velocity
54.5831,position,1785151832.086621,1.464,/vehicle/rear_bogie_velocity
54.5961,velocity,1785151832.173123,0.971,/vehicle/driver_position_cmd
54.5968,position,1785151832.173123,1.645,/vehicle/driver_position_cmd
54.6504,velocity,1785151832.223070,1.011,/vehicle/driver_position_cmd
54.6511,position,1785151832.223070,1.656,/vehicle/driver_position_cmd
54.6844,velocity,1785151832.188582,0.688,/vehicle/rear_bogie_velocity
54.6850,position,1785151832.188582,1.311,/vehicle/rear_bogie_velocity
54.6951,velocity,1785151832.273081,0.972,/vehicle/driver_position_cmd
54.6958,position,1785151832.273081,1.626,/vehicle/driver_position_cmd
54.7466,velocity,1785151832.323069,0.984,/vehicle/driver_position_cmd
54.7472,position,1785151832.323069,1.621,/vehicle/driver_position_cmd
54.7868,velocity,1785151832.288557,0.681,/vehicle/rear_bogie_velocity
54.7874,position,1785151832.288557,1.294,/vehicle/rear_bogie_velocity
54.7913,velocity,1785151832.373071,0.689,/vehicle/driver_position_cmd
54.7916,position,1785151832.373071,1.019,/vehicle/driver_position_cmd
54.8436,velocity,1785151832.423101,0.940,/vehicle/driver_position_cmd
54.8442,position,1785151832.423101,1.543,/vehicle/driver_position_cmd
54.8814,velocity,1785151832.428512,0.899,/vehicle/rear_bogie_velocity
54.8820,position,1785151832.428512,1.508,/vehicle/rear_bogie_velocity
54.8943,velocity,1785151832.473085,0.985,/vehicle/driver_position_cmd
54.8949,position,1785151832.473085,1.573,/vehicle/driver_position_cmd
54.9439,velocity,1785151832.523070,0.999,/vehicle/driver_position_cmd
54.9448,position,1785151832.523070,1.871,/vehicle/driver_position_cmd
54.9835,velocity,1785151832.490494,0.553,/vehicle/rear_bogie_velocity
54.9841,position,1785151832.490494,1.141,/vehicle/rear_bogie_velocity
54.9923,velocity,1785151832.573075,1.304,/vehicle/driver_position_cmd
54.9931,position,1785151832.573075,2.127,/vehicle/driver_position_cmd
55.0428,velocity,1785151832.623076,1.288,/vehicle/driver_position_cmd
55.0434,position,1785151832.623076,1.885,/vehicle/driver_position_cmd
55.0800,velocity,1785151832.586469,0.624,/vehicle/rear_bogie_velocity
55.0808,position,1785151832.586469,1.474,/vehicle/rear_bogie_velocity
55.0923,velocity,1785151832.673123,1.002,/vehicle/driver_position_cmd
55.0931,position,1785151832.673123,1.812,/vehicle/driver_position_cmd
55.1430,velocity,1785151832.723077,1.345,/vehicle/driver_position_cmd
55.1438,position,1785151832.723077,2.168,/vehicle/driver_position_cmd
55.1820,velocity,1785151832.686440,0.616,/vehicle/rear_bogie_velocity
55.1828,position,1785151832.686440,1.444,/vehicle/rear_bogie_velocity
55.1914,velocity,1785151832.773076,1.042,/vehicle/driver_position_cmd
55.1924,position,1785151832.773076,2.101,/vehicle/driver_position_cmd
55.2448,velocity,1785151832.823068,0.953,/vehicle/driver_position_cmd
55.2453,position,1785151832.823068,1.527,/vehicle/driver_position_cmd
55.2848,velocity,1785151832.790421,0.661,/vehicle/rear_bogie_velocity
55.2856,position,1785151832.790421,1.480,/vehicle/rear_bogie_velocity
55.2929,velocity,1785151832.873093,0.831,/vehicle/driver_position_cmd
55.2935,position,1785151832.873093,1.467,/vehicle/driver_position_cmd
55.3424,velocity,1785151832.923092,1.218,/vehicle/driver_position_cmd
55.3430,position,1785151832.923092,1.802,/vehicle/driver_position_cmd
55.3845,velocity,1785151832.886390,0.555,/vehicle/rear_bogie_velocity
55.3852,position,1785151832.886390,1.230,/vehicle/rear_bogie_velocity
55.3921,velocity,1785151832.973095,0.674,/vehicle/driver_position_cmd
55.3929,position,1785151832.973095,1.429,/vehicle/driver_position_cmd
55.4510,velocity,1785151833.023119,0.970,/vehicle/driver_position_cmd
55.4519,position,1785151833.023119,1.818,/vehicle/driver_position_cmd
55.4860,velocity,1785151833.012424,0.668,/vehicle/rear_bogie_velocity
55.4869,position,1785151833.012424,1.542,/vehicle/rear_bogie_velocity
55.4919,velocity,1785151833.073106,1.029,/vehicle/driver_position_cmd
55.4925,position,1785151833.073106,1.568,/vehicle/driver_position_cmd
55.5426,velocity,1785151833.123076,1.276,/vehicle/driver_position_cmd
55.5433,position,1785151833.123076,1.897,/vehicle/driver_position_cmd
55.5853,velocity,1785151833.096335,0.637,/vehicle/rear_bogie_velocity
55.5860,position,1785151833.096335,1.322,/vehicle/rear_bogie_velocity
55.5919,velocity,1785151833.173075,1.267,/vehicle/driver_position_cmd
55.5928,position,1785151833.173075,2.165,/vehicle/driver_position_cmd
55.6475,velocity,1785151833.223062,1.136,/vehicle/driver_position_cmd
55.6482,position,1785151833.223062,1.787,/vehicle/driver_position_cmd
55.6856,velocity,1785151833.186304,0.383,/vehicle/rear_bogie_velocity
55.6862,position,1785151833.186304,0.950,/vehicle/rear_bogie_velocity
55.6934,velocity,1785151833.273080,0.866,/vehicle/driver_position_cmd
55.6942,position,1785151833.273080,1.652,/vehicle/driver_position_cmd
55.7508,velocity,1785151833.323087,0.987,/vehicle/driver_position_cmd
55.7515,position,1785151833.323087,1.656,/vehicle/driver_position_cmd
55.7870,velocity,1785151833.300278,0.625,/vehicle/rear_bogie_velocity
55.7878,position,1785151833.300278,1.395,/vehicle/rear_bogie_velocity
55.7921,velocity,1785151833.373090,0.589,/vehicle/driver_position_cmd
55.7927,position,1785151833.373090,1.169,/vehicle/driver_position_cmd
55.8489,velocity,1785151833.423092,0.998,/vehicle/driver_position_cmd
55.8495,position,1785151833.423092,1.599,/vehicle/driver_position_cmd
55.8840,velocity,1785151833.422251,0.633,/vehicle/rear_bogie_velocity
55.8848,position,1785151833.422251,1.405,/vehicle/rear_bogie_velocity
55.8936,velocity,1785151833.473057,0.820,/vehicle/driver_position_cmd
55.8944,position,1785151833.473057,1.615,/vehicle/driver_position_cmd
55.9479,velocity,1785151833.523133,0.432,/vehicle/driver_position_cmd
55.9483,position,1785151833.523133,0.796,/vehicle/driver_position_cmd
55.9862,velocity,1785151833.492214,0.541,/vehicle/rear_bogie_velocity
55.9870,position,1785151833.492214,1.265,/vehicle/rear_bogie_velocity
55.9911,velocity,1785151833.573120,0.271,/vehicle/driver_position_cmd
55.9913,position,1785151833.573120,0.526,/vehicle/driver_position_cmd
56.0418,velocity,1785151833.623060,0.875,/vehicle/driver_position_cmd
56.0424,position,1785151833.623060,1.563,/vehicle/driver_position_cmd
56.0790,velocity,1785151833.600192,0.520,/vehicle/rear_bogie_velocity
56.0797,position,1785151833.600192,1.186,/vehicle/rear_bogie_velocity
56.0964,velocity,1785151833.673107,0.769,/vehicle/driver_position_cmd
56.0971,position,1785151833.673107,1.468,/vehicle/driver_position_cmd
56.1434,velocity,1785151833.723084,1.119,/vehicle/driver_position_cmd
56.1443,position,1785151833.723084,2.035,/vehicle/driver_position_cmd
56.1851,velocity,1785151833.700159,0.625,/vehicle/rear_bogie_velocity
56.1858,position,1785151833.700159,1.293,/vehicle/rear_bogie_velocity
56.1938,velocity,1785151833.773086,0.894,/vehicle/driver_position_cmd
56.1944,position,1785151833.773086,1.509,/vehicle/driver_position_cmd
56.2443,velocity,1785151833.823062,0.935,/vehicle/driver_position_cmd
56.2450,position,1785151833.823062,1.625,/vehicle/driver_position_cmd
56.2787,velocity,1785151833.800136,0.555,/vehicle/rear_bogie_velocity
56.2795,position,1785151833.800136,1.286,/vehicle/rear_bogie_velocity
56.2933,velocity,1785151833.873088,0.429,/vehicle/driver_position_cmd
56.2937,position,1785151833.873088,0.852,/vehicle/driver_position_cmd
56.3512,velocity,1785151833.923074,0.884,/vehicle/driver_position_cmd
56.3520,position,1785151833.923074,1.641,/vehicle/driver_position_cmd
56.3806,velocity,1785151833.886108,0.609,/vehicle/rear_bogie_velocity
56.3814,position,1785151833.886108,1.395,/vehicle/rear_bogie_velocity
56.3937,velocity,1785151833.973098,0.802,/vehicle/driver_position_cmd
56.3945,position,1785151833.973098,1.506,/vehicle/driver_position_cmd
56.4457,velocity,1785151834.023098,0.815,/vehicle/driver_position_cmd
56.4464,position,1785151834.023098,1.575,/vehicle/driver_position_cmd
56.4791,velocity,1785151833.998088,0.691,/vehicle/rear_bogie_velocity
56.4798,position,1785151833.998088,1.446,/vehicle/rear_bogie_velocity
56.4938,velocity,1785151834.073117,0.824,/vehicle/driver_position_cmd
56.4942,position,1785151834.073117,1.225,/vehicle/driver_position_cmd
56.5466,velocity,1785151834.123080,0.606,/vehicle/driver_position_cmd
56.5471,position,1785151834.123080,1.155,/vehicle/driver_position_cmd
56.5848,velocity,1785151834.086054,0.509,/vehicle/rear_bogie_velocity
56.5855,position,1785151834.086054,1.187,/vehicle/rear_bogie_velocity
56.5911,velocity,1785151834.173093,0.850,/vehicle/driver_position_cmd
56.5916,position,1785151834.173093,1.276,/vehicle/driver_position_cmd
56.6448,velocity,1785151834.223098,0.944,/vehicle/driver_position_cmd
56.6456,position,1785151834.223098,1.761,/vehicle/driver_position_cmd
56.6792,velocity,1785151834.194025,0.895,/vehicle/rear_bogie_velocity
56.6801,position,1785151834.194025,1.719,/vehicle/rear_bogie_velocity
56.6938,velocity,1785151834.273088,0.884,/vehicle/driver_position_cmd
56.6947,position,1785151834.273088,1.712,/vehicle/driver_position_cmd
56.7445,velocity,1785151834.323066,1.040,/vehicle/driver_position_cmd
56.7451,position,1785151834.323066,1.658,/vehicle/driver_position_cmd
56.7801,velocity,1785151834.297991,0.624,/vehicle/rear_bogie_velocity
56.7811,position,1785151834.297991,1.617,/vehicle/rear_bogie_velocity
56.7922,velocity,1785151834.373090,0.999,/vehicle/driver_position_cmd
56.7930,position,1785151834.373090,1.761,/vehicle/driver_position_cmd
56.8481,velocity,1785151834.423103,0.997,/vehicle/driver_position_cmd
56.8486,position,1785151834.423103,1.513,/vehicle/driver_position_cmd
56.8813,velocity,1785151834.421968,0.568,/vehicle/rear_bogie_velocity
56.8818,position,1785151834.421968,1.063,/vehicle/rear_bogie_velocity
56.8912,velocity,1785151834.473071,0.617,/vehicle/driver_position_cmd
56.8921,position,1785151834.473071,1.539,/vehicle/driver_position_cmd
56.9465,velocity,1785151834.523107,1.129,/vehicle/driver_position_cmd
56.9477,position,1785151834.523107,2.248,/vehicle/driver_position_cmd
56.9869,velocity,1785151834.483964,0.674,/vehicle/rear_bogie_velocity
56.9878,position,1785151834.483964,1.559,/vehicle/rear_bogie_velocity
56.9911,velocity,1785151834.573074,0.662,/vehicle/driver_position_cmd
56.9918,position,1785151834.573074,1.349,/vehicle/driver_position_cmd
57.0454,velocity,1785151834.623119,1.015,/vehicle/driver_position_cmd
57.0463,position,1785151834.623119,1.880,/vehicle/driver_position_cmd
57.0815,velocity,1785151834.585912,0.651,/vehicle/rear_bogie_velocity
57.0821,position,1785151834.585912,1.314,/vehicle/rear_bogie_velocity
57.0918,velocity,1785151834.673074,1.231,/vehicle/driver_position_cmd
57.0926,position,1785151834.673074,2.064,/vehicle/driver_position_cmd
57.1492,velocity,1785151834.723063,0.870,/vehicle/driver_position_cmd
57.1499,position,1785151834.723063,1.631,/vehicle/driver_position_cmd
57.1799,velocity,1785151834.687898,0.606,/vehicle/rear_bogie_velocity
57.1808,position,1785151834.687898,1.450,/vehicle/rear_bogie_velocity
57.1942,velocity,1785151834.773096,0.986,/vehicle/driver_position_cmd
57.1949,position,1785151834.773096,1.708,/vehicle/driver_position_cmd
57.2475,velocity,1785151834.823103,1.016,/vehicle/driver_position_cmd
57.2482,position,1785151834.823103,1.732,/vehicle/driver_position_cmd
57.2796,velocity,1785151834.793857,0.592,/vehicle/rear_bogie_velocity
57.2805,position,1785151834.793857,1.478,/vehicle/rear_bogie_velocity
57.2929,velocity,1785151834.873106,0.762,/vehicle/driver_position_cmd
57.2935,position,1785151834.873106,1.354,/vehicle/driver_position_cmd
57.3509,velocity,1785151834.923075,0.721,/vehicle/driver_position_cmd
57.3513,position,1785151834.923075,1.162,/vehicle/driver_position_cmd
57.3865,velocity,1785151834.885831,0.576,/vehicle/rear_bogie_velocity
57.3873,position,1785151834.885831,1.399,/vehicle/rear_bogie_velocity
57.3935,velocity,1785151834.973135,0.745,/vehicle/driver_position_cmd
57.3943,position,1785151834.973135,1.554,/vehicle/driver_position_cmd
57.4428,velocity,1785151835.023111,1.267,/vehicle/driver_position_cmd
57.4435,position,1785151835.023111,1.895,/vehicle/driver_position_cmd
57.4814,velocity,1785151835.003798,0.613,/vehicle/rear_bogie_velocity
57.4822,position,1785151835.003798,1.428,/vehicle/rear_bogie_velocity
57.4923,velocity,1785151835.073122,1.188,/vehicle/driver_position_cmd
57.4930,position,1785151835.073122,1.961,/vehicle/driver_position_cmd
57.5486,velocity,1785151835.123104,0.661,/vehicle/driver_position_cmd
57.5494,position,1785151835.123104,1.433,/vehicle/driver_position_cmd
57.5790,velocity,1785151835.101765,0.611,/vehicle/rear_bogie_velocity
57.5798,position,1785151835.101765,1.471,/vehicle/rear_bogie_velocity
57.5969,velocity,1785151835.173099,0.936,/vehicle/driver_position_cmd
57.5977,position,1785151835.173099,1.676,/vehicle/driver_position_cmd
57.6517,velocity,1785151835.223070,0.939,/vehicle/driver_position_cmd
57.6526,position,1785151835.223070,1.793,/vehicle/driver_position_cmd
57.6864,velocity,1785151835.199739,0.875,/vehicle/rear_bogie_velocity
57.6873,position,1785151835.199739,1.745,/vehicle/rear_bogie_velocity
57.6916,velocity,1785151835.273104,0.974,/vehicle/driver_position_cmd
57.6922,position,1785151835.273104,1.572,/vehicle/driver_position_cmd
57.7428,velocity,1785151835.323076,1.080,/vehicle/driver_position_cmd
57.7437,position,1785151835.323076,1.922,/vehicle/driver_position_cmd
57.7875,velocity,1785151835.295715,0.601,/vehicle/rear_bogie_velocity
57.7881,position,1785151835.295715,1.251,/vehicle/rear_bogie_velocity
57.7920,velocity,1785151835.373112,0.889,/vehicle/driver_position_cmd
57.7926,position,1785151835.373112,1.469,/vehicle/driver_position_cmd
57.8517,velocity,1785151835.423065,0.965,/vehicle/driver_position_cmd
57.8524,position,1785151835.423065,1.667,/vehicle/driver_position_cmd
57.8860,velocity,1785151835.397685,0.618,/vehicle/rear_bogie_velocity
57.8867,position,1785151835.397685,1.386,/vehicle/rear_bogie_velocity
57.8904,velocity,1785151835.473067,0.582,/vehicle/driver_position_cmd
57.8912,position,1785151835.473067,1.357,/vehicle/driver_position_cmd
57.9442,velocity,1785151835.523100,1.036,/vehicle/driver_position_cmd
57.9449,position,1785151835.523100,1.765,/vehicle/driver_position_cmd
57.9923,velocity,1785151835.573028,1.133,/vehicle/driver_position_cmd
57.9929,position,1785151835.573028,1.794,/vehicle/driver_position_cmd
58.0444,velocity,1785151835.623097,0.992,/vehicle/driver_position_cmd
58.0450,position,1785151835.623097,1.613,/vehicle/driver_position_cmd
58.0838,velocity,1785151835.605625,0.558,/vehicle/rear_bogie_velocity
58.0847,position,1785151835.605625,1.418,/vehicle/rear_bogie_velocity
58.0921,velocity,1785151835.673088,1.326,/vehicle/driver_position_cmd
58.0927,position,1785151835.673088,1.841,/vehicle/driver_position_cmd
58.1444,velocity,1785151835.723137,0.866,/vehicle/driver_position_cmd
58.1450,position,1785151835.723137,1.494,/vehicle/driver_position_cmd
58.1800,velocity,1785151835.691599,0.390,/vehicle/rear_bogie_velocity
58.1806,position,1785151835.691599,0.922,/vehicle/rear_bogie_velocity
58.1940,velocity,1785151835.773066,0.979,/vehicle/driver_position_cmd
58.1948,position,1785151835.773066,1.733,/vehicle/driver_position_cmd
58.2474,velocity,1785151835.823061,0.404,/vehicle/driver_position_cmd
58.2478,position,1785151835.823061,0.789,/vehicle/driver_position_cmd
58.2806,velocity,1785151835.803569,0.601,/vehicle/rear_bogie_velocity
58.2812,position,1785151835.803569,1.207,/vehicle/rear_bogie_velocity
58.2917,velocity,1785151835.873132,1.169,/vehicle/driver_position_cmd
58.2924,position,1785151835.873132,1.927,/vehicle/driver_position_cmd
58.3518,velocity,1785151835.923075,0.971,/vehicle/driver_position_cmd
58.3526,position,1785151835.923075,1.769,/vehicle/driver_position_cmd
58.3833,velocity,1785151835.903543,0.911,/vehicle/rear_bogie_velocity
58.3842,position,1785151835.903543,1.771,/vehicle/rear_bogie_velocity
58.3931,velocity,1785151835.973103,0.935,/vehicle/driver_position_cmd
58.3940,position,1785151835.973103,1.772,/vehicle/driver_position_cmd
58.4444,velocity,1785151836.023097,0.982,/vehicle/driver_position_cmd
58.4453,position,1785151836.023097,1.850,/vehicle/driver_position_cmd
58.4815,velocity,1785151835.997517,0.671,/vehicle/rear_bogie_velocity
58.4832,position,1785151835.997517,2.326,/vehicle/rear_bogie_velocity
58.4945,velocity,1785151836.073082,0.931,/vehicle/driver_position_cmd
58.4952,position,1785151836.073082,1.612,/vehicle/driver_position_cmd
58.5432,velocity,1785151836.123130,1.916,/vehicle/driver_position_cmd
58.5440,position,1785151836.123130,2.653,/vehicle/driver_position_cmd
58.5835,velocity,1785151836.103487,0.631,/vehicle/rear_bogie_velocity
58.5844,position,1785151836.103487,1.519,/vehicle/rear_bogie_velocity
58.5920,velocity,1785151836.173090,0.753,/vehicle/driver_position_cmd
58.5926,position,1785151836.173090,1.349,/vehicle/driver_position_cmd
58.6475,velocity,1785151836.223094,1.022,/vehicle/driver_position_cmd
58.6484,position,1785151836.223094,1.933,/vehicle/driver_position_cmd
58.6853,velocity,1785151836.203460,0.969,/vehicle/rear_bogie_velocity
58.6860,position,1785151836.203460,1.637,/vehicle/rear_bogie_velocity
58.6936,velocity,1785151836.273087,1.048,/vehicle/driver_position_cmd
58.6944,position,1785151836.273087,1.870,/vehicle/driver_position_cmd
58.7464,velocity,1785151836.323065,1.024,/vehicle/driver_position_cmd
58.7470,position,1785151836.323065,1.676,/vehicle/driver_position_cmd
58.7802,velocity,1785151836.287440,0.679,/vehicle/rear_bogie_velocity
58.7811,position,1785151836.287440,1.515,/vehicle/rear_bogie_velocity
58.7919,velocity,1785151836.373109,0.902,/vehicle/driver_position_cmd
58.7926,position,1785151836.373109,1.625,/vehicle/driver_position_cmd
58.8434,velocity,1785151836.423085,0.993,/vehicle/driver_position_cmd
58.8440,position,1785151836.423085,1.612,/vehicle/driver_position_cmd
58.8819,velocity,1785151836.421404,0.667,/vehicle/rear_bogie_velocity
58.8826,position,1785151836.421404,1.375,/vehicle/rear_bogie_velocity
58.8938,velocity,1785151836.473101,0.817,/vehicle/driver_position_cmd
58.8945,position,1785151836.473101,1.524,/vehicle/driver_position_cmd
58.9471,velocity,1785151836.523124,0.945,/vehicle/driver_position_cmd
58.9479,position,1785151836.523124,1.809,/vehicle/driver_position_cmd
58.9790,velocity,1785151836.497376,0.593,/vehicle/rear_bogie_velocity
58.9797,position,1785151836.497376,1.316,/vehicle/rear_bogie_velocity
58.9958,velocity,1785151836.573070,0.823,/vehicle/driver_position_cmd
58.9965,position,1785151836.573070,1.497,/vehicle/driver_position_cmd
59.0463,velocity,1785151836.623090,0.810,/vehicle/driver_position_cmd
59.0468,position,1785151836.623090,1.320,/vehicle/driver_position_cmd
59.0814,velocity,1785151836.587349,0.750,/vehicle/rear_bogie_velocity
59.0823,position,1785151836.587349,1.606,/vehicle/rear_bogie_velocity
59.0955,velocity,1785151836.673086,0.546,/vehicle/driver_position_cmd
59.0961,position,1785151836.673086,1.132,/vehicle/driver_position_cmd
59.1430,velocity,1785151836.723083,1.885,/vehicle/driver_position_cmd
59.1435,position,1785151836.723083,2.304,/vehicle/driver_position_cmd
59.1778,velocity,1785151836.685323,0.493,/vehicle/rear_bogie_velocity
59.1782,position,1785151836.685323,0.805,/vehicle/rear_bogie_velocity
59.1919,velocity,1785151836.773103,0.641,/vehicle/driver_position_cmd
59.1923,position,1785151836.773103,1.028,/vehicle/driver_position_cmd
59.2457,velocity,1785151836.823069,0.404,/vehicle/driver_position_cmd
59.2461,position,1785151836.823069,0.723,/vehicle/driver_position_cmd
59.2774,velocity,1785151836.785302,0.202,/vehicle/rear_bogie_velocity
59.2776,position,1785151836.785302,0.409,/vehicle/rear_bogie_velocity
59.2918,velocity,1785151836.873072,1.451,/vehicle/driver_position_cmd
59.2922,position,1785151836.873072,1.847,/vehicle/driver_position_cmd
59.3502,velocity,1785151836.923120,0.297,/vehicle/driver_position_cmd
59.3505,position,1785151836.923120,0.562,/vehicle/driver_position_cmd
59.3831,velocity,1785151836.885269,0.226,/vehicle/rear_bogie_velocity
59.3834,position,1785151836.885269,0.461,/vehicle/rear_bogie_velocity
59.3911,velocity,1785151836.973090,0.363,/vehicle/driver_position_cmd
59.3912,position,1785151836.973090,0.487,/vehicle/driver_position_cmd
59.4430,velocity,1785151837.023098,0.447,/vehicle/driver_position_cmd
59.4434,position,1785151837.023098,0.855,/vehicle/driver_position_cmd
59.4786,velocity,1785151836.995239,0.557,/vehicle/rear_bogie_velocity
59.4797,position,1785151836.995239,1.723,/vehicle/rear_bogie_velocity
59.4916,velocity,1785151837.073070,0.600,/vehicle/driver_position_cmd
59.4925,position,1785151837.073070,1.466,/vehicle/driver_position_cmd
59.5486,velocity,1785151837.123081,0.556,/vehicle/driver_position_cmd
59.5494,position,1785151837.123081,1.315,/vehicle/driver_position_cmd
59.5833,velocity,1785151837.085217,0.475,/vehicle/rear_bogie_velocity
59.5841,position,1785151837.085217,1.215,/vehicle/rear_bogie_velocity
59.5930,velocity,1785151837.173096,0.892,/vehicle/driver_position_cmd
59.5939,position,1785151837.173096,1.726,/vehicle/driver_position_cmd
59.6444,velocity,1785151837.223087,1.000,/vehicle/driver_position_cmd
59.6450,position,1785151837.223087,1.614,/vehicle/driver_position_cmd
59.6826,velocity,1785151837.189193,0.551,/vehicle/rear_bogie_velocity
59.6832,position,1785151837.189193,1.141,/vehicle/rear_bogie_velocity
59.6928,velocity,1785151837.273102,0.905,/vehicle/driver_position_cmd
59.6936,position,1785151837.273102,1.692,/vehicle/driver_position_cmd
59.7424,velocity,1785151837.323058,1.007,/vehicle/driver_position_cmd
59.7431,position,1785151837.323058,1.709,/vehicle/driver_position_cmd
59.7855,velocity,1785151837.291168,0.593,/vehicle/rear_bogie_velocity
59.7861,position,1785151837.291168,1.217,/vehicle/rear_bogie_velocity
59.7911,velocity,1785151837.373068,0.857,/vehicle/driver_position_cmd
59.7922,position,1785151837.373068,1.936,/vehicle/driver_position_cmd
59.8445,velocity,1785151837.423038,0.720,/vehicle/driver_position_cmd
59.8451,position,1785151837.423038,1.404,/vehicle/driver_position_cmd
59.8848,velocity,1785151837.397125,0.607,/vehicle/rear_bogie_velocity
59.8855,position,1785151837.397125,1.311,/vehicle/rear_bogie_velocity
59.8938,velocity,1785151837.473099,0.957,/vehicle/driver_position_cmd
59.8944,position,1785151837.473099,1.545,/vehicle/driver_position_cmd
59.9485,velocity,1785151837.523098,0.998,/vehicle/driver_position_cmd
59.9494,position,1785151837.523098,1.882,/vehicle/driver_position_cmd
59.9842,velocity,1785151837.497101,0.683,/vehicle/rear_bogie_velocity
59.9850,position,1785151837.497101,1.451,/vehicle/rear_bogie_velocity
59.9939,velocity,1785151837.573090,0.958,/vehicle/driver_position_cmd
59.9948,position,1785151837.573090,1.835,/vehicle/driver_position_cmd
60.0426,velocity,1785151837.623083,1.272,/vehicle/driver_position_cmd
60.0433,position,1785151837.623083,1.994,/vehicle/driver_position_cmd
60.0786,velocity,1785151837.611067,0.582,/vehicle/rear_bogie_velocity
60.0793,position,1785151837.611067,1.275,/vehicle/rear_bogie_velocity
60.0932,velocity,1785151837.673106,0.961,/vehicle/driver_position_cmd
60.0939,position,1785151837.673106,1.677,/vehicle/driver_position_cmd
60.1439,velocity,1785151837.723106,0.453,/vehicle/driver_position_cmd
60.1442,position,1785151837.723106,0.829,/vehicle/driver_position_cmd
60.1813,velocity,1785151837.689044,0.604,/vehicle/rear_bogie_velocity
60.1821,position,1785151837.689044,1.439,/vehicle/rear_bogie_velocity
60.1949,velocity,1785151837.773062,0.844,/vehicle/driver_position_cmd
60.1957,position,1785151837.773062,1.613,/vehicle/driver_position_cmd
60.2511,velocity,1785151837.823090,1.020,/vehicle/driver_position_cmd
60.2519,position,1785151837.823090,1.784,/vehicle/driver_position_cmd
60.2822,velocity,1785151837.797319,0.606,/vehicle/rear_bogie_velocity
60.2829,position,1785151837.797319,1.310,/vehicle/rear_bogie_velocity
60.2946,velocity,1785151837.873109,0.752,/vehicle/driver_position_cmd
60.2953,position,1785151837.873109,1.441,/vehicle/driver_position_cmd
60.3409,velocity,1785151837.923057,0.310,/vehicle/driver_position_cmd
60.3411,position,1785151837.923057,0.556,/vehicle/driver_position_cmd
60.3781,velocity,1785151837.896989,0.388,/vehicle/rear_bogie_velocity
60.3784,position,1785151837.896989,0.690,/vehicle/rear_bogie_velocity
60.3918,velocity,1785151837.973083,0.381,/vehicle/driver_position_cmd
60.3921,position,1785151837.973083,0.645,/vehicle/driver_position_cmd
60.4423,velocity,1785151838.023087,0.638,/vehicle/driver_position_cmd
60.4429,position,1785151838.023087,1.212,/vehicle/driver_position_cmd
60.4823,velocity,1785151838.000972,0.603,/vehicle/rear_bogie_velocity
60.4831,position,1785151838.000972,1.340,/vehicle/rear_bogie_velocity
60.4923,velocity,1785151838.073081,1.466,/vehicle/driver_position_cmd
60.4934,position,1785151838.073081,2.523,/vehicle/driver_position_cmd
60.5434,velocity,1785151838.123094,0.645,/vehicle/driver_position_cmd
60.5442,position,1785151838.123094,1.391,/vehicle/driver_position_cmd
60.5798,velocity,1785151838.112950,0.649,/vehicle/rear_bogie_velocity
60.5806,position,1785151838.112950,1.482,/vehicle/rear_bogie_velocity
60.5917,velocity,1785151838.173105,0.924,/vehicle/driver_position_cmd
60.5925,position,1785151838.173105,1.792,/vehicle/driver_position_cmd
60.6426,velocity,1785151838.223085,1.323,/vehicle/driver_position_cmd
60.6437,position,1785151838.223085,2.385,/vehicle/driver_position_cmd
60.6825,velocity,1785151838.196909,0.823,/vehicle/rear_bogie_velocity
60.6831,position,1785151838.196909,1.407,/vehicle/rear_bogie_velocity
60.6948,velocity,1785151838.273122,0.833,/vehicle/driver_position_cmd
60.6956,position,1785151838.273122,1.620,/vehicle/driver_position_cmd
60.7506,velocity,1785151838.323116,1.034,/vehicle/driver_position_cmd
60.7514,position,1785151838.323116,1.828,/vehicle/driver_position_cmd
60.7812,velocity,1785151838.302878,0.647,/vehicle/rear_bogie_velocity
60.7820,position,1785151838.302878,1.393,/vehicle/rear_bogie_velocity
60.7958,velocity,1785151838.373069,0.957,/vehicle/driver_position_cmd
60.7965,position,1785151838.373069,1.702,/vehicle/driver_position_cmd
60.8452,velocity,1785151838.423088,1.036,/vehicle/driver_position_cmd
60.8459,position,1785151838.423088,1.668,/vehicle/driver_position_cmd
60.8797,velocity,1785151838.404851,0.636,/vehicle/rear_bogie_velocity
60.8806,position,1785151838.404851,1.492,/vehicle/rear_bogie_velocity
60.8922,velocity,1785151838.473077,1.571,/vehicle/driver_position_cmd
60.8932,position,1785151838.473077,2.535,/vehicle/driver_position_cmd
60.9504,velocity,1785151838.523062,0.958,/vehicle/driver_position_cmd
60.9512,position,1785151838.523062,1.731,/vehicle/driver_position_cmd
60.9875,velocity,1785151838.506825,0.602,/vehicle/rear_bogie_velocity
60.9882,position,1785151838.506825,1.293,/vehicle/rear_bogie_velocity
60.9910,velocity,1785151838.573090,0.789,/vehicle/driver_position_cmd
60.9917,position,1785151838.573090,1.486,/vehicle/driver_position_cmd
61.0464,velocity,1785151838.623073,1.026,/vehicle/driver_position_cmd
61.0471,position,1785151838.623073,1.694,/vehicle/driver_position_cmd
61.0803,velocity,1785151838.620808,0.654,/vehicle/rear_bogie_velocity
61.0812,position,1785151838.620808,1.521,/vehicle/rear_bogie_velocity
61.0963,velocity,1785151838.673079,0.963,/vehicle/driver_position_cmd
61.0971,position,1785151838.673079,1.827,/vehicle/driver_position_cmd
61.1482,velocity,1785151838.723057,1.010,/vehicle/driver_position_cmd
61.1489,position,1785151838.723057,1.705,/vehicle/driver_position_cmd
61.1861,velocity,1785151838.690778,0.616,/vehicle/rear_bogie_velocity
61.1868,position,1785151838.690778,1.324,/vehicle/rear_bogie_velocity
61.1916,velocity,1785151838.773093,0.776,/vehicle/driver_position_cmd
61.1929,position,1785151838.773093,2.072,/vehicle/driver_position_cmd
61.2465,velocity,1785151838.823098,0.992,/vehicle/driver_position_cmd
61.2472,position,1785151838.823098,1.615,/vehicle/driver_position_cmd
61.2889,velocity,1785151838.796746,0.573,/vehicle/rear_bogie_velocity
61.2917,position,1785151838.796746,3.396,/vehicle/rear_bogie_velocity
61.2929,velocity,1785151838.873091,0.518,/vehicle/driver_position_cmd
61.2933,position,1785151838.873091,0.970,/vehicle/driver_position_cmd
61.3504,velocity,1785151838.923093,0.472,/vehicle/driver_position_cmd
61.3509,position,1785151838.923093,0.915,/vehicle/driver_position_cmd
61.3820,velocity,1785151838.884726,0.608,/vehicle/rear_bogie_velocity
61.3829,position,1785151838.884726,1.448,/vehicle/rear_bogie_velocity
61.3955,velocity,1785151838.973088,1.006,/vehicle/driver_position_cmd
61.3962,position,1785151838.973088,1.741,/vehicle/driver_position_cmd
61.4512,velocity,1785151839.023135,0.981,/vehicle/driver_position_cmd
61.4520,position,1785151839.023135,1.863,/vehicle/driver_position_cmd
61.4858,velocity,1785151838.994694,0.630,/vehicle/rear_bogie_velocity
61.4866,position,1785151838.994694,1.462,/vehicle/rear_bogie_velocity
61.4942,velocity,1785151839.073135,1.010,/vehicle/driver_position_cmd
61.4951,position,1785151839.073135,1.918,/vehicle/driver_position_cmd
61.5455,velocity,1785151839.123314,0.511,/vehicle/driver_position_cmd
61.5461,position,1785151839.123314,1.106,/vehicle/driver_position_cmd
61.5839,velocity,1785151839.092667,0.703,/vehicle/rear_bogie_velocity
61.5847,position,1785151839.092667,1.461,/vehicle/rear_bogie_velocity
61.5945,velocity,1785151839.173113,1.108,/vehicle/driver_position_cmd
61.5954,position,1785151839.173113,1.973,/vehicle/driver_position_cmd
61.6473,velocity,1785151839.223085,0.979,/vehicle/driver_position_cmd
61.6481,position,1785151839.223085,1.752,/vehicle/driver_position_cmd
61.6808,velocity,1785151839.202631,0.332,/vehicle/rear_bogie_velocity
61.6812,position,1785151839.202631,0.758,/vehicle/rear_bogie_velocity
61.6938,velocity,1785151839.273099,0.802,/vehicle/driver_position_cmd
61.6946,position,1785151839.273099,1.597,/vehicle/driver_position_cmd
61.7455,velocity,1785151839.323085,1.039,/vehicle/driver_position_cmd
61.7462,position,1785151839.323085,1.758,/vehicle/driver_position_cmd
61.7833,velocity,1785151839.296601,0.659,/vehicle/rear_bogie_velocity
61.7841,position,1785151839.296601,1.396,/vehicle/rear_bogie_velocity
61.7917,velocity,1785151839.373126,0.847,/vehicle/driver_position_cmd
61.7925,position,1785151839.373126,1.651,/vehicle/driver_position_cmd
61.8524,velocity,1785151839.423017,1.005,/vehicle/driver_position_cmd
61.8533,position,1785151839.423017,1.843,/vehicle/driver_position_cmd
61.8851,velocity,1785151839.404576,0.769,/vehicle/rear_bogie_velocity
61.8855,position,1785151839.404576,1.162,/vehicle/rear_bogie_velocity
61.8941,velocity,1785151839.473100,0.850,/vehicle/driver_position_cmd
61.8948,position,1785151839.473100,1.504,/vehicle/driver_position_cmd
61.9443,velocity,1785151839.523147,0.887,/vehicle/driver_position_cmd
61.9448,position,1785151839.523147,1.344,/vehicle/driver_position_cmd
61.9806,velocity,1785151839.490550,0.496,/vehicle/rear_bogie_velocity
61.9813,position,1785151839.490550,1.217,/vehicle/rear_bogie_velocity
61.9926,velocity,1785151839.573103,0.602,/vehicle/driver_position_cmd
61.9934,position,1785151839.573103,1.361,/vehicle/driver_position_cmd
62.0427,velocity,1785151839.623105,0.751,/vehicle/driver_position_cmd
62.0434,position,1785151839.623105,1.471,/vehicle/driver_position_cmd
62.0786,velocity,1785151839.594522,0.489,/vehicle/rear_bogie_velocity
62.0793,position,1785151839.594522,1.241,/vehicle/rear_bogie_velocity
62.0959,velocity,1785151839.673118,0.826,/vehicle/driver_position_cmd
62.0966,position,1785151839.673118,1.528,/vehicle/driver_position_cmd
62.1488,velocity,1785151839.723067,0.982,/vehicle/driver_position_cmd
62.1494,position,1785151839.723067,1.580,/vehicle/driver_position_cmd
62.1865,velocity,1785151839.702496,0.571,/vehicle/rear_bogie_velocity
62.1874,position,1785151839.702496,1.456,/vehicle/rear_bogie_velocity
62.1931,velocity,1785151839.773069,0.910,/vehicle/driver_position_cmd
62.1940,position,1785151839.773069,1.833,/vehicle/driver_position_cmd
62.2450,velocity,1785151839.823107,0.928,/vehicle/driver_position_cmd
62.2458,position,1785151839.823107,1.752,/vehicle/driver_position_cmd
62.2803,velocity,1785151839.800466,0.522,/vehicle/rear_bogie_velocity
62.2811,position,1785151839.800466,1.283,/vehicle/rear_bogie_velocity
62.2919,velocity,1785151839.873086,0.767,/vehicle/driver_position_cmd
62.2938,position,1785151839.873086,2.620,/vehicle/driver_position_cmd
62.3438,velocity,1785151839.923099,0.938,/vehicle/driver_position_cmd
62.3446,position,1785151839.923099,1.680,/vehicle/driver_position_cmd
62.3795,velocity,1785151839.888438,0.487,/vehicle/rear_bogie_velocity
62.3803,position,1785151839.888438,1.221,/vehicle/rear_bogie_velocity
62.3936,velocity,1785151839.973078,0.722,/vehicle/driver_position_cmd
62.3943,position,1785151839.973078,1.446,/vehicle/driver_position_cmd
62.4460,velocity,1785151840.023095,0.839,/vehicle/driver_position_cmd
62.4467,position,1785151840.023095,1.515,/vehicle/driver_position_cmd
62.4840,velocity,1785151840.002405,0.590,/vehicle/rear_bogie_velocity
62.4847,position,1785151840.002405,1.293,/vehicle/rear_bogie_velocity
62.4943,velocity,1785151840.073087,0.548,/vehicle/driver_position_cmd
62.4950,position,1785151840.073087,1.291,/vehicle/driver_position_cmd
62.5468,velocity,1785151840.123075,0.347,/vehicle/driver_position_cmd
62.5473,position,1785151840.123075,0.777,/vehicle/driver_position_cmd
62.5998,velocity,1785151840.173109,0.970,/vehicle/driver_position_cmd
62.6007,position,1785151840.173109,1.816,/vehicle/driver_position_cmd
62.6476,velocity,1785151840.223061,0.990,/vehicle/driver_position_cmd
62.6486,position,1785151840.223061,1.993,/vehicle/driver_position_cmd
62.6833,velocity,1785151840.222361,0.626,/vehicle/rear_bogie_velocity
62.6839,position,1785151840.222361,1.251,/vehicle/rear_bogie_velocity
62.6937,velocity,1785151840.273126,0.962,/vehicle/driver_position_cmd
62.6945,position,1785151840.273126,1.726,/vehicle/driver_position_cmd
62.7508,velocity,1785151840.323065,1.018,/vehicle/driver_position_cmd
62.7514,position,1785151840.323065,1.616,/vehicle/driver_position_cmd
62.7806,velocity,1785151840.298334,0.613,/vehicle/rear_bogie_velocity
62.7815,position,1785151840.298334,1.498,/vehicle/rear_bogie_velocity
62.7916,velocity,1785151840.373068,1.088,/vehicle/driver_position_cmd
62.7929,position,1785151840.373068,2.311,/vehicle/driver_position_cmd
62.8498,velocity,1785151840.423118,0.942,/vehicle/driver_position_cmd
62.8506,position,1785151840.423118,1.750,/vehicle/driver_position_cmd
62.8788,velocity,1785151840.398298,0.496,/vehicle/rear_bogie_velocity
62.8794,position,1785151840.398298,1.092,/vehicle/rear_bogie_velocity
62.8961,velocity,1785151840.473087,0.703,/vehicle/driver_position_cmd
62.8969,position,1785151840.473087,1.527,/vehicle/driver_position_cmd
62.9442,velocity,1785151840.523062,1.009,/vehicle/driver_position_cmd
62.9450,position,1785151840.523062,1.878,/vehicle/driver_position_cmd
62.9853,velocity,1785151840.494277,0.647,/vehicle/rear_bogie_velocity
62.9859,position,1785151840.494277,1.325,/vehicle/rear_bogie_velocity
62.9919,velocity,1785151840.573086,1.373,/vehicle/driver_position_cmd
62.9925,position,1785151840.573086,1.912,/vehicle/driver_position_cmd
63.0428,velocity,1785151840.623080,1.208,/vehicle/driver_position_cmd
63.0435,position,1785151840.623080,1.943,/vehicle/driver_position_cmd
63.0815,velocity,1785151840.594249,0.539,/vehicle/rear_bogie_velocity
63.0821,position,1785151840.594249,1.176,/vehicle/rear_bogie_velocity
63.0918,velocity,1785151840.673082,1.133,/vehicle/driver_position_cmd
63.0925,position,1785151840.673082,1.864,/vehicle/driver_position_cmd
63.1426,velocity,1785151840.723092,1.032,/vehicle/driver_position_cmd
63.1434,position,1785151840.723092,1.816,/vehicle/driver_position_cmd
63.1797,velocity,1785151840.686215,0.521,/vehicle/rear_bogie_velocity
63.1805,position,1785151840.686215,1.358,/vehicle/rear_bogie_velocity
63.1933,velocity,1785151840.773094,0.972,/vehicle/driver_position_cmd
63.1942,position,1785151840.773094,1.855,/vehicle/driver_position_cmd
63.2405,velocity,1785151840.823085,0.215,/vehicle/driver_position_cmd
63.2406,position,1785151840.823085,0.383,/vehicle/driver_position_cmd
63.2814,velocity,1785151840.802188,0.322,/vehicle/rear_bogie_velocity
63.2818,position,1785151840.802188,0.689,/vehicle/rear_bogie_velocity
63.2912,velocity,1785151840.873098,0.444,/vehicle/driver_position_cmd
63.2916,position,1785151840.873098,0.833,/vehicle/driver_position_cmd
63.3448,velocity,1785151840.923097,0.675,/vehicle/driver_position_cmd
63.3454,position,1785151840.923097,1.247,/vehicle/driver_position_cmd
63.3803,velocity,1785151840.886177,0.603,/vehicle/rear_bogie_velocity
63.3811,position,1785151840.886177,1.391,/vehicle/rear_bogie_velocity
63.3962,velocity,1785151840.973107,0.910,/vehicle/driver_position_cmd
63.3970,position,1785151840.973107,1.764,/vehicle/driver_position_cmd
63.4435,velocity,1785151841.023089,1.039,/vehicle/driver_position_cmd
63.4442,position,1785151841.023089,1.712,/vehicle/driver_position_cmd
63.4827,velocity,1785151840.998128,0.586,/vehicle/rear_bogie_velocity
63.4835,position,1785151840.998128,1.464,/vehicle/rear_bogie_velocity
63.4939,velocity,1785151841.073083,0.882,/vehicle/driver_position_cmd
63.4947,position,1785151841.073083,1.607,/vehicle/driver_position_cmd
63.5493,velocity,1785151841.123083,0.973,/vehicle/driver_position_cmd
63.5499,position,1785151841.123083,1.629,/vehicle/driver_position_cmd
63.5791,velocity,1785151841.104108,0.676,/vehicle/rear_bogie_velocity
63.5799,position,1785151841.104108,1.455,/vehicle/rear_bogie_velocity
63.5965,velocity,1785151841.173092,0.921,/vehicle/driver_position_cmd
63.5972,position,1785151841.173092,1.601,/vehicle/driver_position_cmd
63.6514,velocity,1785151841.223094,1.057,/vehicle/driver_position_cmd
63.6523,position,1785151841.223094,2.007,/vehicle/driver_position_cmd
63.6797,velocity,1785151841.186093,0.628,/vehicle/rear_bogie_velocity
63.6805,position,1785151841.186093,1.404,/vehicle/rear_bogie_velocity
63.6921,velocity,1785151841.273097,0.822,/vehicle/driver_position_cmd
63.6930,position,1785151841.273097,1.686,/vehicle/driver_position_cmd
63.7514,velocity,1785151841.323121,0.990,/vehicle/driver_position_cmd
63.7520,position,1785151841.323121,1.614,/vehicle/driver_position_cmd
63.7835,velocity,1785151841.288044,0.612,/vehicle/rear_bogie_velocity
63.7842,position,1785151841.288044,1.232,/vehicle/rear_bogie_velocity
63.7922,velocity,1785151841.373102,0.969,/vehicle/driver_position_cmd
63.7930,position,1785151841.373102,1.718,/vehicle/driver_position_cmd
63.8466,velocity,1785151841.423065,0.999,/vehicle/driver_position_cmd
63.8475,position,1785151841.423065,1.877,/vehicle/driver_position_cmd
63.8803,velocity,1785151841.396033,0.680,/vehicle/rear_bogie_velocity
63.8812,position,1785151841.396033,1.592,/vehicle/rear_bogie_velocity
63.8922,velocity,1785151841.473099,1.313,/vehicle/driver_position_cmd
63.8931,position,1785151841.473099,2.228,/vehicle/driver_position_cmd
63.9515,velocity,1785151841.523197,0.973,/vehicle/driver_position_cmd
63.9523,position,1785151841.523197,1.835,/vehicle/driver_position_cmd
63.9825,velocity,1785151841.488007,0.614,/vehicle/rear_bogie_velocity
63.9834,position,1785151841.488007,1.522,/vehicle/rear_bogie_velocity
63.9923,velocity,1785151841.573102,0.984,/vehicle/driver_position_cmd
63.9930,position,1785151841.573102,1.686,/vehicle/driver_position_cmd
64.0466,velocity,1785151841.623105,0.997,/vehicle/driver_position_cmd
64.0473,position,1785151841.623105,1.636,/vehicle/driver_position_cmd
64.0824,velocity,1785151841.587970,0.440,/vehicle/rear_bogie_velocity
64.0829,position,1785151841.587970,0.932,/vehicle/rear_bogie_velocity
64.0909,velocity,1785151841.673069,0.656,/vehicle/driver_position_cmd
64.0918,position,1785151841.673069,1.534,/vehicle/driver_position_cmd
64.1456,velocity,1785151841.723067,1.116,/vehicle/driver_position_cmd
64.1463,position,1785151841.723067,1.906,/vehicle/driver_position_cmd
64.1803,velocity,1785151841.687942,0.637,/vehicle/rear_bogie_velocity
64.1810,position,1785151841.687942,1.429,/vehicle/rear_bogie_velocity
64.1920,velocity,1785151841.773109,0.804,/vehicle/driver_position_cmd
64.1926,position,1785151841.773109,1.384,/vehicle/driver_position_cmd
64.2441,velocity,1785151841.823060,0.999,/vehicle/driver_position_cmd
64.2449,position,1785151841.823060,1.833,/vehicle/driver_position_cmd
64.2854,velocity,1785151841.795904,0.695,/vehicle/rear_bogie_velocity
64.2860,position,1785151841.795904,1.351,/vehicle/rear_bogie_velocity
64.2910,velocity,1785151841.873064,0.690,/vehicle/driver_position_cmd
64.2920,position,1785151841.873064,1.687,/vehicle/driver_position_cmd
64.3433,velocity,1785151841.923090,1.190,/vehicle/driver_position_cmd
64.3440,position,1785151841.923090,1.951,/vehicle/driver_position_cmd
64.3800,velocity,1785151841.887895,0.687,/vehicle/rear_bogie_velocity
64.3809,position,1785151841.887895,1.631,/vehicle/rear_bogie_velocity
64.3954,velocity,1785151841.973094,1.049,/vehicle/driver_position_cmd
64.3964,position,1785151841.973094,2.002,/vehicle/driver_position_cmd
64.4467,velocity,1785151842.023204,1.024,/vehicle/driver_position_cmd
64.4473,position,1785151842.023204,1.681,/vehicle/driver_position_cmd
64.4853,velocity,1785151841.995859,0.687,/vehicle/rear_bogie_velocity
64.4863,position,1785151841.995859,1.650,/vehicle/rear_bogie_velocity
64.4936,velocity,1785151842.073074,0.951,/vehicle/driver_position_cmd
64.4945,position,1785151842.073074,1.807,/vehicle/driver_position_cmd
64.5466,velocity,1785151842.123088,0.543,/vehicle/driver_position_cmd
64.5470,position,1785151842.123088,0.956,/vehicle/driver_position_cmd
64.5843,velocity,1785151842.095830,0.646,/vehicle/rear_bogie_velocity
64.5849,position,1785151842.095830,1.326,/vehicle/rear_bogie_velocity
64.5936,velocity,1785151842.173094,0.922,/vehicle/driver_position_cmd
64.5947,position,1785151842.173094,2.036,/vehicle/driver_position_cmd
64.6426,velocity,1785151842.223089,1.436,/vehicle/driver_position_cmd
64.6432,position,1785151842.223089,2.085,/vehicle/driver_position_cmd
64.6796,velocity,1785151842.195811,0.580,/vehicle/rear_bogie_velocity
64.6804,position,1785151842.195811,1.312,/vehicle/rear_bogie_velocity
64.6921,velocity,1785151842.273096,1.624,/vehicle/driver_position_cmd
64.6928,position,1785151842.273096,2.290,/vehicle/driver_position_cmd
64.7500,velocity,1785151842.323081,0.993,/vehicle/driver_position_cmd
64.7509,position,1785151842.323081,1.860,/vehicle/driver_position_cmd
64.7797,velocity,1785151842.291783,0.627,/vehicle/rear_bogie_velocity
64.7806,position,1785151842.291783,1.481,/vehicle/rear_bogie_velocity
64.7916,velocity,1785151842.373091,1.125,/vehicle/driver_position_cmd
64.7922,position,1785151842.373091,1.766,/vehicle/driver_position_cmd
64.8515,velocity,1785151842.423059,0.931,/vehicle/driver_position_cmd
64.8520,position,1785151842.423059,1.461,/vehicle/driver_position_cmd
64.8815,velocity,1785151842.427748,0.886,/vehicle/rear_bogie_velocity
64.8823,position,1785151842.427748,1.757,/vehicle/rear_bogie_velocity
64.8961,velocity,1785151842.473074,0.775,/vehicle/driver_position_cmd
64.8968,position,1785151842.473074,1.505,/vehicle/driver_position_cmd
64.9430,velocity,1785151842.523115,0.889,/vehicle/driver_position_cmd
64.9437,position,1785151842.523115,1.561,/vehicle/driver_position_cmd
64.9823,velocity,1785151842.499730,0.459,/vehicle/rear_bogie_velocity
64.9830,position,1785151842.499730,1.185,/vehicle/rear_bogie_velocity
64.9936,velocity,1785151842.573130,0.705,/vehicle/driver_position_cmd
64.9943,position,1785151842.573130,1.414,/vehicle/driver_position_cmd
65.0434,velocity,1785151842.623085,0.565,/vehicle/driver_position_cmd
65.0441,position,1785151842.623085,1.318,/vehicle/driver_position_cmd
65.0807,velocity,1785151842.583708,0.491,/vehicle/rear_bogie_velocity
65.0814,position,1785151842.583708,1.247,/vehicle/rear_bogie_velocity
65.0951,velocity,1785151842.673066,0.412,/vehicle/driver_position_cmd
65.0954,position,1785151842.673066,0.758,/vehicle/driver_position_cmd
65.1431,velocity,1785151842.723075,1.959,/vehicle/driver_position_cmd
65.1436,position,1785151842.723075,2.475,/vehicle/driver_position_cmd
65.1854,velocity,1785151842.693678,0.596,/vehicle/rear_bogie_velocity
65.1864,position,1785151842.693678,1.593,/vehicle/rear_bogie_velocity
65.1936,velocity,1785151842.773064,1.124,/vehicle/driver_position_cmd
65.1945,position,1785151842.773064,2.031,/vehicle/driver_position_cmd
65.2422,velocity,1785151842.823056,0.735,/vehicle/driver_position_cmd
65.2429,position,1785151842.823056,1.435,/vehicle/driver_position_cmd
65.2852,velocity,1785151842.797650,0.571,/vehicle/rear_bogie_velocity
65.2857,position,1785151842.797650,1.015,/vehicle/rear_bogie_velocity
65.2948,velocity,1785151842.873094,0.373,/vehicle/driver_position_cmd
65.2951,position,1785151842.873094,0.721,/vehicle/driver_position_cmd
65.3421,velocity,1785151842.923118,0.965,/vehicle/driver_position_cmd
65.3428,position,1785151842.923118,1.688,/vehicle/driver_position_cmd
65.3812,velocity,1785151842.887621,0.540,/vehicle/rear_bogie_velocity
65.3819,position,1785151842.887621,1.283,/vehicle/rear_bogie_velocity
65.3957,velocity,1785151842.973089,0.733,/vehicle/driver_position_cmd
65.3964,position,1785151842.973089,1.404,/vehicle/driver_position_cmd
65.4457,velocity,1785151843.023064,0.736,/vehicle/driver_position_cmd
65.4464,position,1785151843.023064,1.480,/vehicle/driver_position_cmd
65.4791,velocity,1785151843.003605,0.551,/vehicle/rear_bogie_velocity
65.4799,position,1785151843.003605,1.296,/vehicle/rear_bogie_velocity
65.4983,velocity,1785151843.073086,0.816,/vehicle/driver_position_cmd
65.4987,position,1785151843.073086,1.184,/vehicle/driver_position_cmd
65.5445,velocity,1785151843.123104,0.682,/vehicle/driver_position_cmd
65.5449,position,1785151843.123104,1.099,/vehicle/driver_position_cmd
65.5789,velocity,1785151843.083567,0.487,/vehicle/rear_bogie_velocity
65.5796,position,1785151843.083567,1.141,/vehicle/rear_bogie_velocity
65.5957,velocity,1785151843.173083,0.525,/vehicle/driver_position_cmd
65.5964,position,1785151843.173083,1.211,/vehicle/driver_position_cmd
65.6454,velocity,1785151843.223092,0.971,/vehicle/driver_position_cmd
65.6463,position,1785151843.223092,1.822,/vehicle/driver_position_cmd
65.6795,velocity,1785151843.185538,0.822,/vehicle/rear_bogie_velocity
65.6801,position,1785151843.185538,1.413,/vehicle/rear_bogie_velocity
65.6920,velocity,1785151843.273082,1.433,/vehicle/driver_position_cmd
65.6925,position,1785151843.273082,1.910,/vehicle/driver_position_cmd
65.7514,velocity,1785151843.323097,0.950,/vehicle/driver_position_cmd
65.7522,position,1785151843.323097,1.738,/vehicle/driver_position_cmd
65.7839,velocity,1785151843.295518,0.636,/vehicle/rear_bogie_velocity
65.7848,position,1785151843.295518,1.505,/vehicle/rear_bogie_velocity
65.7965,velocity,1785151843.373114,0.872,/vehicle/driver_position_cmd
65.7974,position,1785151843.373114,1.723,/vehicle/driver_position_cmd
65.8486,velocity,1785151843.423092,1.036,/vehicle/driver_position_cmd
65.8495,position,1785151843.423092,1.913,/vehicle/driver_position_cmd
65.8843,velocity,1785151843.407482,0.521,/vehicle/rear_bogie_velocity
65.8850,position,1785151843.407482,1.154,/vehicle/rear_bogie_velocity
65.8935,velocity,1785151843.473094,0.708,/vehicle/driver_position_cmd
65.8942,position,1785151843.473094,1.394,/vehicle/driver_position_cmd
65.9502,velocity,1785151843.523089,0.986,/vehicle/driver_position_cmd
65.9508,position,1785151843.523089,1.602,/vehicle/driver_position_cmd
65.9804,velocity,1785151843.491460,0.680,/vehicle/rear_bogie_velocity
65.9810,position,1785151843.491460,1.305,/vehicle/rear_bogie_velocity
65.9953,velocity,1785151843.573090,0.985,/vehicle/driver_position_cmd
65.9960,position,1785151843.573090,1.652,/vehicle/driver_position_cmd
66.0460,velocity,1785151843.623092,0.978,/vehicle/driver_position_cmd
66.0468,position,1785151843.623092,1.734,/vehicle/driver_position_cmd
66.0835,velocity,1785151843.587427,0.606,/vehicle/rear_bogie_velocity
66.0842,position,1785151843.587427,1.308,/vehicle/rear_bogie_velocity
66.0943,velocity,1785151843.673091,1.002,/vehicle/driver_position_cmd
66.0950,position,1785151843.673091,1.676,/vehicle/driver_position_cmd
66.1512,velocity,1785151843.723115,0.993,/vehicle/driver_position_cmd
66.1520,position,1785151843.723115,1.787,/vehicle/driver_position_cmd
66.1791,velocity,1785151843.697402,0.613,/vehicle/rear_bogie_velocity
66.1799,position,1785151843.697402,1.437,/vehicle/rear_bogie_velocity
66.1942,velocity,1785151843.773075,0.961,/vehicle/driver_position_cmd
66.1947,position,1785151843.773075,1.453,/vehicle/driver_position_cmd
66.2475,velocity,1785151843.823088,1.035,/vehicle/driver_position_cmd
66.2482,position,1785151843.823088,1.730,/vehicle/driver_position_cmd
66.2828,velocity,1785151843.795368,0.647,/vehicle/rear_bogie_velocity
66.2835,position,1785151843.795368,1.292,/vehicle/rear_bogie_velocity
66.2927,velocity,1785151843.873092,0.703,/vehicle/driver_position_cmd
66.2933,position,1785151843.873092,1.278,/vehicle/driver_position_cmd
66.3502,velocity,1785151843.923085,0.911,/vehicle/driver_position_cmd
66.3509,position,1785151843.923085,1.637,/vehicle/driver_position_cmd
66.3789,velocity,1785151843.891348,0.570,/vehicle/rear_bogie_velocity
66.3798,position,1785151843.891348,1.474,/vehicle/rear_bogie_velocity
66.3929,velocity,1785151843.973096,0.753,/vehicle/driver_position_cmd
66.3936,position,1785151843.973096,1.477,/vehicle/driver_position_cmd
66.4530,velocity,1785151844.023103,1.105,/vehicle/driver_position_cmd
66.4536,position,1785151844.023103,1.753,/vehicle/driver_position_cmd
66.4832,velocity,1785151843.997314,0.291,/vehicle/rear_bogie_velocity
66.4839,position,1785151843.997314,1.008,/vehicle/rear_bogie_velocity
66.4946,velocity,1785151844.073125,0.541,/vehicle/driver_position_cmd
66.4952,position,1785151844.073125,1.114,/vehicle/driver_position_cmd
66.5517,velocity,1785151844.123095,0.508,/vehicle/driver_position_cmd
66.5526,position,1785151844.123095,1.406,/vehicle/driver_position_cmd
66.5816,velocity,1785151844.093289,0.618,/vehicle/rear_bogie_velocity
66.5826,position,1785151844.093289,1.545,/vehicle/rear_bogie_velocity
66.5922,velocity,1785151844.173084,1.144,/vehicle/driver_position_cmd
66.5933,position,1785151844.173084,2.226,/vehicle/driver_position_cmd
66.6527,velocity,1785151844.223076,0.911,/vehicle/driver_position_cmd
66.6536,position,1785151844.223076,1.809,/vehicle/driver_position_cmd
66.6859,velocity,1785151844.197256,0.633,/vehicle/rear_bogie_velocity
66.6870,position,1785151844.197256,1.661,/vehicle/rear_bogie_velocity
66.6935,velocity,1785151844.273094,0.905,/vehicle/driver_position_cmd
66.6948,position,1785151844.273094,2.224,/vehicle/driver_position_cmd
66.7505,velocity,1785151844.323093,0.999,/vehicle/driver_position_cmd
66.7515,position,1785151844.323093,2.015,/vehicle/driver_position_cmd
66.7841,velocity,1785151844.297232,0.866,/vehicle/rear_bogie_velocity
66.7851,position,1785151844.297232,1.908,/vehicle/rear_bogie_velocity
66.7942,velocity,1785151844.373084,0.888,/vehicle/driver_position_cmd
66.7952,position,1785151844.373084,1.913,/vehicle/driver_position_cmd
66.8496,velocity,1785151844.423113,0.982,/vehicle/driver_position_cmd
66.8503,position,1785151844.423113,1.658,/vehicle/driver_position_cmd
66.8849,velocity,1785151844.407206,0.661,/vehicle/rear_bogie_velocity
66.8859,position,1785151844.407206,1.698,/vehicle/rear_bogie_velocity
66.8919,velocity,1785151844.473089,1.046,/vehicle/driver_position_cmd
66.8929,position,1785151844.473089,2.065,/vehicle/driver_position_cmd
66.9518,velocity,1785151844.523103,1.014,/vehicle/driver_position_cmd
66.9528,position,1785151844.523103,1.959,/vehicle/driver_position_cmd
67.0018,velocity,1785151844.573125,1.025,/vehicle/driver_position_cmd
67.0025,position,1785151844.573125,1.669,/vehicle/driver_position_cmd
67.0459,velocity,1785151844.623087,1.063,/vehicle/driver_position_cmd
67.0469,position,1785151844.623087,2.040,/vehicle/driver_position_cmd
67.0852,velocity,1785151844.589158,0.782,/vehicle/rear_bogie_velocity
67.0861,position,1785151844.589158,1.639,/vehicle/rear_bogie_velocity
67.0954,velocity,1785151844.673098,1.079,/vehicle/driver_position_cmd
67.0966,position,1785151844.673098,2.280,/vehicle/driver_position_cmd
67.1528,velocity,1785151844.723156,0.990,/vehicle/driver_position_cmd
67.1539,position,1785151844.723156,2.168,/vehicle/driver_position_cmd
67.1789,velocity,1785151844.689118,0.416,/vehicle/rear_bogie_velocity
67.1794,position,1785151844.689118,0.950,/vehicle/rear_bogie_velocity
67.1924,velocity,1785151844.773097,1.150,/vehicle/driver_position_cmd
67.1938,position,1785151844.773097,2.554,/vehicle/driver_position_cmd
67.2526,velocity,1785151844.823119,0.958,/vehicle/driver_position_cmd
67.2532,position,1785151844.823119,1.552,/vehicle/driver_position_cmd
67.2822,velocity,1785151844.799090,0.663,/vehicle/rear_bogie_velocity
67.2835,position,1785151844.799090,1.934,/vehicle/rear_bogie_velocity
67.2952,velocity,1785151844.873094,0.912,/vehicle/driver_position_cmd
67.2962,position,1785151844.873094,1.941,/vehicle/driver_position_cmd
67.3459,velocity,1785151844.923063,0.634,/vehicle/driver_position_cmd
67.3464,position,1785151844.923063,1.197,/vehicle/driver_position_cmd
67.3847,velocity,1785151844.887064,0.632,/vehicle/rear_bogie_velocity
67.3853,position,1785151844.887064,1.323,/vehicle/rear_bogie_velocity
67.3920,velocity,1785151844.973101,0.930,/vehicle/driver_position_cmd
67.3929,position,1785151844.973101,1.774,/vehicle/driver_position_cmd
67.4469,velocity,1785151845.023078,1.020,/vehicle/driver_position_cmd
67.4477,position,1785151845.023078,1.900,/vehicle/driver_position_cmd
67.4881,velocity,1785151844.995037,0.642,/vehicle/rear_bogie_velocity
67.4892,position,1785151844.995037,1.783,/vehicle/rear_bogie_velocity
67.4911,velocity,1785151845.073083,0.721,/vehicle/driver_position_cmd
67.4917,position,1785151845.073083,1.250,/vehicle/driver_position_cmd
67.5431,velocity,1785151845.123077,0.736,/vehicle/driver_position_cmd
67.5438,position,1785151845.123077,1.460,/vehicle/driver_position_cmd
67.5791,velocity,1785151845.089022,0.633,/vehicle/rear_bogie_velocity
67.5800,position,1785151845.089022,1.540,/vehicle/rear_bogie_velocity
67.5937,velocity,1785151845.173081,0.856,/vehicle/driver_position_cmd
67.5945,position,1785151845.173081,1.700,/vehicle/driver_position_cmd
67.6499,velocity,1785151845.223072,0.964,/vehicle/driver_position_cmd
67.6506,position,1785151845.223072,1.715,/vehicle/driver_position_cmd
67.6789,velocity,1785151845.194981,0.708,/vehicle/rear_bogie_velocity
67.6796,position,1785151845.194981,1.478,/vehicle/rear_bogie_velocity
67.6924,velocity,1785151845.273091,0.881,/vehicle/driver_position_cmd
67.6932,position,1785151845.273091,1.689,/vehicle/driver_position_cmd
67.7420,velocity,1785151845.323060,1.150,/vehicle/driver_position_cmd
67.7427,position,1785151845.323060,1.767,/vehicle/driver_position_cmd
67.7805,velocity,1785151845.294967,0.545,/vehicle/rear_bogie_velocity
67.7812,position,1785151845.294967,1.281,/vehicle/rear_bogie_velocity
67.7935,velocity,1785151845.373075,0.729,/vehicle/driver_position_cmd
67.7942,position,1785151845.373075,1.441,/vehicle/driver_position_cmd
67.8510,velocity,1785151845.423080,0.790,/vehicle/driver_position_cmd
67.8517,position,1785151845.423080,1.458,/vehicle/driver_position_cmd
67.8881,velocity,1785151845.398923,0.514,/vehicle/rear_bogie_velocity
67.8889,position,1785151845.398923,1.257,/vehicle/rear_bogie_velocity
67.8913,velocity,1785151845.473076,0.427,/vehicle/driver_position_cmd
67.8917,position,1785151845.473076,0.899,/vehicle/driver_position_cmd
67.9450,velocity,1785151845.523140,0.789,/vehicle/driver_position_cmd
67.9457,position,1785151845.523140,1.463,/vehicle/driver_position_cmd
67.9805,velocity,1785151845.492904,0.455,/vehicle/rear_bogie_velocity
67.9813,position,1785151845.492904,1.156,/vehicle/rear_bogie_velocity
67.9955,velocity,1785151845.573199,0.713,/vehicle/driver_position_cmd
67.9962,position,1785151845.573199,1.414,/vehicle/driver_position_cmd
68.0512,velocity,1785151845.623079,0.882,/vehicle/driver_position_cmd
68.0520,position,1785151845.623079,1.656,/vehicle/driver_position_cmd
68.0786,velocity,1785151845.586871,0.488,/vehicle/rear_bogie_velocity
68.0793,position,1785151845.586871,1.220,/vehicle/rear_bogie_velocity
68.0982,velocity,1785151845.673111,0.843,/vehicle/driver_position_cmd
68.0990,position,1785151845.673111,1.663,/vehicle/driver_position_cmd
68.1434,velocity,1785151845.723073,1.070,/vehicle/driver_position_cmd
68.1441,position,1785151845.723073,1.755,/vehicle/driver_position_cmd
68.1847,velocity,1785151845.688840,0.560,/vehicle/rear_bogie_velocity
68.1854,position,1785151845.688840,1.272,/vehicle/rear_bogie_velocity
68.1920,velocity,1785151845.773082,1.072,/vehicle/driver_position_cmd
68.1929,position,1785151845.773082,2.022,/vehicle/driver_position_cmd
68.2474,velocity,1785151845.823089,0.398,/vehicle/driver_position_cmd
68.2477,position,1785151845.823089,0.783,/vehicle/driver_position_cmd
68.2790,velocity,1785151845.788819,0.424,/vehicle/rear_bogie_velocity
68.2794,position,1785151845.788819,0.825,/vehicle/rear_bogie_velocity
68.2914,velocity,1785151845.873106,0.524,/vehicle/driver_position_cmd
68.2919,position,1785151845.873106,1.029,/vehicle/driver_position_cmd
68.3436,velocity,1785151845.923057,0.837,/vehicle/driver_position_cmd
68.3443,position,1785151845.923057,1.526,/vehicle/driver_position_cmd
68.3793,velocity,1785151845.886800,0.781,/vehicle/rear_bogie_velocity
68.3797,position,1785151845.886800,1.227,/vehicle/rear_bogie_velocity
68.3919,velocity,1785151845.973096,0.845,/vehicle/driver_position_cmd
68.3927,position,1785151845.973096,1.607,/vehicle/driver_position_cmd
68.4461,velocity,1785151846.023104,0.892,/vehicle/driver_position_cmd
68.4470,position,1785151846.023104,1.774,/vehicle/driver_position_cmd
68.4851,velocity,1785151846.000756,0.535,/vehicle/rear_bogie_velocity
68.4859,position,1785151846.000756,1.273,/vehicle/rear_bogie_velocity
68.4940,velocity,1785151846.073100,0.567,/vehicle/driver_position_cmd
68.4946,position,1785151846.073100,1.232,/vehicle/driver_position_cmd
68.5426,velocity,1785151846.123090,0.620,/vehicle/driver_position_cmd
68.5432,position,1785151846.123090,1.183,/vehicle/driver_position_cmd
68.5805,velocity,1785151846.104735,0.461,/vehicle/rear_bogie_velocity
68.5813,position,1785151846.104735,1.186,/vehicle/rear_bogie_velocity
68.5912,velocity,1785151846.173057,0.964,/vehicle/driver_position_cmd
68.5918,position,1785151846.173057,1.580,/vehicle/driver_position_cmd
68.6445,velocity,1785151846.223069,0.977,/vehicle/driver_position_cmd
68.6452,position,1785151846.223069,1.689,/vehicle/driver_position_cmd
68.6842,velocity,1785151846.188717,0.642,/vehicle/rear_bogie_velocity
68.6848,position,1785151846.188717,1.329,/vehicle/rear_bogie_velocity
68.6928,velocity,1785151846.273103,0.876,/vehicle/driver_position_cmd
68.6934,position,1785151846.273103,1.515,/vehicle/driver_position_cmd
68.7526,velocity,1785151846.323108,0.938,/vehicle/driver_position_cmd
68.7535,position,1785151846.323108,1.788,/vehicle/driver_position_cmd
68.7813,velocity,1785151846.294678,0.666,/vehicle/rear_bogie_velocity
68.7822,position,1785151846.294678,1.561,/vehicle/rear_bogie_velocity
68.7956,velocity,1785151846.373055,0.928,/vehicle/driver_position_cmd
68.7965,position,1785151846.373055,1.809,/vehicle/driver_position_cmd
68.8475,velocity,1785151846.423082,0.762,/vehicle/driver_position_cmd
68.8482,position,1785151846.423082,1.467,/vehicle/driver_position_cmd
68.8832,velocity,1785151846.404663,0.598,/vehicle/rear_bogie_velocity
68.8839,position,1785151846.404663,1.294,/vehicle/rear_bogie_velocity
68.8906,velocity,1785151846.473068,0.612,/vehicle/driver_position_cmd
68.8913,position,1785151846.473068,1.277,/vehicle/driver_position_cmd
68.9432,velocity,1785151846.523077,0.910,/vehicle/driver_position_cmd
68.9439,position,1785151846.523077,1.683,/vehicle/driver_position_cmd
68.9795,velocity,1785151846.498621,0.540,/vehicle/rear_bogie_velocity
68.9804,position,1785151846.498621,1.403,/vehicle/rear_bogie_velocity
68.9931,velocity,1785151846.573071,0.944,/vehicle/driver_position_cmd
68.9939,position,1785151846.573071,1.726,/vehicle/driver_position_cmd
69.0502,velocity,1785151846.623098,1.023,/vehicle/driver_position_cmd
69.0509,position,1785151846.623098,1.746,/vehicle/driver_position_cmd
69.0845,velocity,1785151846.606609,0.621,/vehicle/rear_bogie_velocity
69.0852,position,1785151846.606609,1.366,/vehicle/rear_bogie_velocity
69.0950,velocity,1785151846.673074,0.922,/vehicle/driver_position_cmd
69.0956,position,1785151846.673074,1.566,/vehicle/driver_position_cmd
69.1457,velocity,1785151846.723099,1.007,/vehicle/driver_position_cmd
69.1463,position,1785151846.723099,1.640,/vehicle/driver_position_cmd
69.1811,velocity,1785151846.710565,0.623,/vehicle/rear_bogie_velocity
69.1820,position,1785151846.710565,1.481,/vehicle/rear_bogie_velocity
69.1964,velocity,1785151846.773105,1.005,/vehicle/driver_position_cmd
69.1973,position,1785151846.773105,1.922,/vehicle/driver_position_cmd
69.2505,velocity,1785151846.823129,1.008,/vehicle/driver_position_cmd
69.2511,position,1785151846.823129,1.620,/vehicle/driver_position_cmd
69.2789,velocity,1785151846.802538,0.526,/vehicle/rear_bogie_velocity
69.2791,position,1785151846.802538,0.715,/vehicle/rear_bogie_velocity
69.2917,velocity,1785151846.873099,0.294,/vehicle/driver_position_cmd
69.2920,position,1785151846.873099,0.526,/vehicle/driver_position_cmd
69.3499,velocity,1785151846.923112,0.318,/vehicle/driver_position_cmd
69.3501,position,1785151846.923112,0.569,/vehicle/driver_position_cmd
69.3786,velocity,1785151846.888523,0.204,/vehicle/rear_bogie_velocity
69.3789,position,1785151846.888523,0.519,/vehicle/rear_bogie_velocity
69.3912,velocity,1785151846.973132,0.874,/vehicle/driver_position_cmd
69.3918,position,1785151846.973132,1.442,/vehicle/driver_position_cmd
69.4529,velocity,1785151847.023140,1.002,/vehicle/driver_position_cmd
69.4535,position,1785151847.023140,1.614,/vehicle/driver_position_cmd
69.4788,velocity,1785151847.000480,0.708,/vehicle/rear_bogie_velocity
69.4799,position,1785151847.000480,1.750,/vehicle/rear_bogie_velocity
69.4967,velocity,1785151847.073138,1.006,/vehicle/driver_position_cmd
69.4975,position,1785151847.073138,1.822,/vehicle/driver_position_cmd
69.5491,velocity,1785151847.123114,0.799,/vehicle/driver_position_cmd
69.5498,position,1785151847.123114,1.453,/vehicle/driver_position_cmd
69.5844,velocity,1785151847.098464,0.622,/vehicle/rear_bogie_velocity
69.5850,position,1785151847.098464,1.237,/vehicle/rear_bogie_velocity
69.5922,velocity,1785151847.173123,1.076,/vehicle/driver_position_cmd
69.5930,position,1785151847.173123,1.967,/vehicle/driver_position_cmd
69.6440,velocity,1785151847.223010,1.096,/vehicle/driver_position_cmd
69.6449,position,1785151847.223010,2.048,/vehicle/driver_position_cmd
69.6799,velocity,1785151847.200425,0.727,/vehicle/rear_bogie_velocity
69.6808,position,1785151847.200425,1.648,/vehicle/rear_bogie_velocity
69.6935,velocity,1785151847.273103,0.926,/vehicle/driver_position_cmd
69.6943,position,1785151847.273103,1.670,/vehicle/driver_position_cmd
69.7429,velocity,1785151847.323111,0.979,/vehicle/driver_position_cmd
69.7437,position,1785151847.323111,1.781,/vehicle/driver_position_cmd
69.7799,velocity,1785151847.300408,0.633,/vehicle/rear_bogie_velocity
69.7805,position,1785151847.300408,1.245,/vehicle/rear_bogie_velocity
69.7935,velocity,1785151847.373090,0.965,/vehicle/driver_position_cmd
69.7943,position,1785151847.373090,1.816,/vehicle/driver_position_cmd
69.8431,velocity,1785151847.423081,1.017,/vehicle/driver_position_cmd
69.8440,position,1785151847.423081,1.905,/vehicle/driver_position_cmd
69.8826,velocity,1785151847.424364,0.673,/vehicle/rear_bogie_velocity
69.8830,position,1785151847.424364,1.086,/vehicle/rear_bogie_velocity
69.8925,velocity,1785151847.473109,0.454,/vehicle/driver_position_cmd
69.8929,position,1785151847.473109,0.884,/vehicle/driver_position_cmd
69.9434,velocity,1785151847.523086,1.009,/vehicle/driver_position_cmd
69.9441,position,1785151847.523086,1.671,/vehicle/driver_position_cmd
69.9797,velocity,1785151847.510339,0.566,/vehicle/rear_bogie_velocity
69.9803,position,1785151847.510339,1.201,/vehicle/rear_bogie_velocity
69.9934,velocity,1785151847.573088,0.927,/vehicle/driver_position_cmd
69.9940,position,1785151847.573088,1.563,/vehicle/driver_position_cmd
70.0444,velocity,1785151847.623089,1.027,/vehicle/driver_position_cmd
70.0453,position,1785151847.623089,1.856,/vehicle/driver_position_cmd
70.0793,velocity,1785151847.588319,0.474,/vehicle/rear_bogie_velocity
70.0799,position,1785151847.588319,1.108,/vehicle/rear_bogie_velocity
70.0925,velocity,1785151847.673091,0.581,/vehicle/driver_position_cmd
70.0931,position,1785151847.673091,1.165,/vehicle/driver_position_cmd
70.1429,velocity,1785151847.723123,0.980,/vehicle/driver_position_cmd
70.1438,position,1785151847.723123,1.892,/vehicle/driver_position_cmd
70.1809,velocity,1785151847.692298,0.625,/vehicle/rear_bogie_velocity
70.1819,position,1785151847.692298,1.603,/vehicle/rear_bogie_velocity
70.1932,velocity,1785151847.773107,0.669,/vehicle/driver_position_cmd
70.1940,position,1785151847.773107,1.500,/vehicle/driver_position_cmd
70.2419,velocity,1785151847.823076,0.698,/vehicle/driver_position_cmd
70.2425,position,1785151847.823076,1.281,/vehicle/driver_position_cmd
70.2788,velocity,1785151847.794266,0.640,/vehicle/rear_bogie_velocity
70.2794,position,1785151847.794266,1.293,/vehicle/rear_bogie_velocity
70.2929,velocity,1785151847.873051,0.707,/vehicle/driver_position_cmd
70.2935,position,1785151847.873051,1.318,/vehicle/driver_position_cmd
70.3422,velocity,1785151847.923071,0.505,/vehicle/driver_position_cmd
70.3424,position,1785151847.923071,0.755,/vehicle/driver_position_cmd
70.3780,velocity,1785151847.888229,0.155,/vehicle/rear_bogie_velocity
70.3782,position,1785151847.888229,0.358,/vehicle/rear_bogie_velocity
70.3918,velocity,1785151847.973117,0.284,/vehicle/driver_position_cmd
70.3920,position,1785151847.973117,0.474,/vehicle/driver_position_cmd
70.4412,velocity,1785151848.023075,0.373,/vehicle/driver_position_cmd
70.4416,position,1785151848.023075,0.717,/vehicle/driver_position_cmd
70.4783,velocity,1785151848.004202,0.408,/vehicle/rear_bogie_velocity
70.4787,position,1785151848.004202,0.838,/vehicle/rear_bogie_velocity
70.4928,velocity,1785151848.073084,0.949,/vehicle/driver_position_cmd
70.4934,position,1785151848.073084,1.530,/vehicle/driver_position_cmd
70.5447,velocity,1785151848.123092,1.818,/vehicle/driver_position_cmd
70.5453,position,1785151848.123092,2.491,/vehicle/driver_position_cmd
70.5793,velocity,1785151848.100177,0.704,/vehicle/rear_bogie_velocity
70.5801,position,1785151848.100177,1.501,/vehicle/rear_bogie_velocity
70.5928,velocity,1785151848.173090,0.999,/vehicle/driver_position_cmd
70.5937,position,1785151848.173090,1.854,/vehicle/driver_position_cmd
70.6433,velocity,1785151848.223077,1.047,/vehicle/driver_position_cmd
70.6443,position,1785151848.223077,1.981,/vehicle/driver_position_cmd
70.6798,velocity,1785151848.188153,0.686,/vehicle/rear_bogie_velocity
70.6804,position,1785151848.188153,1.349,/vehicle/rear_bogie_velocity
70.6942,velocity,1785151848.273103,1.077,/vehicle/driver_position_cmd
70.6951,position,1785151848.273103,1.969,/vehicle/driver_position_cmd
70.7424,velocity,1785151848.323064,1.021,/vehicle/driver_position_cmd
70.7431,position,1785151848.323064,1.663,/vehicle/driver_position_cmd
70.7784,velocity,1785151848.294129,0.564,/vehicle/rear_bogie_velocity
70.7794,position,1785151848.294129,1.480,/vehicle/rear_bogie_velocity
70.7918,velocity,1785151848.373081,0.608,/vehicle/driver_position_cmd
70.7925,position,1785151848.373081,1.363,/vehicle/driver_position_cmd
70.8422,velocity,1785151848.423075,1.042,/vehicle/driver_position_cmd
70.8431,position,1785151848.423075,1.929,/vehicle/driver_position_cmd
70.8791,velocity,1785151848.408089,0.542,/vehicle/rear_bogie_velocity
70.8799,position,1785151848.408089,1.304,/vehicle/rear_bogie_velocity
70.8925,velocity,1785151848.473102,0.739,/vehicle/driver_position_cmd
70.8933,position,1785151848.473102,1.482,/vehicle/driver_position_cmd
70.9421,velocity,1785151848.523086,0.765,/vehicle/driver_position_cmd
70.9429,position,1785151848.523086,1.566,/vehicle/driver_position_cmd
70.9785,velocity,1785151848.546068,0.492,/vehicle/rear_bogie_velocity
70.9793,position,1785151848.546068,1.231,/vehicle/rear_bogie_velocity
70.9914,velocity,1785151848.573063,1.033,/vehicle/driver_position_cmd
70.9918,position,1785151848.573063,1.495,/vehicle/driver_position_cmd
71.0422,velocity,1785151848.623077,0.819,/vehicle/driver_position_cmd
71.0426,position,1785151848.623077,1.212,/vehicle/driver_position_cmd
71.0783,velocity,1785151848.604039,0.477,/vehicle/rear_bogie_velocity
71.0790,position,1785151848.604039,1.209,/vehicle/rear_bogie_velocity
71.0915,velocity,1785151848.673046,1.125,/vehicle/driver_position_cmd
71.0918,position,1785151848.673046,1.494,/vehicle/driver_position_cmd
71.1433,velocity,1785151848.723104,0.932,/vehicle/driver_position_cmd
71.1440,position,1785151848.723104,1.630,/vehicle/driver_position_cmd
71.1801,velocity,1785151848.696015,0.607,/vehicle/rear_bogie_velocity
71.1810,position,1785151848.696015,1.551,/vehicle/rear_bogie_velocity
71.1932,velocity,1785151848.773106,0.968,/vehicle/driver_position_cmd
71.1940,position,1785151848.773106,1.725,/vehicle/driver_position_cmd
71.2438,velocity,1785151848.823055,1.173,/vehicle/driver_position_cmd
71.2444,position,1785151848.823055,1.782,/vehicle/driver_position_cmd
71.2788,velocity,1785151848.797985,0.870,/vehicle/rear_bogie_velocity
71.2796,position,1785151848.797985,1.692,/vehicle/rear_bogie_velocity
71.2922,velocity,1785151848.873079,0.678,/vehicle/driver_position_cmd
71.2928,position,1785151848.873079,1.228,/vehicle/driver_position_cmd
71.3424,velocity,1785151848.923096,0.764,/vehicle/driver_position_cmd
71.3433,position,1785151848.923096,1.688,/vehicle/driver_position_cmd
71.3794,velocity,1785151848.897962,0.804,/vehicle/rear_bogie_velocity
71.3799,position,1785151848.897962,1.300,/vehicle/rear_bogie_velocity
71.3917,velocity,1785151848.973083,0.552,/vehicle/driver_position_cmd
71.3924,position,1785151848.973083,1.309,/vehicle/driver_position_cmd
71.4422,velocity,1785151849.023077,0.815,/vehicle/driver_position_cmd
71.4430,position,1785151849.023077,1.562,/vehicle/driver_position_cmd
71.4801,velocity,1785151849.007925,0.527,/vehicle/rear_bogie_velocity
71.4808,position,1785151849.007925,1.276,/vehicle/rear_bogie_velocity
71.4919,velocity,1785151849.073091,0.803,/vehicle/driver_position_cmd
71.4926,position,1785151849.073091,1.490,/vehicle/driver_position_cmd
71.5435,velocity,1785151849.123085,1.606,/vehicle/driver_position_cmd
71.5441,position,1785151849.123085,2.130,/vehicle/driver_position_cmd
71.5785,velocity,1785151849.107900,0.452,/vehicle/rear_bogie_velocity
71.5792,position,1785151849.107900,1.164,/vehicle/rear_bogie_velocity
71.5919,velocity,1785151849.173071,0.993,/vehicle/driver_position_cmd
71.5927,position,1785151849.173071,1.854,/vehicle/driver_position_cmd
71.6429,velocity,1785151849.223075,0.987,/vehicle/driver_position_cmd
71.6434,position,1785151849.223075,1.570,/vehicle/driver_position_cmd
71.6789,velocity,1785151849.199874,0.864,/vehicle/rear_bogie_velocity
71.6796,position,1785151849.199874,1.561,/vehicle/rear_bogie_velocity
71.6927,velocity,1785151849.273141,0.986,/vehicle/driver_position_cmd
71.6937,position,1785151849.273141,1.993,/vehicle/driver_position_cmd
71.7430,velocity,1785151849.323045,1.039,/vehicle/driver_position_cmd
71.7439,position,1785151849.323045,1.912,/vehicle/driver_position_cmd
71.7788,velocity,1785151849.295849,0.617,/vehicle/rear_bogie_velocity
71.7795,position,1785151849.295849,1.302,/vehicle/rear_bogie_velocity
71.7924,velocity,1785151849.373093,0.862,/vehicle/driver_position_cmd
71.7933,position,1785151849.373093,1.685,/vehicle/driver_position_cmd
71.8434,velocity,1785151849.423110,1.057,/vehicle/driver_position_cmd
71.8442,position,1785151849.423110,1.766,/vehicle/driver_position_cmd
71.8846,velocity,1785151849.405806,0.575,/vehicle/rear_bogie_velocity
71.8854,position,1785151849.405806,1.332,/vehicle/rear_bogie_velocity
71.8933,velocity,1785151849.473079,0.686,/vehicle/driver_position_cmd
71.8938,position,1785151849.473079,1.274,/vehicle/driver_position_cmd
71.9435,velocity,1785151849.523086,0.957,/vehicle/driver_position_cmd
71.9441,position,1785151849.523086,1.571,/vehicle/driver_position_cmd
71.9855,velocity,1785151849.493793,0.559,/vehicle/rear_bogie_velocity
71.9862,position,1785151849.493793,1.181,/vehicle/rear_bogie_velocity
71.9928,velocity,1785151849.573081,0.884,/vehicle/driver_position_cmd
71.9936,position,1785151849.573081,1.693,/vehicle/driver_position_cmd
72.0434,velocity,1785151849.623111,0.992,/vehicle/driver_position_cmd
72.0440,position,1785151849.623111,1.658,/vehicle/driver_position_cmd
72.0809,velocity,1785151849.597762,0.889,/vehicle/rear_bogie_velocity
72.0818,position,1785151849.597762,1.755,/vehicle/rear_bogie_velocity
72.0920,velocity,1785151849.673098,0.974,/vehicle/driver_position_cmd
72.0929,position,1785151849.673098,1.865,/vehicle/driver_position_cmd
72.1433,velocity,1785151849.723118,0.801,/vehicle/driver_position_cmd
72.1439,position,1785151849.723118,1.451,/vehicle/driver_position_cmd
72.1795,velocity,1785151849.693735,0.552,/vehicle/rear_bogie_velocity
72.1803,position,1785151849.693735,1.362,/vehicle/rear_bogie_velocity
72.1913,velocity,1785151849.773102,0.646,/vehicle/driver_position_cmd
72.1919,position,1785151849.773102,1.203,/vehicle/driver_position_cmd
72.2411,velocity,1785151849.823065,0.619,/vehicle/driver_position_cmd
72.2415,position,1785151849.823065,1.040,/vehicle/driver_position_cmd
72.2800,velocity,1785151849.799706,0.329,/vehicle/rear_bogie_velocity
72.2804,position,1785151849.799706,0.753,/vehicle/rear_bogie_velocity
72.2926,velocity,1785151849.873129,0.451,/vehicle/driver_position_cmd
72.2931,position,1785151849.873129,0.902,/vehicle/driver_position_cmd
72.3429,velocity,1785151849.923107,0.978,/vehicle/driver_position_cmd
72.3436,position,1785151849.923107,1.691,/vehicle/driver_position_cmd
72.3819,velocity,1785151849.897676,0.633,/vehicle/rear_bogie_velocity
72.3826,position,1785151849.897676,1.396,/vehicle/rear_bogie_velocity
72.3932,velocity,1785151849.973098,0.956,/vehicle/driver_position_cmd
72.3940,position,1785151849.973098,1.799,/vehicle/driver_position_cmd
72.4420,velocity,1785151850.023106,0.733,/vehicle/driver_position_cmd
72.4426,position,1785151850.023106,1.341,/vehicle/driver_position_cmd
72.4803,velocity,1785151849.999648,0.750,/vehicle/rear_bogie_velocity
72.4808,position,1785151849.999648,1.242,/vehicle/rear_bogie_velocity
72.4971,velocity,1785151850.073110,0.882,/vehicle/driver_position_cmd
72.4979,position,1785151850.073110,1.692,/vehicle/driver_position_cmd
72.5427,velocity,1785151850.123090,0.545,/vehicle/driver_position_cmd
72.5433,position,1785151850.123090,1.166,/vehicle/driver_position_cmd
72.5791,velocity,1785151850.095624,0.623,/vehicle/rear_bogie_velocity
72.5799,position,1785151850.095624,1.361,/vehicle/rear_bogie_velocity
72.5915,velocity,1785151850.173098,0.717,/vehicle/driver_position_cmd
72.5924,position,1785151850.173098,1.598,/vehicle/driver_position_cmd
72.6526,velocity,1785151850.223082,1.103,/vehicle/driver_position_cmd
72.6532,position,1785151850.223082,1.757,/vehicle/driver_position_cmd
72.6830,velocity,1785151850.197597,0.892,/vehicle/rear_bogie_velocity
72.6839,position,1785151850.197597,1.774,/vehicle/rear_bogie_velocity
72.6959,velocity,1785151850.273084,0.880,/vehicle/driver_position_cmd
72.6965,position,1785151850.273084,1.495,/vehicle/driver_position_cmd
72.7466,velocity,1785151850.323090,1.048,/vehicle/driver_position_cmd
72.7473,position,1785151850.323090,1.761,/vehicle/driver_position_cmd
72.7862,velocity,1785151850.301570,0.796,/vehicle/rear_bogie_velocity
72.7872,position,1785151850.301570,1.766,/vehicle/rear_bogie_velocity
72.7930,velocity,1785151850.373070,0.821,/vehicle/driver_position_cmd
72.7939,position,1785151850.373070,1.698,/vehicle/driver_position_cmd
72.8431,velocity,1785151850.423093,1.003,/vehicle/driver_position_cmd
72.8440,position,1785151850.423093,1.889,/vehicle/driver_position_cmd
72.8786,velocity,1785151850.407531,0.574,/vehicle/rear_bogie_velocity
72.8795,position,1785151850.407531,1.446,/vehicle/rear_bogie_velocity
72.8924,velocity,1785151850.473029,0.921,/vehicle/driver_position_cmd
72.8930,position,1785151850.473029,1.570,/vehicle/driver_position_cmd
72.9446,velocity,1785151850.523102,1.013,/vehicle/driver_position_cmd
72.9452,position,1785151850.523102,1.643,/vehicle/driver_position_cmd
72.9788,velocity,1785151850.495511,0.625,/vehicle/rear_bogie_velocity
72.9796,position,1785151850.495511,1.469,/vehicle/rear_bogie_velocity
72.9925,velocity,1785151850.573110,0.954,/vehicle/driver_position_cmd
72.9933,position,1785151850.573110,1.803,/vehicle/driver_position_cmd
73.0432,velocity,1785151850.623097,1.042,/vehicle/driver_position_cmd
73.0440,position,1785151850.623097,1.870,/vehicle/driver_position_cmd
73.0789,velocity,1785151850.597486,0.777,/vehicle/rear_bogie_velocity
73.0796,position,1785151850.597486,1.479,/vehicle/rear_bogie_velocity
73.0910,velocity,1785151850.673059,0.428,/vehicle/driver_position_cmd
73.0913,position,1785151850.673059,0.792,/vehicle/driver_position_cmd
73.1425,velocity,1785151850.723079,1.050,/vehicle/driver_position_cmd
73.1432,position,1785151850.723079,1.756,/vehicle/driver_position_cmd
73.1789,velocity,1785151850.703456,0.605,/vehicle/rear_bogie_velocity
73.1799,position,1785151850.703456,1.608,/vehicle/rear_bogie_velocity
73.1928,velocity,1785151850.773086,0.758,/vehicle/driver_position_cmd
73.1936,position,1785151850.773086,1.545,/vehicle/driver_position_cmd
73.2425,velocity,1785151850.823112,0.405,/vehicle/driver_position_cmd
73.2428,position,1785151850.823112,0.750,/vehicle/driver_position_cmd
73.2785,velocity,1785151850.797429,0.300,/vehicle/rear_bogie_velocity
73.2789,position,1785151850.797429,0.711,/vehicle/rear_bogie_velocity
73.2924,velocity,1785151850.873089,0.543,/vehicle/driver_position_cmd
73.2929,position,1785151850.873089,1.044,/vehicle/driver_position_cmd
73.3421,velocity,1785151850.923078,1.136,/vehicle/driver_position_cmd
73.3428,position,1785151850.923078,1.770,/vehicle/driver_position_cmd
73.3801,velocity,1785151850.893414,0.610,/vehicle/rear_bogie_velocity
73.3810,position,1785151850.893414,1.438,/vehicle/rear_bogie_velocity
73.3917,velocity,1785151850.973070,0.584,/vehicle/driver_position_cmd
73.3925,position,1785151850.973070,1.389,/vehicle/driver_position_cmd
73.4425,velocity,1785151851.023089,0.686,/vehicle/driver_position_cmd
73.4433,position,1785151851.023089,1.489,/vehicle/driver_position_cmd
73.4795,velocity,1785151851.003373,0.842,/vehicle/rear_bogie_velocity
73.4801,position,1785151851.003373,1.440,/vehicle/rear_bogie_velocity
73.4916,velocity,1785151851.073064,1.041,/vehicle/driver_position_cmd
73.4925,position,1785151851.073064,1.939,/vehicle/driver_position_cmd
73.5418,velocity,1785151851.123109,0.616,/vehicle/driver_position_cmd
73.5424,position,1785151851.123109,1.247,/vehicle/driver_position_cmd
73.5791,velocity,1785151851.103339,0.645,/vehicle/rear_bogie_velocity
73.5799,position,1785151851.103339,1.438,/vehicle/rear_bogie_velocity
73.5919,velocity,1785151851.173056,0.801,/vehicle/driver_position_cmd
73.5928,position,1785151851.173056,1.667,/vehicle/driver_position_cmd
73.6433,velocity,1785151851.223130,0.991,/vehicle/driver_position_cmd
73.6440,position,1785151851.223130,1.722,/vehicle/driver_position_cmd
73.6781,velocity,1785151851.199324,0.452,/vehicle/rear_bogie_velocity
73.6789,position,1785151851.199324,1.184,/vehicle/rear_bogie_velocity
73.6928,velocity,1785151851.273088,1.305,/vehicle/driver_position_cmd
73.6934,position,1785151851.273088,1.911,/vehicle/driver_position_cmd
73.7438,velocity,1785151851.323091,0.992,/vehicle/driver_position_cmd
73.7447,position,1785151851.323091,1.872,/vehicle/driver_position_cmd
73.7794,velocity,1785151851.293299,0.637,/vehicle/rear_bogie_velocity
73.7802,position,1785151851.293299,1.435,/vehicle/rear_bogie_velocity
73.7922,velocity,1785151851.373072,0.751,/vehicle/driver_position_cmd
73.7929,position,1785151851.373072,1.470,/vehicle/driver_position_cmd
73.8418,velocity,1785151851.423074,0.831,/vehicle/driver_position_cmd
73.8425,position,1785151851.423074,1.558,/vehicle/driver_position_cmd
73.8801,velocity,1785151851.399260,0.528,/vehicle/rear_bogie_velocity
73.8808,position,1785151851.399260,1.258,/vehicle/rear_bogie_velocity
73.8926,velocity,1785151851.473069,0.493,/vehicle/driver_position_cmd
73.8933,position,1785151851.473069,1.216,/vehicle/driver_position_cmd
73.9422,velocity,1785151851.523096,0.831,/vehicle/driver_position_cmd
73.9427,position,1785151851.523096,1.268,/vehicle/driver_position_cmd
73.9780,velocity,1785151851.495244,0.512,/vehicle/rear_bogie_velocity
73.9787,position,1785151851.495244,1.198,/vehicle/rear_bogie_velocity
73.9924,velocity,1785151851.573067,0.505,/vehicle/driver_position_cmd
73.9931,position,1785151851.573067,1.274,/vehicle/driver_position_cmd
74.0415,velocity,1785151851.623059,0.888,/vehicle/driver_position_cmd
74.0419,position,1785151851.623059,1.292,/vehicle/driver_position_cmd
74.0786,velocity,1785151851.595213,0.497,/vehicle/rear_bogie_velocity
74.0793,position,1785151851.595213,1.239,/vehicle/rear_bogie_velocity
74.0927,velocity,1785151851.673086,0.753,/vehicle/driver_position_cmd
74.0934,position,1785151851.673086,1.467,/vehicle/driver_position_cmd
74.1426,velocity,1785151851.723065,1.328,/vehicle/driver_position_cmd
74.1439,position,1785151851.723065,2.618,/vehicle/driver_position_cmd
74.1785,velocity,1785151851.687182,0.466,/vehicle/rear_bogie_velocity
74.1792,position,1785151851.687182,1.101,/vehicle/rear_bogie_velocity
74.1924,velocity,1785151851.773122,0.630,/vehicle/driver_position_cmd
74.1931,position,1785151851.773122,1.338,/vehicle/driver_position_cmd
74.2437,velocity,1785151851.823092,0.908,/vehicle/driver_position_cmd
74.2443,position,1785151851.823092,1.585,/vehicle/driver_position_cmd
74.2792,velocity,1785151851.793148,0.800,/vehicle/rear_bogie_velocity
74.2799,position,1785151851.793148,1.409,/vehicle/rear_bogie_velocity
74.2914,velocity,1785151851.873099,0.532,/vehicle/driver_position_cmd
74.2919,position,1785151851.873099,1.036,/vehicle/driver_position_cmd
74.3421,velocity,1785151851.923075,0.949,/vehicle/driver_position_cmd
74.3429,position,1785151851.923075,1.784,/vehicle/driver_position_cmd
74.3788,velocity,1785151851.889123,0.568,/vehicle/rear_bogie_velocity
74.3795,position,1785151851.889123,1.322,/vehicle/rear_bogie_velocity
74.3914,velocity,1785151851.973056,1.014,/vehicle/driver_position_cmd
74.3919,position,1785151851.973056,1.491,/vehicle/driver_position_cmd
74.4423,velocity,1785151852.023056,0.860,/vehicle/driver_position_cmd
74.4430,position,1785151852.023056,1.612,/vehicle/driver_position_cmd
74.4797,velocity,1785151851.995089,0.962,/vehicle/rear_bogie_velocity
74.4803,position,1785151851.995089,1.601,/vehicle/rear_bogie_velocity
74.4929,velocity,1785151852.073093,1.008,/vehicle/driver_position_cmd
74.4934,position,1785151852.073093,1.494,/vehicle/driver_position_cmd
74.5429,velocity,1785151852.123073,1.997,/vehicle/driver_position_cmd
74.5439,position,1785151852.123073,2.998,/vehicle/driver_position_cmd
74.5801,velocity,1785151852.099066,0.805,/vehicle/rear_bogie_velocity
74.5810,position,1785151852.099066,1.710,/vehicle/rear_bogie_velocity
74.5923,velocity,1785151852.173428,0.857,/vehicle/driver_position_cmd
74.5930,position,1785151852.173428,1.533,/vehicle/driver_position_cmd
74.6427,velocity,1785151852.223056,1.130,/vehicle/driver_position_cmd
74.6433,position,1785151852.223056,1.732,/vehicle/driver_position_cmd
74.6788,velocity,1785151852.187036,0.660,/vehicle/rear_bogie_velocity
74.6795,position,1785151852.187036,1.451,/vehicle/rear_bogie_velocity
74.6916,velocity,1785151852.273095,0.766,/vehicle/driver_position_cmd
74.6925,position,1785151852.273095,1.697,/vehicle/driver_position_cmd
74.7433,velocity,1785151852.323091,1.072,/vehicle/driver_position_cmd
74.7440,position,1785151852.323091,1.794,/vehicle/driver_position_cmd
74.7801,velocity,1785151852.297061,0.937,/vehicle/rear_bogie_velocity
74.7808,position,1785151852.297061,1.631,/vehicle/rear_bogie_velocity
74.7923,velocity,1785151852.373089,1.041,/vehicle/driver_position_cmd
74.7933,position,1785151852.373089,1.963,/vehicle/driver_position_cmd
74.8428,velocity,1785151852.423084,0.986,/vehicle/driver_position_cmd
74.8435,position,1785151852.423084,1.637,/vehicle/driver_position_cmd
74.8783,velocity,1785151852.404973,0.121,/vehicle/rear_bogie_velocity
74.8789,position,1785151852.404973,0.690,/vehicle/rear_bogie_velocity
74.8948,velocity,1785151852.473077,0.595,/vehicle/driver_position_cmd
74.8954,position,1785151852.473077,1.221,/vehicle/driver_position_cmd
74.9518,velocity,1785151852.523098,1.020,/vehicle/driver_position_cmd
74.9527,position,1785151852.523098,1.934,/vehicle/driver_position_cmd
74.9844,velocity,1785151852.496954,0.761,/vehicle/rear_bogie_velocity
74.9851,position,1785151852.496954,1.433,/vehicle/rear_bogie_velocity
74.9923,velocity,1785151852.573097,1.183,/vehicle/driver_position_cmd
74.9932,position,1785151852.573097,2.045,/vehicle/driver_position_cmd
75.0506,velocity,1785151852.623095,1.057,/vehicle/driver_position_cmd
75.0515,position,1785151852.623095,1.993,/vehicle/driver_position_cmd
75.0798,velocity,1785151852.600927,0.642,/vehicle/rear_bogie_velocity
75.0806,position,1785151852.600927,1.445,/vehicle/rear_bogie_velocity
75.0939,velocity,1785151852.673068,0.893,/vehicle/driver_position_cmd
75.0947,position,1785151852.673068,1.696,/vehicle/driver_position_cmd
75.1514,velocity,1785151852.723102,0.980,/vehicle/driver_position_cmd
75.1520,position,1785151852.723102,1.625,/vehicle/driver_position_cmd
75.1823,velocity,1785151852.688897,0.372,/vehicle/rear_bogie_velocity
75.1828,position,1785151852.688897,0.879,/vehicle/rear_bogie_velocity
75.1930,velocity,1785151852.773114,0.840,/vehicle/driver_position_cmd
75.1937,position,1785151852.773114,1.520,/vehicle/driver_position_cmd
75.2440,velocity,1785151852.823078,0.984,/vehicle/driver_position_cmd
75.2446,position,1785151852.823078,1.597,/vehicle/driver_position_cmd
75.2839,velocity,1785151852.802877,0.827,/vehicle/rear_bogie_velocity
75.2845,position,1785151852.802877,1.438,/vehicle/rear_bogie_velocity
75.2943,velocity,1785151852.873076,1.059,/vehicle/driver_position_cmd
75.2950,position,1785151852.873076,1.705,/vehicle/driver_position_cmd
75.3503,velocity,1785151852.923071,1.020,/vehicle/driver_position_cmd
75.3510,position,1785151852.923071,1.720,/vehicle/driver_position_cmd
75.3829,velocity,1785151852.890844,0.600,/vehicle/rear_bogie_velocity
75.3836,position,1785151852.890844,1.306,/vehicle/rear_bogie_velocity
75.3942,velocity,1785151852.973106,1.093,/vehicle/driver_position_cmd
75.3949,position,1785151852.973106,1.773,/vehicle/driver_position_cmd
75.4457,velocity,1785151853.023094,0.973,/vehicle/driver_position_cmd
75.4465,position,1785151853.023094,1.829,/vehicle/driver_position_cmd
75.4785,velocity,1785151853.002819,0.574,/vehicle/rear_bogie_velocity
75.4792,position,1785151853.002819,1.305,/vehicle/rear_bogie_velocity
75.4932,velocity,1785151853.073094,0.793,/vehicle/driver_position_cmd
75.4940,position,1785151853.073094,1.624,/vehicle/driver_position_cmd
75.5462,velocity,1785151853.123088,1.875,/vehicle/driver_position_cmd
75.5469,position,1785151853.123088,2.575,/vehicle/driver_position_cmd
75.5805,velocity,1785151853.098780,0.561,/vehicle/rear_bogie_velocity
75.5813,position,1785151853.098780,1.386,/vehicle/rear_bogie_velocity
75.5947,velocity,1785151853.173098,0.864,/vehicle/driver_position_cmd
75.5954,position,1785151853.173098,1.560,/vehicle/driver_position_cmd
75.6510,velocity,1785151853.223073,0.972,/vehicle/driver_position_cmd
75.6516,position,1785151853.223073,1.581,/vehicle/driver_position_cmd
75.6799,velocity,1785151853.194761,0.859,/vehicle/rear_bogie_velocity
75.6805,position,1785151853.194761,1.427,/vehicle/rear_bogie_velocity
75.6934,velocity,1785151853.273098,0.913,/vehicle/driver_position_cmd
75.6943,position,1785151853.273098,1.742,/vehicle/driver_position_cmd
75.7520,velocity,1785151853.323106,0.999,/vehicle/driver_position_cmd
75.7526,position,1785151853.323106,1.616,/vehicle/driver_position_cmd
75.7855,velocity,1785151853.294729,0.592,/vehicle/rear_bogie_velocity
75.7862,position,1785151853.294729,1.273,/vehicle/rear_bogie_velocity
75.7941,velocity,1785151853.373111,0.889,/vehicle/driver_position_cmd
75.7948,position,1785151853.373111,1.595,/vehicle/driver_position_cmd
75.8478,velocity,1785151853.423072,1.086,/vehicle/driver_position_cmd
75.8487,position,1785151853.423072,1.983,/vehicle/driver_position_cmd
75.8797,velocity,1785151853.406701,0.579,/vehicle/rear_bogie_velocity
75.8805,position,1785151853.406701,1.384,/vehicle/rear_bogie_velocity
75.8975,velocity,1785151853.473072,0.998,/vehicle/driver_position_cmd
75.8984,position,1785151853.473072,1.907,/vehicle/driver_position_cmd
75.9443,velocity,1785151853.523095,0.911,/vehicle/driver_position_cmd
75.9449,position,1785151853.523095,1.520,/vehicle/driver_position_cmd
75.9804,velocity,1785151853.500669,0.875,/vehicle/rear_bogie_velocity
75.9813,position,1785151853.500669,1.726,/vehicle/rear_bogie_velocity
75.9928,velocity,1785151853.573069,1.010,/vehicle/driver_position_cmd
75.9937,position,1785151853.573069,1.864,/vehicle/driver_position_cmd
76.0528,velocity,1785151853.623107,1.016,/vehicle/driver_position_cmd
76.0535,position,1785151853.623107,1.643,/vehicle/driver_position_cmd
76.0819,velocity,1785151853.588644,0.643,/vehicle/rear_bogie_velocity
76.0826,position,1785151853.588644,1.376,/vehicle/rear_bogie_velocity
76.0918,velocity,1785151853.673054,1.020,/vehicle/driver_position_cmd
76.0922,position,1785151853.673054,1.447,/vehicle/driver_position_cmd
76.1455,velocity,1785151853.723089,0.611,/vehicle/driver_position_cmd
76.1461,position,1785151853.723089,1.147,/vehicle/driver_position_cmd
76.1797,velocity,1785151853.688616,0.707,/vehicle/rear_bogie_velocity
76.1803,position,1785151853.688616,1.298,/vehicle/rear_bogie_velocity
76.1936,velocity,1785151853.773089,0.873,/vehicle/driver_position_cmd
76.1943,position,1785151853.773089,1.521,/vehicle/driver_position_cmd
76.2485,velocity,1785151853.823090,1.006,/vehicle/driver_position_cmd
76.2492,position,1785151853.823090,1.649,/vehicle/driver_position_cmd
76.2818,velocity,1785151853.792588,0.605,/vehicle/rear_bogie_velocity
76.2825,position,1785151853.792588,1.306,/vehicle/rear_bogie_velocity
76.2921,velocity,1785151853.873055,0.573,/vehicle/driver_position_cmd
76.2925,position,1785151853.873055,1.052,/vehicle/driver_position_cmd
76.3469,velocity,1785151853.923115,0.937,/vehicle/driver_position_cmd
76.3475,position,1785151853.923115,1.508,/vehicle/driver_position_cmd
76.3860,velocity,1785151853.890565,0.670,/vehicle/rear_bogie_velocity
76.3868,position,1785151853.890565,1.460,/vehicle/rear_bogie_velocity
76.3942,velocity,1785151853.973095,0.904,/vehicle/driver_position_cmd
76.3950,position,1785151853.973095,1.761,/vehicle/driver_position_cmd
76.4429,velocity,1785151854.023106,0.823,/vehicle/driver_position_cmd
76.4436,position,1785151854.023106,1.560,/vehicle/driver_position_cmd
76.4840,velocity,1785151853.996530,0.684,/vehicle/rear_bogie_velocity
76.4848,position,1785151853.996530,1.482,/vehicle/rear_bogie_velocity
76.4921,velocity,1785151854.073092,1.025,/vehicle/driver_position_cmd
76.4929,position,1785151854.073092,1.806,/vehicle/driver_position_cmd
76.5452,velocity,1785151854.123099,1.922,/vehicle/driver_position_cmd
76.5459,position,1785151854.123099,2.581,/vehicle/driver_position_cmd
76.5850,velocity,1785151854.104514,0.876,/vehicle/rear_bogie_velocity
76.5856,position,1785151854.104514,1.460,/vehicle/rear_bogie_velocity
76.5935,velocity,1785151854.173096,0.941,/vehicle/driver_position_cmd
76.5941,position,1785151854.173096,1.574,/vehicle/driver_position_cmd
76.6484,velocity,1785151854.223074,1.011,/vehicle/driver_position_cmd
76.6491,position,1785151854.223074,1.651,/vehicle/driver_position_cmd
76.6798,velocity,1785151854.186481,0.665,/vehicle/rear_bogie_velocity
76.6806,position,1785151854.186481,1.475,/vehicle/rear_bogie_velocity
76.6945,velocity,1785151854.273075,0.904,/vehicle/driver_position_cmd
76.6954,position,1785151854.273075,1.773,/vehicle/driver_position_cmd
76.7464,velocity,1785151854.323116,0.993,/vehicle/driver_position_cmd
76.7472,position,1785151854.323116,1.816,/vehicle/driver_position_cmd
76.7807,velocity,1785151854.294456,0.507,/vehicle/rear_bogie_velocity
76.7814,position,1785151854.294456,1.270,/vehicle/rear_bogie_velocity
76.7963,velocity,1785151854.373085,0.809,/vehicle/driver_position_cmd
76.7970,position,1785151854.373085,1.537,/vehicle/driver_position_cmd
76.8426,velocity,1785151854.423097,0.747,/vehicle/driver_position_cmd
76.8435,position,1785151854.423097,1.581,/vehicle/driver_position_cmd
76.8796,velocity,1785151854.404432,0.520,/vehicle/rear_bogie_velocity
76.8803,position,1785151854.404432,1.252,/vehicle/rear_bogie_velocity
76.8957,velocity,1785151854.473082,0.566,/vehicle/driver_position_cmd
76.8964,position,1785151854.473082,1.340,/vehicle/driver_position_cmd
76.9505,velocity,1785151854.523096,1.018,/vehicle/driver_position_cmd
76.9510,position,1785151854.523096,1.494,/vehicle/driver_position_cmd
76.9846,velocity,1785151854.492394,0.488,/vehicle/rear_bogie_velocity
76.9853,position,1785151854.492394,1.221,/vehicle/rear_bogie_velocity
76.9938,velocity,1785151854.573087,0.804,/vehicle/driver_position_cmd
76.9945,position,1785151854.573087,1.470,/vehicle/driver_position_cmd
77.0425,velocity,1785151854.623095,1.050,/vehicle/driver_position_cmd
77.0429,position,1785151854.623095,1.494,/vehicle/driver_position_cmd
77.0791,velocity,1785151854.596373,0.528,/vehicle/rear_bogie_velocity
77.0798,position,1785151854.596373,1.253,/vehicle/rear_bogie_velocity
77.0914,velocity,1785151854.673067,0.516,/vehicle/driver_position_cmd
77.0917,position,1785151854.673067,0.811,/vehicle/driver_position_cmd
77.1437,velocity,1785151854.723113,0.617,/vehicle/driver_position_cmd
77.1443,position,1785151854.723113,1.180,/vehicle/driver_position_cmd
77.1786,velocity,1785151854.698348,0.574,/vehicle/rear_bogie_velocity
77.1795,position,1785151854.698348,1.449,/vehicle/rear_bogie_velocity
77.1928,velocity,1785151854.773091,0.767,/vehicle/driver_position_cmd
77.1936,position,1785151854.773091,1.547,/vehicle/driver_position_cmd
77.2429,velocity,1785151854.823143,0.829,/vehicle/driver_position_cmd
77.2436,position,1785151854.823143,1.553,/vehicle/driver_position_cmd
77.2792,velocity,1785151854.794314,0.617,/vehicle/rear_bogie_velocity
77.2794,position,1785151854.794314,0.818,/vehicle/rear_bogie_velocity
77.2916,velocity,1785151854.873086,0.411,/vehicle/driver_position_cmd
77.2920,position,1785151854.873086,0.806,/vehicle/driver_position_cmd
77.3419,velocity,1785151854.923068,0.910,/vehicle/driver_position_cmd
77.3424,position,1785151854.923068,1.374,/vehicle/driver_position_cmd
77.3820,velocity,1785151854.894284,0.798,/vehicle/rear_bogie_velocity
77.3825,position,1785151854.894284,1.220,/vehicle/rear_bogie_velocity
77.3921,velocity,1785151854.973092,1.037,/vehicle/driver_position_cmd
77.3925,position,1785151854.973092,1.459,/vehicle/driver_position_cmd
77.4461,velocity,1785151855.023128,0.892,/vehicle/driver_position_cmd
77.4465,position,1785151855.023128,1.330,/vehicle/driver_position_cmd
77.4852,velocity,1785151855.000263,0.517,/vehicle/rear_bogie_velocity
77.4857,position,1785151855.000263,0.994,/vehicle/rear_bogie_velocity
77.4962,velocity,1785151855.073119,0.357,/vehicle/driver_position_cmd
77.4965,position,1785151855.073119,0.661,/vehicle/driver_position_cmd
77.5429,velocity,1785151855.123092,1.524,/vehicle/driver_position_cmd
77.5435,position,1785151855.123092,2.115,/vehicle/driver_position_cmd
77.5848,velocity,1785151855.096234,0.573,/vehicle/rear_bogie_velocity
77.5855,position,1785151855.096234,1.280,/vehicle/rear_bogie_velocity
77.5927,velocity,1785151855.173156,0.747,/vehicle/driver_position_cmd
77.5934,position,1785151855.173156,1.506,/vehicle/driver_position_cmd
77.6422,velocity,1785151855.223063,1.177,/vehicle/driver_position_cmd
77.6431,position,1785151855.223063,2.127,/vehicle/driver_position_cmd
77.6802,velocity,1785151855.198204,0.584,/vehicle/rear_bogie_velocity
77.6810,position,1785151855.198204,1.359,/vehicle/rear_bogie_velocity
77.6914,velocity,1785151855.273091,0.711,/vehicle/driver_position_cmd
77.6921,position,1785151855.273091,1.477,/vehicle/driver_position_cmd
77.7523,velocity,1785151855.323120,0.935,/vehicle/driver_position_cmd
77.7528,position,1785151855.323120,1.395,/vehicle/driver_position_cmd
77.7845,velocity,1785151855.294180,0.295,/vehicle/rear_bogie_velocity
77.7847,position,1785151855.294180,0.590,/vehicle/rear_bogie_velocity
77.7934,velocity,1785151855.373091,0.939,/vehicle/driver_position_cmd
77.7942,position,1785151855.373091,1.750,/vehicle/driver_position_cmd
77.8503,velocity,1785151855.423112,1.012,/vehicle/driver_position_cmd
77.8509,position,1785151855.423112,1.620,/vehicle/driver_position_cmd
77.8835,velocity,1785151855.406144,0.430,/vehicle/rear_bogie_velocity
77.8845,position,1785151855.406144,1.440,/vehicle/rear_bogie_velocity
77.8929,velocity,1785151855.473096,0.596,/vehicle/driver_position_cmd
77.8934,position,1785151855.473096,1.116,/vehicle/driver_position_cmd
77.9437,velocity,1785151855.523100,0.930,/vehicle/driver_position_cmd
77.9443,position,1785151855.523100,1.543,/vehicle/driver_position_cmd
77.9843,velocity,1785151855.490122,0.890,/vehicle/rear_bogie_velocity
77.9850,position,1785151855.490122,1.560,/vehicle/rear_bogie_velocity
77.9950,velocity,1785151855.573088,0.870,/vehicle/driver_position_cmd
77.9956,position,1785151855.573088,1.505,/vehicle/driver_position_cmd
78.0456,velocity,1785151855.623106,1.092,/vehicle/driver_position_cmd
78.0463,position,1785151855.623106,1.776,/vehicle/driver_position_cmd
78.0865,velocity,1785151855.600093,0.619,/vehicle/rear_bogie_velocity
78.0874,position,1785151855.600093,1.561,/vehicle/rear_bogie_velocity
78.0937,velocity,1785151855.673105,0.930,/vehicle/driver_position_cmd
78.0943,position,1785151855.673105,1.495,/vehicle/driver_position_cmd
78.1514,velocity,1785151855.723098,1.034,/vehicle/driver_position_cmd
78.1523,position,1785151855.723098,1.965,/vehicle/driver_position_cmd
78.1802,velocity,1785151855.696066,0.390,/vehicle/rear_bogie_velocity
78.1809,position,1785151855.696066,1.170,/vehicle/rear_bogie_velocity
78.1933,velocity,1785151855.773095,0.925,/vehicle/driver_position_cmd
78.1940,position,1785151855.773095,1.705,/vehicle/driver_position_cmd
78.2447,velocity,1785151855.823121,0.388,/vehicle/driver_position_cmd
78.2450,position,1785151855.823121,0.708,/vehicle/driver_position_cmd
78.2793,velocity,1785151855.796033,0.360,/vehicle/rear_bogie_velocity
78.2796,position,1785151855.796033,0.727,/vehicle/rear_bogie_velocity
78.2920,velocity,1785151855.873077,0.446,/vehicle/driver_position_cmd
78.2924,position,1785151855.873077,0.836,/vehicle/driver_position_cmd
78.3544,velocity,1785151855.923092,1.256,/vehicle/driver_position_cmd
78.3552,position,1785151855.923092,2.103,/vehicle/driver_position_cmd
78.3836,velocity,1785151855.898005,0.616,/vehicle/rear_bogie_velocity
78.3845,position,1785151855.898005,1.543,/vehicle/rear_bogie_velocity
78.3937,velocity,1785151855.973106,0.948,/vehicle/driver_position_cmd
78.3946,position,1785151855.973106,1.793,/vehicle/driver_position_cmd
78.4490,velocity,1785151856.023074,0.989,/vehicle/driver_position_cmd
78.4497,position,1785151856.023074,1.651,/vehicle/driver_position_cmd
78.4791,velocity,1785151855.995991,0.632,/vehicle/rear_bogie_velocity
78.4799,position,1785151855.995991,1.491,/vehicle/rear_bogie_velocity
78.4928,velocity,1785151856.073096,0.599,/vehicle/driver_position_cmd
78.4933,position,1785151856.073096,1.149,/vehicle/driver_position_cmd
78.5481,velocity,1785151856.123073,1.817,/vehicle/driver_position_cmd
78.5487,position,1785151856.123073,2.446,/vehicle/driver_position_cmd
78.5854,velocity,1785151856.087954,0.863,/vehicle/rear_bogie_velocity
78.5860,position,1785151856.087954,1.466,/vehicle/rear_bogie_velocity
78.5946,velocity,1785151856.173117,0.951,/vehicle/driver_position_cmd
78.5955,position,1785151856.173117,1.816,/vehicle/driver_position_cmd
78.6528,velocity,1785151856.223075,0.950,/vehicle/driver_position_cmd
78.6534,position,1785151856.223075,1.544,/vehicle/driver_position_cmd
78.6852,velocity,1785151856.197925,0.649,/vehicle/rear_bogie_velocity
78.6861,position,1785151856.197925,1.534,/vehicle/rear_bogie_velocity
78.6943,velocity,1785151856.273114,0.930,/vehicle/driver_position_cmd
78.6952,position,1785151856.273114,1.791,/vehicle/driver_position_cmd
78.7528,velocity,1785151856.323126,0.992,/vehicle/driver_position_cmd
78.7536,position,1785151856.323126,1.822,/vehicle/driver_position_cmd
78.7812,velocity,1785151856.291907,0.627,/vehicle/rear_bogie_velocity
78.7820,position,1785151856.291907,1.437,/vehicle/rear_bogie_velocity
78.7934,velocity,1785151856.373092,0.862,/vehicle/driver_position_cmd
78.7941,position,1785151856.373092,1.567,/vehicle/driver_position_cmd
78.8491,velocity,1785151856.423082,1.053,/vehicle/driver_position_cmd
78.8500,position,1785151856.423082,1.952,/vehicle/driver_position_cmd
78.8797,velocity,1785151856.405863,0.591,/vehicle/rear_bogie_velocity
78.8805,position,1785151856.405863,1.460,/vehicle/rear_bogie_velocity
78.8963,velocity,1785151856.473101,0.897,/vehicle/driver_position_cmd
78.8972,position,1785151856.473101,1.797,/vehicle/driver_position_cmd
78.9527,velocity,1785151856.523083,0.961,/vehicle/driver_position_cmd
78.9536,position,1785151856.523083,1.793,/vehicle/driver_position_cmd
78.9857,velocity,1785151856.509838,0.649,/vehicle/rear_bogie_velocity
78.9866,position,1785151856.509838,1.571,/vehicle/rear_bogie_velocity
78.9924,velocity,1785151856.573098,0.638,/vehicle/driver_position_cmd
78.9931,position,1785151856.573098,1.333,/vehicle/driver_position_cmd
79.0489,velocity,1785151856.623072,1.091,/vehicle/driver_position_cmd
79.0495,position,1785151856.623072,1.736,/vehicle/driver_position_cmd
79.0797,velocity,1785151856.599814,0.598,/vehicle/rear_bogie_velocity
79.0804,position,1785151856.599814,1.307,/vehicle/rear_bogie_velocity
79.0926,velocity,1785151856.673082,0.990,/vehicle/driver_position_cmd
79.0933,position,1785151856.673082,1.767,/vehicle/driver_position_cmd
79.1455,velocity,1785151856.723097,1.077,/vehicle/driver_position_cmd
79.1462,position,1785151856.723097,1.727,/vehicle/driver_position_cmd
79.1798,velocity,1785151856.689785,0.588,/vehicle/rear_bogie_velocity
79.1806,position,1785151856.689785,1.289,/vehicle/rear_bogie_velocity
79.1936,velocity,1785151856.773100,0.979,/vehicle/driver_position_cmd
79.1942,position,1785151856.773100,1.598,/vehicle/driver_position_cmd
79.2518,velocity,1785151856.823065,1.011,/vehicle/driver_position_cmd
79.2527,position,1785151856.823065,1.871,/vehicle/driver_position_cmd
79.2803,velocity,1785151856.791764,0.574,/vehicle/rear_bogie_velocity
79.2807,position,1785151856.791764,0.924,/vehicle/rear_bogie_velocity
79.2918,velocity,1785151856.873095,0.659,/vehicle/driver_position_cmd
79.2922,position,1785151856.873095,1.046,/vehicle/driver_position_cmd
79.3420,velocity,1785151856.923064,0.246,/vehicle/driver_position_cmd
79.3422,position,1785151856.923064,0.457,/vehicle/driver_position_cmd
79.3864,velocity,1785151856.887730,0.384,/vehicle/rear_bogie_velocity
79.3867,position,1785151856.887730,0.672,/vehicle/rear_bogie_velocity
79.3903,velocity,1785151856.973089,0.238,/vehicle/driver_position_cmd
79.3905,position,1785151856.973089,0.445,/vehicle/driver_position_cmd
79.4447,velocity,1785151857.023100,0.440,/vehicle/driver_position_cmd
79.4451,position,1785151857.023100,0.896,/vehicle/driver_position_cmd
79.4797,velocity,1785151856.997699,0.575,/vehicle/rear_bogie_velocity
79.4806,position,1785151856.997699,1.470,/vehicle/rear_bogie_velocity
79.4942,velocity,1785151857.073079,0.912,/vehicle/driver_position_cmd
79.4948,position,1785151857.073079,1.545,/vehicle/driver_position_cmd
79.5464,velocity,1785151857.123103,1.780,/vehicle/driver_position_cmd
79.5471,position,1785151857.123103,2.477,/vehicle/driver_position_cmd
79.5793,velocity,1785151857.101673,0.482,/vehicle/rear_bogie_velocity
79.5798,position,1785151857.101673,0.971,/vehicle/rear_bogie_velocity
79.5917,velocity,1785151857.173098,0.412,/vehicle/driver_position_cmd
79.5921,position,1785151857.173098,0.805,/vehicle/driver_position_cmd
79.6461,velocity,1785151857.223079,0.891,/vehicle/driver_position_cmd
79.6469,position,1785151857.223079,1.719,/vehicle/driver_position_cmd
79.6838,velocity,1785151857.201649,0.494,/vehicle/rear_bogie_velocity
79.6846,position,1785151857.201649,1.276,/vehicle/rear_bogie_velocity
79.6929,velocity,1785151857.273099,0.897,/vehicle/driver_position_cmd
79.6934,position,1785151857.273099,1.354,/vehicle/driver_position_cmd
79.7434,velocity,1785151857.323081,1.007,/vehicle/driver_position_cmd
79.7440,position,1785151857.323081,1.655,/vehicle/driver_position_cmd
79.7811,velocity,1785151857.295623,0.814,/vehicle/rear_bogie_velocity
79.7819,position,1785151857.295623,1.594,/vehicle/rear_bogie_velocity
79.7929,velocity,1785151857.373073,0.752,/vehicle/driver_position_cmd
79.7938,position,1785151857.373073,1.562,/vehicle/driver_position_cmd
79.8527,velocity,1785151857.423118,0.951,/vehicle/driver_position_cmd
79.8536,position,1785151857.423118,1.857,/vehicle/driver_position_cmd
79.8839,velocity,1785151857.411810,0.592,/vehicle/rear_bogie_velocity
79.8847,position,1785151857.411810,1.417,/vehicle/rear_bogie_velocity
79.8928,velocity,1785151857.473098,0.818,/vehicle/driver_position_cmd
79.8935,position,1785151857.473098,1.515,/vehicle/driver_position_cmd
79.9479,velocity,1785151857.523089,0.742,/vehicle/driver_position_cmd
79.9487,position,1785151857.523089,1.504,/vehicle/driver_position_cmd
79.9851,velocity,1785151857.501562,0.595,/vehicle/rear_bogie_velocity
79.9859,position,1785151857.501562,1.424,/vehicle/rear_bogie_velocity
79.9944,velocity,1785151857.573103,0.836,/vehicle/driver_position_cmd
79.9952,position,1785151857.573103,1.604,/vehicle/driver_position_cmd
80.0463,velocity,1785151857.623110,0.958,/vehicle/driver_position_cmd
80.0472,position,1785151857.623110,1.874,/vehicle/driver_position_cmd
80.0791,velocity,1785151857.611722,0.592,/vehicle/rear_bogie_velocity
80.0798,position,1785151857.611722,1.321,/vehicle/rear_bogie_velocity
80.0961,velocity,1785151857.673099,0.881,/vehicle/driver_position_cmd
80.0969,position,1785151857.673099,1.676,/vehicle/driver_position_cmd
80.1510,velocity,1785151857.723106,1.045,/vehicle/driver_position_cmd
80.1517,position,1785151857.723106,1.710,/vehicle/driver_position_cmd
80.1854,velocity,1785151857.707503,0.608,/vehicle/rear_bogie_velocity
80.1861,position,1785151857.707503,1.330,/vehicle/rear_bogie_velocity
80.1917,velocity,1785151857.773102,0.681,/vehicle/driver_position_cmd
80.1923,position,1785151857.773102,1.254,/vehicle/driver_position_cmd
80.2520,velocity,1785151857.823093,1.124,/vehicle/driver_position_cmd
80.2530,position,1785151857.823093,2.182,/vehicle/driver_position_cmd
80.2818,velocity,1785151857.813586,0.827,/vehicle/rear_bogie_velocity
80.2824,position,1785151857.813586,1.471,/vehicle/rear_bogie_velocity
80.2937,velocity,1785151857.873103,0.513,/vehicle/driver_position_cmd
80.2941,position,1785151857.873103,0.960,/vehicle/driver_position_cmd
80.3502,velocity,1785151857.923104,0.400,/vehicle/driver_position_cmd
80.3505,position,1785151857.923104,0.748,/vehicle/driver_position_cmd
80.3827,velocity,1785151857.887468,0.324,/vehicle/rear_bogie_velocity
80.3830,position,1785151857.887468,0.678,/vehicle/rear_bogie_velocity
80.3944,velocity,1785151857.973088,0.351,/vehicle/driver_position_cmd
80.3948,position,1785151857.973088,0.702,/vehicle/driver_position_cmd
80.4510,velocity,1785151858.023063,0.651,/vehicle/driver_position_cmd
80.4519,position,1785151858.023063,1.488,/vehicle/driver_position_cmd
80.4818,velocity,1785151857.999425,0.534,/vehicle/rear_bogie_velocity
80.4825,position,1785151857.999425,1.208,/vehicle/rear_bogie_velocity
80.4951,velocity,1785151858.073088,0.794,/vehicle/driver_position_cmd
80.4957,position,1785151858.073088,1.372,/vehicle/driver_position_cmd
80.5518,velocity,1785151858.123074,0.549,/vehicle/driver_position_cmd
80.5525,position,1785151858.123074,1.238,/vehicle/driver_position_cmd
80.5821,velocity,1785151858.097396,0.510,/vehicle/rear_bogie_velocity
80.5828,position,1785151858.097396,1.245,/vehicle/rear_bogie_velocity
80.5943,velocity,1785151858.173083,0.863,/vehicle/driver_position_cmd
80.5949,position,1785151858.173083,1.396,/vehicle/driver_position_cmd
80.6433,velocity,1785151858.223081,0.976,/vehicle/driver_position_cmd
80.6441,position,1785151858.223081,1.725,/vehicle/driver_position_cmd
80.6855,velocity,1785151858.199371,0.855,/vehicle/rear_bogie_velocity
80.6861,position,1785151858.199371,1.463,/vehicle/rear_bogie_velocity
80.6947,velocity,1785151858.273111,1.102,/vehicle/driver_position_cmd
80.6956,position,1785151858.273111,2.052,/vehicle/driver_position_cmd
80.7527,velocity,1785151858.323079,0.990,/vehicle/driver_position_cmd
80.7533,position,1785151858.323079,1.585,/vehicle/driver_position_cmd
80.7800,velocity,1785151858.297336,0.892,/vehicle/rear_bogie_velocity
80.7805,position,1785151858.297336,1.472,/vehicle/rear_bogie_velocity
80.7980,velocity,1785151858.373091,0.926,/vehicle/driver_position_cmd
80.7986,position,1785151858.373091,1.569,/vehicle/driver_position_cmd
80.8426,velocity,1785151858.423061,1.032,/vehicle/driver_position_cmd
80.8432,position,1785151858.423061,1.644,/vehicle/driver_position_cmd
80.8821,velocity,1785151858.409309,0.603,/vehicle/rear_bogie_velocity
80.8829,position,1785151858.409309,1.409,/vehicle/rear_bogie_velocity
80.8926,velocity,1785151858.473074,0.517,/vehicle/driver_position_cmd
80.8931,position,1785151858.473074,1.017,/vehicle/driver_position_cmd
80.9435,velocity,1785151858.523094,1.020,/vehicle/driver_position_cmd
80.9441,position,1785151858.523094,1.649,/vehicle/driver_position_cmd
80.9852,velocity,1785151858.499287,0.676,/vehicle/rear_bogie_velocity
80.9859,position,1785151858.499287,1.427,/vehicle/rear_bogie_velocity
80.9960,velocity,1785151858.573085,0.939,/vehicle/driver_position_cmd
80.9966,position,1785151858.573085,1.543,/vehicle/driver_position_cmd
81.0517,velocity,1785151858.623058,0.972,/vehicle/driver_position_cmd
81.0523,position,1785151858.623058,1.638,/vehicle/driver_position_cmd
81.0846,velocity,1785151858.607249,0.615,/vehicle/rear_bogie_velocity
81.0852,position,1785151858.607249,1.292,/vehicle/rear_bogie_velocity
81.0934,velocity,1785151858.673072,0.996,/vehicle/driver_position_cmd
81.0942,position,1785151858.673072,1.870,/vehicle/driver_position_cmd
81.1458,velocity,1785151858.723122,0.999,/vehicle/driver_position_cmd
81.1464,position,1785151858.723122,1.626,/vehicle/driver_position_cmd
81.1802,velocity,1785151858.687227,0.630,/vehicle/rear_bogie_velocity
81.1810,position,1785151858.687227,1.428,/vehicle/rear_bogie_velocity
81.1919,velocity,1785151858.773063,0.848,/vehicle/driver_position_cmd
81.1925,position,1785151858.773063,1.438,/vehicle/driver_position_cmd
81.2506,velocity,1785151858.823078,0.832,/vehicle/driver_position_cmd
81.2512,position,1785151858.823078,1.430,/vehicle/driver_position_cmd
81.2791,velocity,1785151858.791206,0.683,/vehicle/rear_bogie_velocity
81.2798,position,1785151858.791206,1.396,/vehicle/rear_bogie_velocity
81.2931,velocity,1785151858.873103,0.625,/vehicle/driver_position_cmd
81.2937,position,1785151858.873103,1.143,/vehicle/driver_position_cmd
81.3448,velocity,1785151858.923104,0.665,/vehicle/driver_position_cmd
81.3452,position,1785151858.923104,1.064,/vehicle/driver_position_cmd
81.3870,velocity,1785151858.889173,0.430,/vehicle/rear_bogie_velocity
81.3873,position,1785151858.889173,0.762,/vehicle/rear_bogie_velocity
81.3913,velocity,1785151858.973113,0.326,/vehicle/driver_position_cmd
81.3916,position,1785151858.973113,0.560,/vehicle/driver_position_cmd
81.4516,velocity,1785151859.023088,0.394,/vehicle/driver_position_cmd
81.4520,position,1785151859.023088,0.778,/vehicle/driver_position_cmd
81.4865,velocity,1785151858.987147,0.605,/vehicle/rear_bogie_velocity
81.4873,position,1785151858.987147,1.456,/vehicle/rear_bogie_velocity
81.4915,velocity,1785151859.073115,0.538,/vehicle/driver_position_cmd
81.4920,position,1785151859.073115,1.070,/vehicle/driver_position_cmd
81.5434,velocity,1785151859.123088,1.827,/vehicle/driver_position_cmd
81.5441,position,1785151859.123088,2.530,/vehicle/driver_position_cmd
81.5846,velocity,1785151859.093121,0.580,/vehicle/rear_bogie_velocity
81.5853,position,1785151859.093121,1.279,/vehicle/rear_bogie_velocity
81.5934,velocity,1785151859.173107,0.902,/vehicle/driver_position_cmd
81.5942,position,1785151859.173107,1.739,/vehicle/driver_position_cmd
81.6455,velocity,1785151859.223081,1.090,/vehicle/driver_position_cmd
81.6461,position,1785151859.223081,1.772,/vehicle/driver_position_cmd
81.6816,velocity,1785151859.195089,0.604,/vehicle/rear_bogie_velocity
81.6825,position,1785151859.195089,1.493,/vehicle/rear_bogie_velocity
81.6957,velocity,1785151859.273111,1.055,/vehicle/driver_position_cmd
81.6963,position,1785151859.273111,1.699,/vehicle/driver_position_cmd
81.7432,velocity,1785151859.323133,0.999,/vehicle/driver_position_cmd
81.7440,position,1785151859.323133,1.745,/vehicle/driver_position_cmd
81.7856,velocity,1785151859.297084,0.620,/vehicle/rear_bogie_velocity
81.7862,position,1785151859.297084,1.256,/vehicle/rear_bogie_velocity
81.7941,velocity,1785151859.373112,0.948,/vehicle/driver_position_cmd
81.7948,position,1785151859.373112,1.605,/vehicle/driver_position_cmd
81.8527,velocity,1785151859.423091,0.928,/vehicle/driver_position_cmd
81.8534,position,1785151859.423091,1.695,/vehicle/driver_position_cmd
81.8876,velocity,1785151859.407048,0.582,/vehicle/rear_bogie_velocity
81.8885,position,1785151859.407048,1.452,/vehicle/rear_bogie_velocity
81.8927,velocity,1785151859.473102,0.691,/vehicle/driver_position_cmd
81.8934,position,1785151859.473102,1.447,/vehicle/driver_position_cmd
81.9483,velocity,1785151859.523106,1.029,/vehicle/driver_position_cmd
81.9492,position,1785151859.523106,1.928,/vehicle/driver_position_cmd
81.9812,velocity,1785151859.507005,1.024,/vehicle/rear_bogie_velocity
81.9819,position,1785151859.507005,1.685,/vehicle/rear_bogie_velocity
81.9955,velocity,1785151859.573076,0.929,/vehicle/driver_position_cmd
81.9962,position,1785151859.573076,1.604,/vehicle/driver_position_cmd
82.0464,velocity,1785151859.623088,0.973,/vehicle/driver_position_cmd
82.0471,position,1785151859.623088,1.639,/vehicle/driver_position_cmd
82.0785,velocity,1785151859.596980,0.417,/vehicle/rear_bogie_velocity
82.0793,position,1785151859.596980,1.251,/vehicle/rear_bogie_velocity
82.0959,velocity,1785151859.673073,0.687,/vehicle/driver_position_cmd
82.0965,position,1785151859.673073,1.215,/vehicle/driver_position_cmd
82.1513,velocity,1785151859.723067,0.927,/vehicle/driver_position_cmd
82.1522,position,1785151859.723067,1.795,/vehicle/driver_position_cmd
82.1783,velocity,1785151859.690952,0.489,/vehicle/rear_bogie_velocity
82.1789,position,1785151859.690952,1.054,/vehicle/rear_bogie_velocity
82.1959,velocity,1785151859.773091,1.074,/vehicle/driver_position_cmd
82.1965,position,1785151859.773091,1.665,/vehicle/driver_position_cmd
82.2451,velocity,1785151859.823063,0.263,/vehicle/driver_position_cmd
82.2452,position,1785151859.823063,0.448,/vehicle/driver_position_cmd
82.2816,velocity,1785151859.800917,0.379,/vehicle/rear_bogie_velocity
82.2820,position,1785151859.800917,0.787,/vehicle/rear_bogie_velocity
82.2941,velocity,1785151859.873081,0.468,/vehicle/driver_position_cmd
82.2946,position,1785151859.873081,0.893,/vehicle/driver_position_cmd
82.3515,velocity,1785151859.923058,0.905,/vehicle/driver_position_cmd
82.3521,position,1785151859.923058,1.571,/vehicle/driver_position_cmd
82.3843,velocity,1785151859.898892,0.630,/vehicle/rear_bogie_velocity
82.3850,position,1785151859.898892,1.276,/vehicle/rear_bogie_velocity
82.3926,velocity,1785151859.973084,0.700,/vehicle/driver_position_cmd
82.3934,position,1785151859.973084,1.506,/vehicle/driver_position_cmd
82.4465,velocity,1785151860.023059,0.959,/vehicle/driver_position_cmd
82.4472,position,1785151860.023059,1.676,/vehicle/driver_position_cmd
82.4830,velocity,1785151860.002861,0.630,/vehicle/rear_bogie_velocity
82.4837,position,1785151860.002861,1.280,/vehicle/rear_bogie_velocity
82.4962,velocity,1785151860.073095,1.088,/vehicle/driver_position_cmd
82.4968,position,1785151860.073095,1.721,/vehicle/driver_position_cmd
82.5424,velocity,1785151860.123085,0.531,/vehicle/driver_position_cmd
82.5428,position,1785151860.123085,0.958,/vehicle/driver_position_cmd
82.5791,velocity,1785151860.088840,0.673,/vehicle/rear_bogie_velocity
82.5799,position,1785151860.088840,1.412,/vehicle/rear_bogie_velocity
82.5952,velocity,1785151860.173059,1.009,/vehicle/driver_position_cmd
82.5960,position,1785151860.173059,1.876,/vehicle/driver_position_cmd
82.6445,velocity,1785151860.223002,1.050,/vehicle/driver_position_cmd
82.6451,position,1785151860.223002,1.671,/vehicle/driver_position_cmd
82.6844,velocity,1785151860.186818,0.621,/vehicle/rear_bogie_velocity
82.6853,position,1785151860.186818,1.495,/vehicle/rear_bogie_velocity
82.6920,velocity,1785151860.273094,0.859,/vehicle/driver_position_cmd
82.6927,position,1785151860.273094,1.596,/vehicle/driver_position_cmd
82.7494,velocity,1785151860.323077,0.969,/vehicle/driver_position_cmd
82.7500,position,1785151860.323077,1.574,/vehicle/driver_position_cmd
82.7847,velocity,1785151860.298791,0.815,/vehicle/rear_bogie_velocity
82.7854,position,1785151860.298791,1.531,/vehicle/rear_bogie_velocity
82.7928,velocity,1785151860.373093,0.759,/vehicle/driver_position_cmd
82.7935,position,1785151860.373093,1.452,/vehicle/driver_position_cmd
82.8484,velocity,1785151860.423076,0.838,/vehicle/driver_position_cmd
82.8492,position,1785151860.423076,1.596,/vehicle/driver_position_cmd
82.8798,velocity,1785151860.426745,0.735,/vehicle/rear_bogie_velocity
82.8804,position,1785151860.426745,1.420,/vehicle/rear_bogie_velocity
82.8949,velocity,1785151860.473100,0.743,/vehicle/driver_position_cmd
82.8955,position,1785151860.473100,1.399,/vehicle/driver_position_cmd
82.9510,velocity,1785151860.523062,0.990,/vehicle/driver_position_cmd
82.9515,position,1785151860.523062,1.465,/vehicle/driver_position_cmd
82.9845,velocity,1785151860.494725,0.544,/vehicle/rear_bogie_velocity
82.9853,position,1785151860.494725,1.321,/vehicle/rear_bogie_velocity
82.9915,velocity,1785151860.573073,0.626,/vehicle/driver_position_cmd
82.9922,position,1785151860.573073,1.318,/vehicle/driver_position_cmd
83.0513,velocity,1785151860.623090,0.925,/vehicle/driver_position_cmd
83.0519,position,1785151860.623090,1.524,/vehicle/driver_position_cmd
83.0799,velocity,1785151860.588706,0.791,/vehicle/rear_bogie_velocity
83.0803,position,1785151860.588706,1.215,/vehicle/rear_bogie_velocity
83.0950,velocity,1785151860.673082,0.397,/vehicle/driver_position_cmd
83.0954,position,1785151860.673082,0.804,/vehicle/driver_position_cmd
83.1442,velocity,1785151860.723087,0.624,/vehicle/driver_position_cmd
83.1447,position,1785151860.723087,1.178,/vehicle/driver_position_cmd
83.1809,velocity,1785151860.692672,0.594,/vehicle/rear_bogie_velocity
83.1816,position,1785151860.692672,1.363,/vehicle/rear_bogie_velocity
83.1931,velocity,1785151860.773081,1.087,/vehicle/driver_position_cmd
83.1938,position,1785151860.773081,1.793,/vehicle/driver_position_cmd
83.2424,velocity,1785151860.823074,0.487,/vehicle/driver_position_cmd
83.2428,position,1785151860.823074,0.799,/vehicle/driver_position_cmd
83.2818,velocity,1785151860.796643,0.375,/vehicle/rear_bogie_velocity
83.2822,position,1785151860.796643,0.775,/vehicle/rear_bogie_velocity
83.2932,velocity,1785151860.873103,0.366,/vehicle/driver_position_cmd
83.2935,position,1785151860.873103,0.685,/vehicle/driver_position_cmd
83.3490,velocity,1785151860.923070,0.914,/vehicle/driver_position_cmd
83.3498,position,1785151860.923070,1.725,/vehicle/driver_position_cmd
83.3850,velocity,1785151860.906617,0.540,/vehicle/rear_bogie_velocity
83.3857,position,1785151860.906617,1.288,/vehicle/rear_bogie_velocity
83.3926,velocity,1785151860.973044,0.654,/vehicle/driver_position_cmd
83.3933,position,1785151860.973044,1.368,/vehicle/driver_position_cmd
83.4511,velocity,1785151861.023145,0.793,/vehicle/driver_position_cmd
83.4518,position,1785151861.023145,1.534,/vehicle/driver_position_cmd
83.4841,velocity,1785151860.994592,0.790,/vehicle/rear_bogie_velocity
83.4845,position,1785151860.994592,1.199,/vehicle/rear_bogie_velocity
83.4934,velocity,1785151861.073095,0.803,/vehicle/driver_position_cmd
83.4938,position,1785151861.073095,1.206,/vehicle/driver_position_cmd
83.5414,velocity,1785151861.123076,0.757,/vehicle/driver_position_cmd
83.5418,position,1785151861.123076,1.171,/vehicle/driver_position_cmd
83.5814,velocity,1785151861.088567,0.443,/vehicle/rear_bogie_velocity
83.5821,position,1785151861.088567,1.142,/vehicle/rear_bogie_velocity
83.5929,velocity,1785151861.173099,0.687,/vehicle/driver_position_cmd
83.5936,position,1785151861.173099,1.419,/vehicle/driver_position_cmd
83.6494,velocity,1785151861.223008,0.941,/vehicle/driver_position_cmd
83.6500,position,1785151861.223008,1.620,/vehicle/driver_position_cmd
83.6852,velocity,1785151861.194538,0.616,/vehicle/rear_bogie_velocity
83.6859,position,1785151861.194538,1.326,/vehicle/rear_bogie_velocity
83.6933,velocity,1785151861.273114,0.973,/vehicle/driver_position_cmd
83.6942,position,1785151861.273114,1.812,/vehicle/driver_position_cmd
83.7464,velocity,1785151861.323085,0.982,/vehicle/driver_position_cmd
83.7472,position,1785151861.323085,1.841,/vehicle/driver_position_cmd
83.7826,velocity,1785151861.292510,0.629,/vehicle/rear_bogie_velocity
83.7834,position,1785151861.292510,1.522,/vehicle/rear_bogie_velocity
83.7946,velocity,1785151861.373056,1.000,/vehicle/driver_position_cmd
83.7955,position,1785151861.373056,1.867,/vehicle/driver_position_cmd
83.8517,velocity,1785151861.423074,0.947,/vehicle/driver_position_cmd
83.8526,position,1785151861.423074,1.835,/vehicle/driver_position_cmd
83.8811,velocity,1785151861.406477,0.718,/vehicle/rear_bogie_velocity
83.8820,position,1785151861.406477,1.549,/vehicle/rear_bogie_velocity
83.8928,velocity,1785151861.473097,0.527,/vehicle/driver_position_cmd
83.8933,position,1785151861.473097,1.010,/vehicle/driver_position_cmd
83.9420,velocity,1785151861.523076,0.983,/vehicle/driver_position_cmd
83.9428,position,1785151861.523076,1.839,/vehicle/driver_position_cmd
83.9864,velocity,1785151861.502463,0.595,/vehicle/rear_bogie_velocity
83.9873,position,1785151861.502463,1.469,/vehicle/rear_bogie_velocity
83.9923,velocity,1785151861.573103,0.785,/vehicle/driver_position_cmd
83.9931,position,1785151861.573103,1.520,/vehicle/driver_position_cmd
84.0484,velocity,1785151861.623071,1.109,/vehicle/driver_position_cmd
84.0489,position,1785151861.623071,1.625,/vehicle/driver_position_cmd
84.0797,velocity,1785151861.604418,0.591,/vehicle/rear_bogie_velocity
84.0806,position,1785151861.604418,1.459,/vehicle/rear_bogie_velocity
84.0918,velocity,1785151861.673072,0.915,/vehicle/driver_position_cmd
84.0927,position,1785151861.673072,1.719,/vehicle/driver_position_cmd
84.1433,velocity,1785151861.723068,0.963,/vehicle/driver_position_cmd
84.1440,position,1785151861.723068,1.670,/vehicle/driver_position_cmd
84.1815,velocity,1785151861.698390,0.530,/vehicle/rear_bogie_velocity
84.1822,position,1785151861.698390,1.205,/vehicle/rear_bogie_velocity
84.1941,velocity,1785151861.773062,0.905,/vehicle/driver_position_cmd
84.1945,position,1785151861.773062,1.253,/vehicle/driver_position_cmd
84.2494,velocity,1785151861.823093,0.995,/vehicle/driver_position_cmd
84.2500,position,1785151861.823093,1.591,/vehicle/driver_position_cmd
84.2789,velocity,1785151861.802361,0.668,/vehicle/rear_bogie_velocity
84.2798,position,1785151861.802361,1.533,/vehicle/rear_bogie_velocity
84.2920,velocity,1785151861.873075,0.685,/vehicle/driver_position_cmd
84.2927,position,1785151861.873075,1.467,/vehicle/driver_position_cmd
84.3516,velocity,1785151861.923080,0.817,/vehicle/driver_position_cmd
84.3522,position,1785151861.923080,1.403,/vehicle/driver_position_cmd
84.3793,velocity,1785151861.892340,0.672,/vehicle/rear_bogie_velocity
84.3801,position,1785151861.892340,1.422,/vehicle/rear_bogie_velocity
84.3950,velocity,1785151861.973127,0.897,/vehicle/driver_position_cmd
84.3959,position,1785151861.973127,1.749,/vehicle/driver_position_cmd
84.4439,velocity,1785151862.023084,0.981,/vehicle/driver_position_cmd
84.4445,position,1785151862.023084,1.569,/vehicle/driver_position_cmd
84.4802,velocity,1785151862.004293,0.633,/vehicle/rear_bogie_velocity
84.4811,position,1785151862.004293,1.511,/vehicle/rear_bogie_velocity
84.4931,velocity,1785151862.073076,0.752,/vehicle/driver_position_cmd
84.4937,position,1785151862.073076,1.359,/vehicle/driver_position_cmd
84.5413,velocity,1785151862.123109,0.538,/vehicle/driver_position_cmd
84.5419,position,1785151862.123109,1.094,/vehicle/driver_position_cmd
84.5812,velocity,1785151862.098278,0.665,/vehicle/rear_bogie_velocity
84.5821,position,1785151862.098278,1.564,/vehicle/rear_bogie_velocity
84.5952,velocity,1785151862.173069,0.893,/vehicle/driver_position_cmd
84.5961,position,1785151862.173069,1.756,/vehicle/driver_position_cmd
84.6466,velocity,1785151862.223180,1.023,/vehicle/driver_position_cmd
84.6475,position,1785151862.223180,1.918,/vehicle/driver_position_cmd
84.6805,velocity,1785151862.194246,0.750,/vehicle/rear_bogie_velocity
84.6812,position,1785151862.194246,1.456,/vehicle/rear_bogie_velocity
84.6951,velocity,1785151862.273079,0.985,/vehicle/driver_position_cmd
84.6958,position,1785151862.273079,1.672,/vehicle/driver_position_cmd
84.7457,velocity,1785151862.323065,0.920,/vehicle/driver_position_cmd
84.7465,position,1785151862.323065,1.800,/vehicle/driver_position_cmd
84.7834,velocity,1785151862.290218,0.585,/vehicle/rear_bogie_velocity
84.7840,position,1785151862.290218,1.213,/vehicle/rear_bogie_velocity
84.7927,velocity,1785151862.373077,1.097,/vehicle/driver_position_cmd
84.7936,position,1785151862.373077,2.023,/vehicle/driver_position_cmd
84.8518,velocity,1785151862.423096,1.008,/vehicle/driver_position_cmd
84.8527,position,1785151862.423096,1.851,/vehicle/driver_position_cmd
84.8794,velocity,1785151862.394186,0.863,/vehicle/rear_bogie_velocity
84.8800,position,1785151862.394186,1.458,/vehicle/rear_bogie_velocity
84.8963,velocity,1785151862.473095,0.983,/vehicle/driver_position_cmd
84.8972,position,1785151862.473095,1.866,/vehicle/driver_position_cmd
84.9518,velocity,1785151862.523075,1.003,/vehicle/driver_position_cmd
84.9526,position,1785151862.523075,1.844,/vehicle/driver_position_cmd
84.9848,velocity,1785151862.496152,0.643,/vehicle/rear_bogie_velocity
84.9857,position,1785151862.496152,1.496,/vehicle/rear_bogie_velocity
84.9948,velocity,1785151862.573077,0.909,/vehicle/driver_position_cmd
84.9956,position,1785151862.573077,1.723,/vehicle/driver_position_cmd
85.0450,velocity,1785151862.623067,1.048,/vehicle/driver_position_cmd
85.0455,position,1785151862.623067,1.509,/vehicle/driver_position_cmd
85.0792,velocity,1785151862.598130,0.652,/vehicle/rear_bogie_velocity
85.0800,position,1785151862.598130,1.440,/vehicle/rear_bogie_velocity
85.0942,velocity,1785151862.673065,1.031,/vehicle/driver_position_cmd
85.0949,position,1785151862.673065,1.689,/vehicle/driver_position_cmd
85.1443,velocity,1785151862.723069,0.936,/vehicle/driver_position_cmd
85.1450,position,1785151862.723069,1.625,/vehicle/driver_position_cmd
85.1829,velocity,1785151862.706103,0.639,/vehicle/rear_bogie_velocity
85.1838,position,1785151862.706103,1.532,/vehicle/rear_bogie_velocity
85.1947,velocity,1785151862.773070,0.878,/vehicle/driver_position_cmd
85.1954,position,1785151862.773070,1.587,/vehicle/driver_position_cmd
85.2452,velocity,1785151862.823122,0.982,/vehicle/driver_position_cmd
85.2460,position,1785151862.823122,1.730,/vehicle/driver_position_cmd
85.2857,velocity,1785151862.804071,0.703,/vehicle/rear_bogie_velocity
85.2866,position,1785151862.804071,1.608,/vehicle/rear_bogie_velocity
85.2917,velocity,1785151862.873116,0.699,/vehicle/driver_position_cmd
85.2924,position,1785151862.873116,1.484,/vehicle/driver_position_cmd
85.3447,velocity,1785151862.923067,0.597,/vehicle/driver_position_cmd
85.3451,position,1785151862.923067,1.028,/vehicle/driver_position_cmd
85.3807,velocity,1785151862.894048,0.425,/vehicle/rear_bogie_velocity
85.3813,position,1785151862.894048,1.022,/vehicle/rear_bogie_velocity
85.3955,velocity,1785151862.973083,0.949,/vehicle/driver_position_cmd
85.3961,position,1785151862.973083,1.538,/vehicle/driver_position_cmd
85.4518,velocity,1785151863.023091,1.052,/vehicle/driver_position_cmd
85.4524,position,1785151863.023091,1.705,/vehicle/driver_position_cmd
85.4804,velocity,1785151862.996027,0.624,/vehicle/rear_bogie_velocity
85.4811,position,1785151862.996027,1.268,/vehicle/rear_bogie_velocity
85.4973,velocity,1785151863.073063,1.022,/vehicle/driver_position_cmd
85.4982,position,1785151863.073063,1.924,/vehicle/driver_position_cmd
85.5514,velocity,1785151863.123091,1.075,/vehicle/driver_position_cmd
85.5524,position,1785151863.123091,2.083,/vehicle/driver_position_cmd
85.6017,velocity,1785151863.173106,0.850,/vehicle/driver_position_cmd
85.6023,position,1785151863.173106,1.512,/vehicle/driver_position_cmd
85.6515,velocity,1785151863.223027,0.935,/vehicle/driver_position_cmd
85.6524,position,1785151863.223027,1.784,/vehicle/driver_position_cmd
85.6818,velocity,1785151863.193964,0.951,/vehicle/rear_bogie_velocity
85.6822,position,1785151863.193964,1.332,/vehicle/rear_bogie_velocity
85.6964,velocity,1785151863.273130,1.003,/vehicle/driver_position_cmd
85.6972,position,1785151863.273130,1.781,/vehicle/driver_position_cmd
85.7453,velocity,1785151863.323122,0.975,/vehicle/driver_position_cmd
85.7460,position,1785151863.323122,1.656,/vehicle/driver_position_cmd
85.7817,velocity,1785151863.295952,0.641,/vehicle/rear_bogie_velocity
85.7824,position,1785151863.295952,1.337,/vehicle/rear_bogie_velocity
85.7919,velocity,1785151863.373070,0.812,/vehicle/driver_position_cmd
85.7925,position,1785151863.373070,1.475,/vehicle/driver_position_cmd
85.8513,velocity,1785151863.423248,0.866,/vehicle/driver_position_cmd
85.8521,position,1785151863.423248,1.675,/vehicle/driver_position_cmd
85.8839,velocity,1785151863.409925,0.774,/vehicle/rear_bogie_velocity
85.8843,position,1785151863.409925,1.180,/vehicle/rear_bogie_velocity
85.8924,velocity,1785151863.473096,0.934,/vehicle/driver_position_cmd
85.8931,position,1785151863.473096,1.688,/vehicle/driver_position_cmd
85.9435,velocity,1785151863.523124,0.839,/vehicle/driver_position_cmd
85.9443,position,1785151863.523124,1.605,/vehicle/driver_position_cmd
85.9870,velocity,1785151863.512440,0.583,/vehicle/rear_bogie_velocity
85.9879,position,1785151863.512440,1.440,/vehicle/rear_bogie_velocity
85.9924,velocity,1785151863.573065,0.448,/vehicle/driver_position_cmd
85.9929,position,1785151863.573065,0.966,/vehicle/driver_position_cmd
86.0448,velocity,1785151863.623119,0.775,/vehicle/driver_position_cmd
86.0455,position,1785151863.623119,1.464,/vehicle/driver_position_cmd
86.0811,velocity,1785151863.601854,0.752,/vehicle/rear_bogie_velocity
86.0814,position,1785151863.601854,1.131,/vehicle/rear_bogie_velocity
86.0960,velocity,1785151863.673085,0.820,/vehicle/driver_position_cmd
86.0964,position,1785151863.673085,1.196,/vehicle/driver_position_cmd
86.1502,velocity,1785151863.723060,0.839,/vehicle/driver_position_cmd
86.1511,position,1785151863.723060,1.733,/vehicle/driver_position_cmd
86.1838,velocity,1785151863.703819,0.533,/vehicle/rear_bogie_velocity
86.1846,position,1785151863.703819,1.318,/vehicle/rear_bogie_velocity
86.1931,velocity,1785151863.773132,0.946,/vehicle/driver_position_cmd
86.1937,position,1785151863.773132,1.580,/vehicle/driver_position_cmd
86.2473,velocity,1785151863.823080,0.899,/vehicle/driver_position_cmd
86.2480,position,1785151863.823080,1.668,/vehicle/driver_position_cmd
86.2814,velocity,1785151863.801792,0.499,/vehicle/rear_bogie_velocity
86.2822,position,1785151863.801792,1.237,/vehicle/rear_bogie_velocity
86.2957,velocity,1785151863.873112,0.774,/vehicle/driver_position_cmd
86.2964,position,1785151863.873112,1.469,/vehicle/driver_position_cmd
86.3512,velocity,1785151863.923113,0.832,/vehicle/driver_position_cmd
86.3520,position,1785151863.923113,1.632,/vehicle/driver_position_cmd
86.3855,velocity,1785151863.901764,0.742,/vehicle/rear_bogie_velocity
86.3859,position,1785151863.901764,1.068,/vehicle/rear_bogie_velocity
86.3946,velocity,1785151863.973059,0.757,/vehicle/driver_position_cmd
86.3954,position,1785151863.973059,1.479,/vehicle/driver_position_cmd
86.4415,velocity,1785151864.023120,0.805,/vehicle/driver_position_cmd
86.4422,position,1785151864.023120,1.532,/vehicle/driver_position_cmd
86.4814,velocity,1785151864.003742,0.508,/vehicle/rear_bogie_velocity
86.4821,position,1785151864.003742,1.238,/vehicle/rear_bogie_velocity
86.4922,velocity,1785151864.073087,0.793,/vehicle/driver_position_cmd
86.4925,position,1785151864.073087,1.156,/vehicle/driver_position_cmd
86.5500,velocity,1785151864.123091,0.861,/vehicle/driver_position_cmd
86.5504,position,1785151864.123091,1.290,/vehicle/driver_position_cmd
86.5811,velocity,1785151864.109719,0.478,/vehicle/rear_bogie_velocity
86.5818,position,1785151864.109719,1.145,/vehicle/rear_bogie_velocity
86.5927,velocity,1785151864.173083,0.763,/vehicle/driver_position_cmd
86.5933,position,1785151864.173083,1.371,/vehicle/driver_position_cmd
86.6427,velocity,1785151864.223112,1.083,/vehicle/driver_position_cmd
86.6435,position,1785151864.223112,1.924,/vehicle/driver_position_cmd
86.6826,velocity,1785151864.189680,0.905,/vehicle/rear_bogie_velocity
86.6834,position,1785151864.189680,1.779,/vehicle/rear_bogie_velocity
86.6942,velocity,1785151864.273103,1.041,/vehicle/driver_position_cmd
86.6950,position,1785151864.273103,1.803,/vehicle/driver_position_cmd
86.7461,velocity,1785151864.323100,0.871,/vehicle/driver_position_cmd
86.7467,position,1785151864.323100,1.525,/vehicle/driver_position_cmd
86.7815,velocity,1785151864.287672,0.565,/vehicle/rear_bogie_velocity
86.7823,position,1785151864.287672,1.389,/vehicle/rear_bogie_velocity
86.7960,velocity,1785151864.373072,0.845,/vehicle/driver_position_cmd
86.7964,position,1785151864.373072,1.314,/vehicle/driver_position_cmd
86.8484,velocity,1785151864.423093,1.040,/vehicle/driver_position_cmd
86.8491,position,1785151864.423093,1.672,/vehicle/driver_position_cmd
86.8863,velocity,1785151864.405629,0.627,/vehicle/rear_bogie_velocity
86.8871,position,1785151864.405629,1.474,/vehicle/rear_bogie_velocity
86.8919,velocity,1785151864.473066,0.805,/vehicle/driver_position_cmd
86.8925,position,1785151864.473066,1.365,/vehicle/driver_position_cmd
86.9421,velocity,1785151864.523114,1.060,/vehicle/driver_position_cmd
86.9428,position,1785151864.523114,1.814,/vehicle/driver_position_cmd
86.9792,velocity,1785151864.491607,0.629,/vehicle/rear_bogie_velocity
86.9799,position,1785151864.491607,1.331,/vehicle/rear_bogie_velocity
86.9956,velocity,1785151864.573058,1.028,/vehicle/driver_position_cmd
86.9965,position,1785151864.573058,1.904,/vehicle/driver_position_cmd
87.0516,velocity,1785151864.623094,0.855,/vehicle/driver_position_cmd
87.0523,position,1785151864.623094,1.476,/vehicle/driver_position_cmd
87.0791,velocity,1785151864.587578,0.666,/vehicle/rear_bogie_velocity
87.0800,position,1785151864.587578,1.536,/vehicle/rear_bogie_velocity
87.0922,velocity,1785151864.673064,0.939,/vehicle/driver_position_cmd
87.0930,position,1785151864.673064,1.733,/vehicle/driver_position_cmd
87.1517,velocity,1785151864.723032,0.978,/vehicle/driver_position_cmd
87.1525,position,1785151864.723032,1.727,/vehicle/driver_position_cmd
87.1861,velocity,1785151864.687560,0.670,/vehicle/rear_bogie_velocity
87.1870,position,1785151864.687560,1.520,/vehicle/rear_bogie_velocity
87.1921,velocity,1785151864.773136,0.793,/vehicle/driver_position_cmd
87.1929,position,1785151864.773136,1.537,/vehicle/driver_position_cmd
87.2519,velocity,1785151864.823094,1.045,/vehicle/driver_position_cmd
87.2527,position,1785151864.823094,1.905,/vehicle/driver_position_cmd
87.2843,velocity,1785151864.795522,0.670,/vehicle/rear_bogie_velocity
87.2852,position,1785151864.795522,1.550,/vehicle/rear_bogie_velocity
87.2926,velocity,1785151864.873098,0.573,/vehicle/driver_position_cmd
87.2931,position,1785151864.873098,1.099,/vehicle/driver_position_cmd
87.3518,velocity,1785151864.923084,1.020,/vehicle/driver_position_cmd
87.3526,position,1785151864.923084,1.771,/vehicle/driver_position_cmd
87.3903,velocity,1785151864.895560,0.724,/vehicle/rear_bogie_velocity
87.3907,position,1785151864.895560,1.128,/vehicle/rear_bogie_velocity
87.3914,velocity,1785151864.973095,1.196,/vehicle/driver_position_cmd
87.3919,position,1785151864.973095,1.678,/vehicle/driver_position_cmd
87.4442,velocity,1785151865.023090,1.034,/vehicle/driver_position_cmd
87.4449,position,1785151865.023090,1.763,/vehicle/driver_position_cmd
87.4856,velocity,1785151864.995461,0.624,/vehicle/rear_bogie_velocity
87.4865,position,1785151864.995461,1.504,/vehicle/rear_bogie_velocity
87.4926,velocity,1785151865.073099,0.876,/vehicle/driver_position_cmd
87.4933,position,1785151865.073099,1.642,/vehicle/driver_position_cmd
87.5424,velocity,1785151865.123088,0.727,/vehicle/driver_position_cmd
87.5430,position,1785151865.123088,1.265,/vehicle/driver_position_cmd
87.5795,velocity,1785151865.103429,0.580,/vehicle/rear_bogie_velocity
87.5803,position,1785151865.103429,1.367,/vehicle/rear_bogie_velocity
87.5926,velocity,1785151865.173080,0.977,/vehicle/driver_position_cmd
87.5933,position,1785151865.173080,1.692,/vehicle/driver_position_cmd
87.6475,velocity,1785151865.223070,0.992,/vehicle/driver_position_cmd
87.6483,position,1785151865.223070,1.743,/vehicle/driver_position_cmd
87.6810,velocity,1785151865.197407,0.654,/vehicle/rear_bogie_velocity
87.6819,position,1785151865.197407,1.488,/vehicle/rear_bogie_velocity
87.6921,velocity,1785151865.273120,0.945,/vehicle/driver_position_cmd
87.6928,position,1785151865.273120,1.660,/vehicle/driver_position_cmd
87.7435,velocity,1785151865.323081,1.062,/vehicle/driver_position_cmd
87.7442,position,1785151865.323081,1.750,/vehicle/driver_position_cmd
87.7802,velocity,1785151865.297379,0.659,/vehicle/rear_bogie_velocity
87.7809,position,1785151865.297379,1.333,/vehicle/rear_bogie_velocity
87.7956,velocity,1785151865.373088,1.002,/vehicle/driver_position_cmd
87.7963,position,1785151865.373088,1.688,/vehicle/driver_position_cmd
87.8517,velocity,1785151865.423076,0.988,/vehicle/driver_position_cmd
87.8526,position,1785151865.423076,1.865,/vehicle/driver_position_cmd
87.8871,velocity,1785151865.409357,0.620,/vehicle/rear_bogie_velocity
87.8883,position,1785151865.409357,1.801,/vehicle/rear_bogie_velocity
87.8921,velocity,1785151865.473077,0.761,/vehicle/driver_position_cmd
87.8927,position,1785151865.473077,1.329,/vehicle/driver_position_cmd
87.9455,velocity,1785151865.523083,1.029,/vehicle/driver_position_cmd
87.9462,position,1785151865.523083,1.778,/vehicle/driver_position_cmd
87.9854,velocity,1785151865.493332,0.603,/vehicle/rear_bogie_velocity
87.9860,position,1785151865.493332,1.225,/vehicle/rear_bogie_velocity
87.9930,velocity,1785151865.573068,0.843,/vehicle/driver_position_cmd
87.9938,position,1785151865.573068,1.618,/vehicle/driver_position_cmd
88.0504,velocity,1785151865.623084,0.968,/vehicle/driver_position_cmd
88.0510,position,1785151865.623084,1.585,/vehicle/driver_position_cmd
88.0804,velocity,1785151865.595301,0.627,/vehicle/rear_bogie_velocity
88.0809,position,1785151865.595301,1.148,/vehicle/rear_bogie_velocity
88.0920,velocity,1785151865.673082,0.672,/vehicle/driver_position_cmd
88.0925,position,1785151865.673082,1.111,/vehicle/driver_position_cmd
88.1465,velocity,1785151865.723217,0.599,/vehicle/driver_position_cmd
88.1472,position,1785151865.723217,1.283,/vehicle/driver_position_cmd
88.1796,velocity,1785151865.703264,0.569,/vehicle/rear_bogie_velocity
88.1804,position,1785151865.703264,1.399,/vehicle/rear_bogie_velocity
88.1936,velocity,1785151865.773112,0.807,/vehicle/driver_position_cmd
88.1946,position,1785151865.773112,1.818,/vehicle/driver_position_cmd
88.2465,velocity,1785151865.823083,0.425,/vehicle/driver_position_cmd
88.2468,position,1785151865.823083,0.765,/vehicle/driver_position_cmd
88.2801,velocity,1785151865.809237,0.287,/vehicle/rear_bogie_velocity
88.2805,position,1785151865.809237,0.663,/vehicle/rear_bogie_velocity
88.2954,velocity,1785151865.873100,0.548,/vehicle/driver_position_cmd
88.2960,position,1785151865.873100,1.124,/vehicle/driver_position_cmd
88.3517,velocity,1785151865.923075,0.825,/vehicle/driver_position_cmd
88.3523,position,1785151865.923075,1.427,/vehicle/driver_position_cmd
88.3800,velocity,1785151865.903220,0.874,/vehicle/rear_bogie_velocity
88.3805,position,1785151865.903220,1.443,/vehicle/rear_bogie_velocity
88.3948,velocity,1785151865.973093,1.026,/vehicle/driver_position_cmd
88.3956,position,1785151865.973093,1.820,/vehicle/driver_position_cmd
88.4518,velocity,1785151866.023078,0.980,/vehicle/driver_position_cmd
88.4526,position,1785151866.023078,1.793,/vehicle/driver_position_cmd
88.4831,velocity,1785151866.001184,0.873,/vehicle/rear_bogie_velocity
88.4840,position,1785151866.001184,1.723,/vehicle/rear_bogie_velocity
88.4925,velocity,1785151866.073081,0.544,/vehicle/driver_position_cmd
88.4930,position,1785151866.073081,1.055,/vehicle/driver_position_cmd
88.5434,velocity,1785151866.123086,0.789,/vehicle/driver_position_cmd
88.5441,position,1785151866.123086,1.507,/vehicle/driver_position_cmd
88.5804,velocity,1785151866.097162,0.679,/vehicle/rear_bogie_velocity
88.5810,position,1785151866.097162,1.332,/vehicle/rear_bogie_velocity
88.5940,velocity,1785151866.173069,0.926,/vehicle/driver_position_cmd
88.5946,position,1785151866.173069,1.579,/vehicle/driver_position_cmd
88.6484,velocity,1785151866.223093,1.020,/vehicle/driver_position_cmd
88.6494,position,1785151866.223093,1.948,/vehicle/driver_position_cmd
88.6830,velocity,1785151866.199126,0.654,/vehicle/rear_bogie_velocity
88.6840,position,1785151866.199126,1.592,/vehicle/rear_bogie_velocity
88.6957,velocity,1785151866.273073,0.869,/vehicle/driver_position_cmd
88.6963,position,1785151866.273073,1.519,/vehicle/driver_position_cmd
88.7478,velocity,1785151866.323081,0.962,/vehicle/driver_position_cmd
88.7484,position,1785151866.323081,1.539,/vehicle/driver_position_cmd
88.7814,velocity,1785151866.291116,0.856,/vehicle/rear_bogie_velocity
88.7823,position,1785151866.291116,1.710,/vehicle/rear_bogie_velocity
88.7919,velocity,1785151866.373098,0.626,/vehicle/driver_position_cmd
88.7927,position,1785151866.373098,1.427,/vehicle/driver_position_cmd
88.8511,velocity,1785151866.423105,0.822,/vehicle/driver_position_cmd
88.8518,position,1785151866.423105,1.502,/vehicle/driver_position_cmd
88.8818,velocity,1785151866.399074,0.578,/vehicle/rear_bogie_velocity
88.8825,position,1785151866.399074,1.231,/vehicle/rear_bogie_velocity
88.8956,velocity,1785151866.473086,0.756,/vehicle/driver_position_cmd
88.8960,position,1785151866.473086,1.174,/vehicle/driver_position_cmd
88.9510,velocity,1785151866.523113,0.791,/vehicle/driver_position_cmd
88.9517,position,1785151866.523113,1.470,/vehicle/driver_position_cmd
88.9832,velocity,1785151866.491047,0.545,/vehicle/rear_bogie_velocity
88.9840,position,1785151866.491047,1.306,/vehicle/rear_bogie_velocity
88.9949,velocity,1785151866.573076,0.826,/vehicle/driver_position_cmd
88.9953,position,1785151866.573076,1.268,/vehicle/driver_position_cmd
89.0423,velocity,1785151866.623096,0.579,/vehicle/driver_position_cmd
89.0431,position,1785151866.623096,1.383,/vehicle/driver_position_cmd
89.0788,velocity,1785151866.603019,0.540,/vehicle/rear_bogie_velocity
89.0795,position,1785151866.603019,1.253,/vehicle/rear_bogie_velocity
89.0954,velocity,1785151866.673086,0.411,/vehicle/driver_position_cmd
89.0959,position,1785151866.673086,0.967,/vehicle/driver_position_cmd
89.1495,velocity,1785151866.723098,0.949,/vehicle/driver_position_cmd
89.1502,position,1785151866.723098,1.701,/vehicle/driver_position_cmd
89.1798,velocity,1785151866.698998,0.624,/vehicle/rear_bogie_velocity
89.1806,position,1785151866.698998,1.449,/vehicle/rear_bogie_velocity
89.1917,velocity,1785151866.773085,0.740,/vehicle/driver_position_cmd
89.1924,position,1785151866.773085,1.385,/vehicle/driver_position_cmd
89.2510,velocity,1785151866.823097,0.860,/vehicle/driver_position_cmd
89.2518,position,1785151866.823097,1.651,/vehicle/driver_position_cmd
89.2789,velocity,1785151866.800946,0.488,/vehicle/rear_bogie_velocity
89.2794,position,1785151866.800946,0.904,/vehicle/rear_bogie_velocity
89.2936,velocity,1785151866.873072,0.717,/vehicle/driver_position_cmd
89.2940,position,1785151866.873072,1.111,/vehicle/driver_position_cmd
89.3408,velocity,1785151866.923113,0.262,/vehicle/driver_position_cmd
89.3410,position,1785151866.923113,0.474,/vehicle/driver_position_cmd
89.3822,velocity,1785151866.886925,0.358,/vehicle/rear_bogie_velocity
89.3825,position,1785151866.886925,0.624,/vehicle/rear_bogie_velocity
89.3942,velocity,1785151866.973099,0.281,/vehicle/driver_position_cmd
89.3944,position,1785151866.973099,0.416,/vehicle/driver_position_cmd
89.4491,velocity,1785151867.023111,0.557,/vehicle/driver_position_cmd
89.4495,position,1785151867.023111,1.019,/vehicle/driver_position_cmd
89.4830,velocity,1785151866.994885,0.540,/vehicle/rear_bogie_velocity
89.4838,position,1785151866.994885,1.331,/vehicle/rear_bogie_velocity
89.4934,velocity,1785151867.073114,0.761,/vehicle/driver_position_cmd
89.4941,position,1785151867.073114,1.469,/vehicle/driver_position_cmd
89.5456,velocity,1785151867.123064,1.502,/vehicle/driver_position_cmd
89.5461,position,1785151867.123064,1.997,/vehicle/driver_position_cmd
89.5817,velocity,1785151867.090880,0.485,/vehicle/rear_bogie_velocity
89.5824,position,1785151867.090880,1.168,/vehicle/rear_bogie_velocity
89.5958,velocity,1785151867.173068,0.877,/vehicle/driver_position_cmd
89.5965,position,1785151867.173068,1.637,/vehicle/driver_position_cmd
89.6448,velocity,1785151867.223076,0.899,/vehicle/driver_position_cmd
89.6456,position,1785151867.223076,1.688,/vehicle/driver_position_cmd
89.6864,velocity,1785151867.188854,0.443,/vehicle/front_bogie_velocity
89.6872,position,1785151867.188854,1.239,/vehicle/front_bogie_velocity
89.6939,velocity,1785151867.273086,0.871,/vehicle/driver_position_cmd
89.6948,position,1785151867.273086,1.716,/vehicle/driver_position_cmd
89.7456,velocity,1785151867.323087,1.049,/vehicle/driver_position_cmd
89.7463,position,1785151867.323087,1.749,/vehicle/driver_position_cmd
89.7798,velocity,1785151867.313203,0.631,/vehicle/rear_bogie_velocity
89.7806,position,1785151867.313203,1.481,/vehicle/rear_bogie_velocity
89.7974,velocity,1785151867.373081,0.992,/vehicle/driver_position_cmd
89.7981,position,1785151867.373081,1.653,/vehicle/driver_position_cmd
89.8422,velocity,1785151867.423094,1.047,/vehicle/driver_position_cmd
89.8431,position,1785151867.423094,1.952,/vehicle/driver_position_cmd
89.8853,velocity,1785151867.394785,0.297,/vehicle/rear_bogie_velocity
89.8859,position,1785151867.394785,0.942,/vehicle/rear_bogie_velocity
89.8935,velocity,1785151867.473074,0.584,/vehicle/driver_position_cmd
89.8941,position,1785151867.473074,1.151,/vehicle/driver_position_cmd
89.9493,velocity,1785151867.523181,1.010,/vehicle/driver_position_cmd
89.9500,position,1785151867.523181,1.723,/vehicle/driver_position_cmd
89.9798,velocity,1785151867.490760,0.672,/vehicle/rear_bogie_velocity
89.9807,position,1785151867.490760,1.531,/vehicle/rear_bogie_velocity
89.9973,velocity,1785151867.573059,0.919,/vehicle/driver_position_cmd
89.9982,position,1785151867.573059,1.784,/vehicle/driver_position_cmd
90.0482,velocity,1785151867.623067,0.966,/vehicle/driver_position_cmd
90.0488,position,1785151867.623067,1.585,/vehicle/driver_position_cmd
90.0810,velocity,1785151867.590742,0.682,/vehicle/rear_bogie_velocity
90.0820,position,1785151867.590742,1.718,/vehicle/rear_bogie_velocity
90.0936,velocity,1785151867.673075,0.990,/vehicle/driver_position_cmd
90.0945,position,1785151867.673075,1.923,/vehicle/driver_position_cmd
90.1496,velocity,1785151867.723079,0.818,/vehicle/driver_position_cmd
90.1500,position,1785151867.723079,1.194,/vehicle/driver_position_cmd
90.1836,velocity,1785151867.694710,0.538,/vehicle/rear_bogie_velocity
90.1844,position,1785151867.694710,1.409,/vehicle/rear_bogie_velocity
90.1953,velocity,1785151867.773121,0.950,/vehicle/driver_position_cmd
90.1962,position,1785151867.773121,1.800,/vehicle/driver_position_cmd
90.2466,velocity,1785151867.823071,1.007,/vehicle/driver_position_cmd
90.2473,position,1785151867.823071,1.643,/vehicle/driver_position_cmd
90.2797,velocity,1785151867.796686,0.648,/vehicle/rear_bogie_velocity
90.2804,position,1785151867.796686,1.292,/vehicle/rear_bogie_velocity
90.2916,velocity,1785151867.873092,0.599,/vehicle/driver_position_cmd
90.2922,position,1785151867.873092,1.148,/vehicle/driver_position_cmd
90.3418,velocity,1785151867.923099,0.673,/vehicle/driver_position_cmd
90.3423,position,1785151867.923099,1.180,/vehicle/driver_position_cmd
90.3796,velocity,1785151867.906660,0.373,/vehicle/rear_bogie_velocity
90.3802,position,1785151867.906660,0.939,/vehicle/rear_bogie_velocity
90.3924,velocity,1785151867.973120,1.004,/vehicle/driver_position_cmd
90.3932,position,1785151867.973120,1.752,/vehicle/driver_position_cmd
90.4443,velocity,1785151868.023105,0.870,/vehicle/driver_position_cmd
90.4450,position,1785151868.023105,1.566,/vehicle/driver_position_cmd
90.4791,velocity,1785151867.994622,0.488,/vehicle/rear_bogie_velocity
90.4799,position,1785151867.994622,1.317,/vehicle/rear_bogie_velocity
90.4930,velocity,1785151868.073110,0.713,/vehicle/driver_position_cmd
90.4937,position,1785151868.073110,1.351,/vehicle/driver_position_cmd
90.5452,velocity,1785151868.123091,1.769,/vehicle/driver_position_cmd
90.5459,position,1785151868.123091,2.484,/vehicle/driver_position_cmd
90.5849,velocity,1785151868.100603,0.669,/vehicle/rear_bogie_velocity
90.5856,position,1785151868.100603,1.413,/vehicle/rear_bogie_velocity
90.5937,velocity,1785151868.173077,1.005,/vehicle/driver_position_cmd
90.5944,position,1785151868.173077,1.746,/vehicle/driver_position_cmd
90.6466,velocity,1785151868.223127,1.057,/vehicle/driver_position_cmd
90.6472,position,1785151868.223127,1.707,/vehicle/driver_position_cmd
90.6806,velocity,1785151868.194588,0.662,/vehicle/rear_bogie_velocity
90.6815,position,1785151868.194588,1.584,/vehicle/rear_bogie_velocity
90.6965,velocity,1785151868.273064,1.108,/vehicle/driver_position_cmd
90.6972,position,1785151868.273064,1.872,/vehicle/driver_position_cmd
90.7519,velocity,1785151868.323071,1.065,/vehicle/driver_position_cmd
90.7529,position,1785151868.323071,2.027,/vehicle/driver_position_cmd
90.7860,velocity,1785151868.302544,0.717,/vehicle/rear_bogie_velocity
90.7869,position,1785151868.302544,1.653,/vehicle/rear_bogie_velocity
90.7936,velocity,1785151868.373060,1.033,/vehicle/driver_position_cmd
90.7943,position,1785151868.373060,1.733,/vehicle/driver_position_cmd
90.8519,velocity,1785151868.423112,1.069,/vehicle/driver_position_cmd
90.8529,position,1785151868.423112,2.025,/vehicle/driver_position_cmd
90.8831,velocity,1785151868.414511,0.664,/vehicle/rear_bogie_velocity
90.8838,position,1785151868.414511,1.386,/vehicle/rear_bogie_velocity
90.8931,velocity,1785151868.473112,0.778,/vehicle/driver_position_cmd
90.8938,position,1785151868.473112,1.469,/vehicle/driver_position_cmd
90.9520,velocity,1785151868.523096,1.067,/vehicle/driver_position_cmd
90.9529,position,1785151868.523096,1.994,/vehicle/driver_position_cmd
90.9857,velocity,1785151868.496495,0.641,/vehicle/rear_bogie_velocity
90.9866,position,1785151868.496495,1.558,/vehicle/rear_bogie_velocity
90.9921,velocity,1785151868.573094,0.861,/vehicle/driver_position_cmd
90.9929,position,1785151868.573094,1.690,/vehicle/driver_position_cmd
91.0518,velocity,1785151868.623083,0.981,/vehicle/driver_position_cmd
91.0526,position,1785151868.623083,1.789,/vehicle/driver_position_cmd
91.0820,velocity,1785151868.602466,0.845,/vehicle/rear_bogie_velocity
91.0824,position,1785151868.602466,1.233,/vehicle/rear_bogie_velocity
91.0936,velocity,1785151868.673086,0.972,/vehicle/driver_position_cmd
91.0943,position,1785151868.673086,1.628,/vehicle/driver_position_cmd
91.1441,velocity,1785151868.723097,0.891,/vehicle/driver_position_cmd
91.1449,position,1785151868.723097,1.643,/vehicle/driver_position_cmd
91.1800,velocity,1785151868.686436,0.601,/vehicle/rear_bogie_velocity
91.1808,position,1785151868.686436,1.424,/vehicle/rear_bogie_velocity
91.1950,velocity,1785151868.773056,0.846,/vehicle/driver_position_cmd
91.1958,position,1785151868.773056,1.616,/vehicle/driver_position_cmd
91.2422,velocity,1785151868.823088,0.950,/vehicle/driver_position_cmd
91.2430,position,1785151868.823088,1.767,/vehicle/driver_position_cmd
91.2839,velocity,1785151868.796406,0.611,/vehicle/rear_bogie_velocity
91.2848,position,1785151868.796406,1.467,/vehicle/rear_bogie_velocity
91.2918,velocity,1785151868.873085,0.566,/vehicle/driver_position_cmd
91.2923,position,1785151868.873085,1.070,/vehicle/driver_position_cmd
91.3431,velocity,1785151868.923087,0.680,/vehicle/driver_position_cmd
91.3438,position,1785151868.923087,1.423,/vehicle/driver_position_cmd
91.3790,velocity,1785151868.886395,0.209,/vehicle/rear_bogie_velocity
91.3793,position,1785151868.886395,0.511,/vehicle/rear_bogie_velocity
91.3915,velocity,1785151868.973114,0.325,/vehicle/driver_position_cmd
91.3916,position,1785151868.973114,0.448,/vehicle/driver_position_cmd
91.4504,velocity,1785151869.023072,0.468,/vehicle/driver_position_cmd
91.4508,position,1785151869.023072,0.832,/vehicle/driver_position_cmd
91.4867,velocity,1785151868.992354,0.323,/vehicle/rear_bogie_velocity
91.4871,position,1785151868.992354,0.729,/vehicle/rear_bogie_velocity
91.4917,velocity,1785151869.073100,0.447,/vehicle/driver_position_cmd
91.4921,position,1785151869.073100,0.884,/vehicle/driver_position_cmd
91.5471,velocity,1785151869.123085,0.569,/vehicle/driver_position_cmd
91.5477,position,1785151869.123085,1.117,/vehicle/driver_position_cmd
91.5849,velocity,1785151869.094322,0.860,/vehicle/rear_bogie_velocity
91.5854,position,1785151869.094322,1.440,/vehicle/rear_bogie_velocity
91.5939,velocity,1785151869.173056,0.892,/vehicle/driver_position_cmd
91.5947,position,1785151869.173056,1.748,/vehicle/driver_position_cmd
91.6478,velocity,1785151869.223107,1.298,/vehicle/driver_position_cmd
91.6485,position,1785151869.223107,1.944,/vehicle/driver_position_cmd
91.6833,velocity,1785151869.188301,0.599,/vehicle/rear_bogie_velocity
91.6841,position,1785151869.188301,1.459,/vehicle/rear_bogie_velocity
91.6943,velocity,1785151869.273088,0.981,/vehicle/driver_position_cmd
91.6952,position,1785151869.273088,1.808,/vehicle/driver_position_cmd
91.7518,velocity,1785151869.323076,1.062,/vehicle/driver_position_cmd
91.7527,position,1785151869.323076,1.927,/vehicle/driver_position_cmd
91.7863,velocity,1785151869.288276,0.679,/vehicle/rear_bogie_velocity
91.7870,position,1785151869.288276,1.323,/vehicle/rear_bogie_velocity
91.7917,velocity,1785151869.373064,0.639,/vehicle/driver_position_cmd
91.7925,position,1785151869.373064,1.477,/vehicle/driver_position_cmd
91.8491,velocity,1785151869.423058,0.832,/vehicle/driver_position_cmd
91.8499,position,1785151869.423058,1.549,/vehicle/driver_position_cmd
91.8816,velocity,1785151869.406241,0.606,/vehicle/rear_bogie_velocity
91.8824,position,1785151869.406241,1.396,/vehicle/rear_bogie_velocity
91.8934,velocity,1785151869.473076,0.960,/vehicle/driver_position_cmd
91.8943,position,1785151869.473076,1.835,/vehicle/driver_position_cmd
91.9518,velocity,1785151869.523071,0.999,/vehicle/driver_position_cmd
91.9526,position,1785151869.523071,1.838,/vehicle/driver_position_cmd
91.9831,velocity,1785151869.492209,0.549,/vehicle/rear_bogie_velocity
91.9839,position,1785151869.492209,1.310,/vehicle/rear_bogie_velocity
91.9928,velocity,1785151869.573074,0.870,/vehicle/driver_position_cmd
91.9933,position,1785151869.573074,1.299,/vehicle/driver_position_cmd
92.0512,velocity,1785151869.623124,0.873,/vehicle/driver_position_cmd
92.0516,position,1785151869.623124,1.275,/vehicle/driver_position_cmd
92.0968,velocity,1785151869.673101,0.818,/vehicle/driver_position_cmd
92.0974,position,1785151869.673101,1.512,/vehicle/driver_position_cmd
92.1427,velocity,1785151869.723108,1.050,/vehicle/driver_position_cmd
92.1433,position,1785151869.723108,1.718,/vehicle/driver_position_cmd
92.1857,velocity,1785151869.686154,0.619,/vehicle/rear_bogie_velocity
92.1866,position,1785151869.686154,1.527,/vehicle/rear_bogie_velocity
92.1926,velocity,1785151869.773075,1.044,/vehicle/driver_position_cmd
92.1936,position,1785151869.773075,1.970,/vehicle/driver_position_cmd
92.2472,velocity,1785151869.823080,0.870,/vehicle/driver_position_cmd
92.2480,position,1785151869.823080,1.635,/vehicle/driver_position_cmd
92.2847,velocity,1785151869.790131,0.490,/vehicle/rear_bogie_velocity
92.2854,position,1785151869.790131,1.258,/vehicle/rear_bogie_velocity
92.2916,velocity,1785151869.873074,0.453,/vehicle/driver_position_cmd
92.2921,position,1785151869.873074,0.990,/vehicle/driver_position_cmd
92.3435,velocity,1785151869.923089,0.941,/vehicle/driver_position_cmd
92.3440,position,1785151869.923089,1.382,/vehicle/driver_position_cmd
92.3830,velocity,1785151869.890095,0.778,/vehicle/rear_bogie_velocity
92.3836,position,1785151869.890095,1.391,/vehicle/rear_bogie_velocity
92.3943,velocity,1785151869.973103,0.783,/vehicle/driver_position_cmd
92.3950,position,1785151869.973103,1.478,/vehicle/driver_position_cmd
92.4511,velocity,1785151870.023069,0.796,/vehicle/driver_position_cmd
92.4518,position,1785151870.023069,1.527,/vehicle/driver_position_cmd
92.4812,velocity,1785151869.990064,0.495,/vehicle/rear_bogie_velocity
92.4818,position,1785151869.990064,1.163,/vehicle/rear_bogie_velocity
92.4951,velocity,1785151870.073117,0.715,/vehicle/driver_position_cmd
92.4958,position,1785151870.073117,1.410,/vehicle/driver_position_cmd
92.5426,velocity,1785151870.123105,1.605,/vehicle/driver_position_cmd
92.5431,position,1785151870.123105,2.142,/vehicle/driver_position_cmd
92.5795,velocity,1785151870.100033,0.458,/vehicle/rear_bogie_velocity
92.5803,position,1785151870.100033,1.228,/vehicle/rear_bogie_velocity
92.5920,velocity,1785151870.173101,0.712,/vehicle/driver_position_cmd
92.5926,position,1785151870.173101,1.223,/vehicle/driver_position_cmd
92.6514,velocity,1785151870.223146,1.025,/vehicle/driver_position_cmd
92.6520,position,1785151870.223146,1.661,/vehicle/driver_position_cmd
92.6818,velocity,1785151870.202004,0.474,/vehicle/rear_bogie_velocity
92.6820,position,1785151870.202004,0.683,/vehicle/rear_bogie_velocity
92.6917,velocity,1785151870.273100,0.408,/vehicle/driver_position_cmd
92.6919,position,1785151870.273100,0.535,/vehicle/driver_position_cmd
92.7502,velocity,1785151870.323070,0.239,/vehicle/driver_position_cmd
92.7504,position,1785151870.323070,0.417,/vehicle/driver_position_cmd
92.8001,velocity,1785151870.373103,0.247,/vehicle/driver_position_cmd
92.8003,position,1785151870.373103,0.420,/vehicle/driver_position_cmd
92.8502,velocity,1785151870.423092,0.347,/vehicle/driver_position_cmd
92.8505,position,1785151870.423092,0.589,/vehicle/driver_position_cmd
92.8848,velocity,1785151870.431943,0.357,/vehicle/rear_bogie_velocity
92.8852,position,1785151870.431943,0.716,/vehicle/rear_bogie_velocity
92.8932,velocity,1785151870.473079,0.561,/vehicle/driver_position_cmd
92.8937,position,1785151870.473079,1.087,/vehicle/driver_position_cmd
92.9464,velocity,1785151870.523081,0.957,/vehicle/driver_position_cmd
92.9470,position,1785151870.523081,1.646,/vehicle/driver_position_cmd
92.9799,velocity,1785151870.503915,0.866,/vehicle/rear_bogie_velocity
92.9805,position,1785151870.503915,1.450,/vehicle/rear_bogie_velocity
92.9973,velocity,1785151870.573084,0.914,/vehicle/driver_position_cmd
92.9979,position,1785151870.573084,1.541,/vehicle/driver_position_cmd
93.0482,velocity,1785151870.623091,1.000,/vehicle/driver_position_cmd
93.0489,position,1785151870.623091,1.758,/vehicle/driver_position_cmd
93.0827,velocity,1785151870.607911,0.846,/vehicle/rear_bogie_velocity
93.0836,position,1785151870.607911,1.755,/vehicle/rear_bogie_velocity
93.0931,velocity,1785151870.673094,0.971,/vehicle/driver_position_cmd
93.0940,position,1785151870.673094,1.849,/vehicle/driver_position_cmd
93.1467,velocity,1785151870.723104,1.069,/vehicle/driver_position_cmd
93.1476,position,1785151870.723104,1.968,/vehicle/driver_position_cmd
93.1853,velocity,1785151870.695868,0.577,/vehicle/rear_bogie_velocity
93.1860,position,1785151870.695868,1.289,/vehicle/rear_bogie_velocity
93.1928,velocity,1785151870.773092,0.887,/vehicle/driver_position_cmd
93.1936,position,1785151870.773092,1.697,/vehicle/driver_position_cmd
93.2496,velocity,1785151870.823125,0.438,/vehicle/driver_position_cmd
93.2500,position,1785151870.823125,0.828,/vehicle/driver_position_cmd
93.2865,velocity,1785151870.805831,0.358,/vehicle/rear_bogie_velocity
93.2870,position,1785151870.805831,0.857,/vehicle/rear_bogie_velocity
93.2929,velocity,1785151870.873069,0.497,/vehicle/driver_position_cmd
93.2933,position,1785151870.873069,0.918,/vehicle/driver_position_cmd
93.3513,velocity,1785151870.923120,1.005,/vehicle/driver_position_cmd
93.3519,position,1785151870.923120,1.612,/vehicle/driver_position_cmd
93.3820,velocity,1785151870.881837,0.592,/vehicle/rear_bogie_velocity
93.3828,position,1785151870.881837,1.335,/vehicle/rear_bogie_velocity
93.3940,velocity,1785151870.973099,0.973,/vehicle/driver_position_cmd
93.3946,position,1785151870.973099,1.602,/vehicle/driver_position_cmd
93.4517,velocity,1785151871.023139,0.925,/vehicle/driver_position_cmd
93.4525,position,1785151871.023139,1.754,/vehicle/driver_position_cmd
93.4904,velocity,1785151870.987785,0.750,/vehicle/rear_bogie_velocity
93.4912,position,1785151870.987785,1.632,/vehicle/rear_bogie_velocity
93.4917,velocity,1785151871.073102,0.124,/vehicle/driver_position_cmd
93.4922,position,1785151871.073102,0.582,/vehicle/driver_position_cmd
93.5449,velocity,1785151871.123081,1.683,/vehicle/driver_position_cmd
93.5455,position,1785151871.123081,2.330,/vehicle/driver_position_cmd
93.5865,velocity,1785151871.095769,0.723,/vehicle/rear_bogie_velocity
93.5872,position,1785151871.095769,1.425,/vehicle/rear_bogie_velocity
93.5921,velocity,1785151871.173102,0.699,/vehicle/driver_position_cmd
93.5927,position,1785151871.173102,1.240,/vehicle/driver_position_cmd
93.6461,velocity,1785151871.223074,1.018,/vehicle/driver_position_cmd
93.6470,position,1785151871.223074,1.914,/vehicle/driver_position_cmd
93.6851,velocity,1785151871.199743,0.645,/vehicle/rear_bogie_velocity
93.6860,position,1785151871.199743,1.514,/vehicle/rear_bogie_velocity
93.6928,velocity,1785151871.273111,0.903,/vehicle/driver_position_cmd
93.6936,position,1785151871.273111,1.704,/vehicle/driver_position_cmd
93.7518,velocity,1785151871.323081,0.983,/vehicle/driver_position_cmd
93.7524,position,1785151871.323081,1.579,/vehicle/driver_position_cmd
93.7895,velocity,1785151871.305699,1.485,/vehicle/rear_bogie_velocity
93.7902,position,1785151871.305699,2.249,/vehicle/rear_bogie_velocity
93.7909,velocity,1785151871.373112,0.306,/vehicle/driver_position_cmd
93.7913,position,1785151871.373112,0.724,/vehicle/driver_position_cmd
93.8454,velocity,1785151871.423070,1.005,/vehicle/driver_position_cmd
93.8461,position,1785151871.423070,1.670,/vehicle/driver_position_cmd
93.8857,velocity,1785151871.401674,0.753,/vehicle/rear_bogie_velocity
93.8863,position,1785151871.401674,1.403,/vehicle/rear_bogie_velocity
93.8917,velocity,1785151871.473133,0.925,/vehicle/driver_position_cmd
93.8925,position,1785151871.473133,1.702,/vehicle/driver_position_cmd
93.9439,velocity,1785151871.523084,0.936,/vehicle/driver_position_cmd
93.9445,position,1785151871.523084,1.534,/vehicle/driver_position_cmd
93.9870,velocity,1785151871.541636,0.910,/vehicle/rear_bogie_velocity
93.9879,position,1785151871.541636,1.748,/vehicle/rear_bogie_velocity
93.9912,velocity,1785151871.573100,0.622,/vehicle/driver_position_cmd
93.9918,position,1785151871.573100,1.207,/vehicle/driver_position_cmd
94.0651,velocity,1785151871.623089,0.202,/vehicle/driver_position_cmd
94.0652,position,1785151871.623089,0.369,/vehicle/driver_position_cmd
94.0787,velocity,1785151871.599641,0.224,/vehicle/rear_bogie_velocity
94.0789,position,1785151871.599641,0.362,/vehicle/rear_bogie_velocity
94.0955,velocity,1785151871.673066,0.167,/vehicle/driver_position_cmd
94.0956,position,1785151871.673066,0.301,/vehicle/driver_position_cmd
94.1462,velocity,1785151871.723095,0.533,/vehicle/driver_position_cmd
94.1466,position,1785151871.723095,0.964,/vehicle/driver_position_cmd
94.1791,velocity,1785151871.695602,0.638,/vehicle/rear_bogie_velocity
94.1799,position,1785151871.695602,1.409,/vehicle/rear_bogie_velocity
94.1949,velocity,1785151871.773102,0.872,/vehicle/driver_position_cmd
94.1955,position,1785151871.773102,1.552,/vehicle/driver_position_cmd
94.2496,velocity,1785151871.823113,0.988,/vehicle/driver_position_cmd
94.2502,position,1785151871.823113,1.600,/vehicle/driver_position_cmd
94.2846,velocity,1785151871.795566,0.590,/vehicle/rear_bogie_velocity
94.2855,position,1785151871.795566,1.447,/vehicle/rear_bogie_velocity
94.2937,velocity,1785151871.873090,0.559,/vehicle/driver_position_cmd
94.2942,position,1785151871.873090,1.067,/vehicle/driver_position_cmd
94.3423,velocity,1785151871.923085,0.951,/vehicle/driver_position_cmd
94.3431,position,1785151871.923085,1.753,/vehicle/driver_position_cmd
94.3798,velocity,1785151871.887545,0.826,/vehicle/rear_bogie_velocity
94.3807,position,1785151871.887545,1.741,/vehicle/rear_bogie_velocity
94.3956,velocity,1785151871.973090,0.986,/vehicle/driver_position_cmd
94.3965,position,1785151871.973090,1.897,/vehicle/driver_position_cmd
94.4466,velocity,1785151872.023061,1.001,/vehicle/driver_position_cmd
94.4475,position,1785151872.023061,1.888,/vehicle/driver_position_cmd
94.4851,velocity,1785151872.001531,0.658,/vehicle/rear_bogie_velocity
94.4859,position,1785151872.001531,1.450,/vehicle/rear_bogie_velocity
94.4939,velocity,1785151872.073065,0.978,/vehicle/driver_position_cmd
94.4947,position,1785151872.073065,1.689,/vehicle/driver_position_cmd
94.5422,velocity,1785151872.123088,0.560,/vehicle/driver_position_cmd
94.5426,position,1785151872.123088,0.945,/vehicle/driver_position_cmd
94.5860,velocity,1785151872.101491,0.644,/vehicle/rear_bogie_velocity
94.5868,position,1785151872.101491,1.399,/vehicle/rear_bogie_velocity
94.5933,velocity,1785151872.173100,0.945,/vehicle/driver_position_cmd
94.5942,position,1785151872.173100,1.848,/vehicle/driver_position_cmd
94.6418,velocity,1785151872.223132,0.713,/vehicle/driver_position_cmd
94.6426,position,1785151872.223132,1.533,/vehicle/driver_position_cmd
94.6878,velocity,1785151872.199459,0.616,/vehicle/rear_bogie_velocity
94.6885,position,1785151872.199459,1.290,/vehicle/rear_bogie_velocity
94.6920,velocity,1785151872.273124,0.688,/vehicle/driver_position_cmd
94.6925,position,1785151872.273124,1.271,/vehicle/driver_position_cmd
94.7445,velocity,1785151872.323068,0.914,/vehicle/driver_position_cmd
94.7451,position,1785151872.323068,1.577,/vehicle/driver_position_cmd
94.7852,velocity,1785151872.305426,0.770,/vehicle/rear_bogie_velocity
94.7858,position,1785151872.305426,1.430,/vehicle/rear_bogie_velocity
94.7908,velocity,1785151872.373090,0.665,/vehicle/driver_position_cmd
94.7915,position,1785151872.373090,1.334,/vehicle/driver_position_cmd
94.8457,velocity,1785151872.423081,0.755,/vehicle/driver_position_cmd
94.8464,position,1785151872.423081,1.480,/vehicle/driver_position_cmd
94.8829,velocity,1785151872.411713,0.505,/vehicle/rear_bogie_velocity
94.8836,position,1785151872.411713,1.184,/vehicle/rear_bogie_velocity
94.8912,velocity,1785151872.473073,0.564,/vehicle/driver_position_cmd
94.8920,position,1785151872.473073,1.391,/vehicle/driver_position_cmd
94.9447,velocity,1785151872.523080,0.594,/vehicle/driver_position_cmd
94.9455,position,1785151872.523080,1.333,/vehicle/driver_position_cmd
94.9958,velocity,1785151872.573089,0.794,/vehicle/driver_position_cmd
94.9962,position,1785151872.573089,1.204,/vehicle/driver_position_cmd
95.0510,velocity,1785151872.623104,0.783,/vehicle/driver_position_cmd
95.0516,position,1785151872.623104,1.378,/vehicle/driver_position_cmd
95.0825,velocity,1785151872.607344,0.454,/vehicle/rear_bogie_velocity
95.0833,position,1785151872.607344,1.182,/vehicle/rear_bogie_velocity
95.0915,velocity,1785151872.673118,0.832,/vehicle/driver_position_cmd
95.0922,position,1785151872.673118,1.552,/vehicle/driver_position_cmd
95.1426,velocity,1785151872.723075,1.229,/vehicle/driver_position_cmd
95.1438,position,1785151872.723075,2.436,/vehicle/driver_position_cmd
95.1867,velocity,1785151872.707305,0.614,/vehicle/rear_bogie_velocity
95.1874,position,1785151872.707305,1.291,/vehicle/rear_bogie_velocity
95.1929,velocity,1785151872.773088,1.003,/vehicle/driver_position_cmd
95.1937,position,1785151872.773088,1.802,/vehicle/driver_position_cmd
95.2455,velocity,1785151872.823092,0.900,/vehicle/driver_position_cmd
95.2462,position,1785151872.823092,1.644,/vehicle/driver_position_cmd
95.2803,velocity,1785151872.805281,0.620,/vehicle/rear_bogie_velocity
95.2810,position,1785151872.805281,1.354,/vehicle/rear_bogie_velocity
95.2959,velocity,1785151872.873067,0.653,/vehicle/driver_position_cmd
95.2965,position,1785151872.873067,1.330,/vehicle/driver_position_cmd
95.3460,velocity,1785151872.923089,0.801,/vehicle/driver_position_cmd
95.3467,position,1785151872.923089,1.525,/vehicle/driver_position_cmd
95.3824,velocity,1785151872.897263,0.538,/vehicle/rear_bogie_velocity
95.3832,position,1785151872.897263,1.300,/vehicle/rear_bogie_velocity
95.3912,velocity,1785151872.973083,0.780,/vehicle/driver_position_cmd
95.3916,position,1785151872.973083,1.181,/vehicle/driver_position_cmd
95.4515,velocity,1785151873.023130,0.935,/vehicle/driver_position_cmd
95.4523,position,1785151873.023130,1.781,/vehicle/driver_position_cmd
95.4843,velocity,1785151872.995233,0.326,/vehicle/rear_bogie_velocity
95.4849,position,1785151872.995233,0.868,/vehicle/rear_bogie_velocity
95.4936,velocity,1785151873.073059,0.763,/vehicle/driver_position_cmd
95.4939,position,1785151873.073059,1.056,/vehicle/driver_position_cmd
95.5460,velocity,1785151873.123068,0.615,/vehicle/driver_position_cmd
95.5467,position,1785151873.123068,1.316,/vehicle/driver_position_cmd
95.5835,velocity,1785151873.111728,0.449,/vehicle/rear_bogie_velocity
95.5842,position,1785151873.111728,1.164,/vehicle/rear_bogie_velocity
95.5947,velocity,1785151873.173099,0.825,/vehicle/driver_position_cmd
95.5956,position,1785151873.173099,1.642,/vehicle/driver_position_cmd
95.6516,velocity,1785151873.223063,0.955,/vehicle/driver_position_cmd
95.6523,position,1785151873.223063,1.597,/vehicle/driver_position_cmd
95.6842,velocity,1785151873.189179,0.658,/vehicle/rear_bogie_velocity
95.6849,position,1785151873.189179,1.345,/vehicle/rear_bogie_velocity
95.6949,velocity,1785151873.273077,0.881,/vehicle/driver_position_cmd
95.6956,position,1785151873.273077,1.547,/vehicle/driver_position_cmd
95.7505,velocity,1785151873.323090,0.915,/vehicle/driver_position_cmd
95.7511,position,1785151873.323090,1.581,/vehicle/driver_position_cmd
95.7856,velocity,1785151873.293151,0.649,/vehicle/rear_bogie_velocity
95.7866,position,1785151873.293151,1.591,/vehicle/rear_bogie_velocity
95.7932,velocity,1785151873.373059,0.949,/vehicle/driver_position_cmd
95.7939,position,1785151873.373059,1.664,/vehicle/driver_position_cmd
95.8518,velocity,1785151873.423006,0.994,/vehicle/driver_position_cmd
95.8526,position,1785151873.423006,1.769,/vehicle/driver_position_cmd
95.8855,velocity,1785151873.407120,0.474,/vehicle/rear_bogie_velocity
95.8863,position,1785151873.407120,1.293,/vehicle/rear_bogie_velocity
95.8913,velocity,1785151873.473063,0.576,/vehicle/driver_position_cmd
95.8918,position,1785151873.473063,1.070,/vehicle/driver_position_cmd
95.9450,velocity,1785151873.523085,1.014,/vehicle/driver_position_cmd
95.9456,position,1785151873.523085,1.622,/vehicle/driver_position_cmd
95.9799,velocity,1785151873.497167,0.671,/vehicle/rear_bogie_velocity
95.9805,position,1785151873.497167,1.301,/vehicle/rear_bogie_velocity
95.9958,velocity,1785151873.573083,1.076,/vehicle/driver_position_cmd
95.9966,position,1785151873.573083,1.967,/vehicle/driver_position_cmd
96.0519,velocity,1785151873.623078,1.087,/vehicle/driver_position_cmd
96.0529,position,1785151873.623078,2.047,/vehicle/driver_position_cmd
96.0834,velocity,1785151873.599065,0.630,/vehicle/rear_bogie_velocity
96.0841,position,1785151873.599065,1.293,/vehicle/rear_bogie_velocity
96.0929,velocity,1785151873.673067,1.008,/vehicle/driver_position_cmd
96.0938,position,1785151873.673067,1.930,/vehicle/driver_position_cmd
96.1510,velocity,1785151873.723086,1.049,/vehicle/driver_position_cmd
96.1520,position,1785151873.723086,2.040,/vehicle/driver_position_cmd
96.1871,velocity,1785151873.707031,0.695,/vehicle/rear_bogie_velocity
96.1879,position,1785151873.707031,1.447,/vehicle/rear_bogie_velocity
96.1935,velocity,1785151873.773110,0.903,/vehicle/driver_position_cmd
96.1943,position,1785151873.773110,1.672,/vehicle/driver_position_cmd
96.2519,velocity,1785151873.823085,1.061,/vehicle/driver_position_cmd
96.2528,position,1785151873.823085,2.004,/vehicle/driver_position_cmd
96.2849,velocity,1785151873.805031,0.656,/vehicle/rear_bogie_velocity
96.2858,position,1785151873.805031,1.571,/vehicle/rear_bogie_velocity
96.2915,velocity,1785151873.873101,0.607,/vehicle/driver_position_cmd
96.2921,position,1785151873.873101,1.140,/vehicle/driver_position_cmd
96.3420,velocity,1785151873.923062,0.631,/vehicle/driver_position_cmd
96.3425,position,1785151873.923062,1.104,/vehicle/driver_position_cmd
96.3822,velocity,1785151873.888986,0.654,/vehicle/rear_bogie_velocity
96.3831,position,1785151873.888986,1.543,/vehicle/rear_bogie_velocity
96.3957,velocity,1785151873.973070,0.982,/vehicle/driver_position_cmd
96.3963,position,1785151873.973070,1.630,/vehicle/driver_position_cmd
96.4476,velocity,1785151874.023084,1.038,/vehicle/driver_position_cmd
96.4482,position,1785151874.023084,1.643,/vehicle/driver_position_cmd
96.4854,velocity,1785151873.994962,0.552,/vehicle/rear_bogie_velocity
96.4860,position,1785151873.994962,1.170,/vehicle/rear_bogie_velocity
96.4933,velocity,1785151874.073093,0.775,/vehicle/driver_position_cmd
96.4940,position,1785151874.073093,1.432,/vehicle/driver_position_cmd
96.5444,velocity,1785151874.123077,0.694,/vehicle/driver_position_cmd
96.5453,position,1785151874.123077,1.573,/vehicle/driver_position_cmd
96.5860,velocity,1785151874.090944,0.637,/vehicle/rear_bogie_velocity
96.5867,position,1785151874.090944,1.407,/vehicle/rear_bogie_velocity
96.5927,velocity,1785151874.173111,0.842,/vehicle/driver_position_cmd
96.5933,position,1785151874.173111,1.427,/vehicle/driver_position_cmd
96.6517,velocity,1785151874.223116,0.940,/vehicle/driver_position_cmd
96.6524,position,1785151874.223116,1.671,/vehicle/driver_position_cmd
96.6798,velocity,1785151874.208906,0.711,/vehicle/rear_bogie_velocity
96.6806,position,1785151874.208906,1.563,/vehicle/rear_bogie_velocity
96.6951,velocity,1785151874.273108,0.884,/vehicle/driver_position_cmd
96.6958,position,1785151874.273108,1.632,/vehicle/driver_position_cmd
96.7517,velocity,1785151874.323081,0.789,/vehicle/driver_position_cmd
96.7524,position,1785151874.323081,1.445,/vehicle/driver_position_cmd
96.7807,velocity,1785151874.290871,0.603,/vehicle/rear_bogie_velocity
96.7816,position,1785151874.290871,1.491,/vehicle/rear_bogie_velocity
96.7953,velocity,1785151874.373087,0.983,/vehicle/driver_position_cmd
96.7959,position,1785151874.373087,1.636,/vehicle/driver_position_cmd
96.8518,velocity,1785151874.423078,1.017,/vehicle/driver_position_cmd
96.8528,position,1785151874.423078,1.968,/vehicle/driver_position_cmd
96.8864,velocity,1785151874.408834,0.593,/vehicle/rear_bogie_velocity
96.8872,position,1785151874.408834,1.445,/vehicle/rear_bogie_velocity
96.8917,velocity,1785151874.473101,0.726,/vehicle/driver_position_cmd
96.8925,position,1785151874.473101,1.496,/vehicle/driver_position_cmd
96.9435,velocity,1785151874.523157,0.953,/vehicle/driver_position_cmd
96.9443,position,1785151874.523157,1.691,/vehicle/driver_position_cmd
96.9852,velocity,1785151874.498823,0.636,/vehicle/rear_bogie_velocity
96.9859,position,1785151874.498823,1.392,/vehicle/rear_bogie_velocity
96.9944,velocity,1785151874.573092,0.885,/vehicle/driver_position_cmd
96.9953,position,1785151874.573092,1.731,/vehicle/driver_position_cmd
97.0465,velocity,1785151874.623078,0.978,/vehicle/driver_position_cmd
97.0472,position,1785151874.623078,1.665,/vehicle/driver_position_cmd
97.0797,velocity,1785151874.596786,0.569,/vehicle/rear_bogie_velocity
97.0805,position,1785151874.596786,1.426,/vehicle/rear_bogie_velocity
97.0936,velocity,1785151874.673095,0.855,/vehicle/driver_position_cmd
97.0943,position,1785151874.673095,1.480,/vehicle/driver_position_cmd
97.1444,velocity,1785151874.723081,1.034,/vehicle/driver_position_cmd
97.1451,position,1785151874.723081,1.729,/vehicle/driver_position_cmd
97.1864,velocity,1785151874.690765,0.635,/vehicle/rear_bogie_velocity
97.1872,position,1785151874.690765,1.424,/vehicle/rear_bogie_velocity
97.1921,velocity,1785151874.773072,0.719,/vehicle/driver_position_cmd
97.1930,position,1785151874.773072,1.622,/vehicle/driver_position_cmd
97.2422,velocity,1785151874.823075,0.863,/vehicle/driver_position_cmd
97.2430,position,1785151874.823075,1.694,/vehicle/driver_position_cmd
97.2944,velocity,1785151874.873101,0.961,/vehicle/driver_position_cmd
97.2952,position,1785151874.873101,1.827,/vehicle/driver_position_cmd
97.3516,velocity,1785151874.923109,0.940,/vehicle/driver_position_cmd
97.3522,position,1785151874.923109,1.605,/vehicle/driver_position_cmd
97.3872,velocity,1785151874.920697,0.625,/vehicle/rear_bogie_velocity
97.3879,position,1785151874.920697,1.326,/vehicle/rear_bogie_velocity
97.3923,velocity,1785151874.973067,0.731,/vehicle/driver_position_cmd
97.3930,position,1785151874.973067,1.455,/vehicle/driver_position_cmd
97.4517,velocity,1785151875.023083,0.986,/vehicle/driver_position_cmd
97.4526,position,1785151875.023083,1.841,/vehicle/driver_position_cmd
97.4800,velocity,1785151874.996673,0.877,/vehicle/rear_bogie_velocity
97.4805,position,1785151874.996673,1.465,/vehicle/rear_bogie_velocity
97.4955,velocity,1785151875.073086,0.910,/vehicle/driver_position_cmd
97.4961,position,1785151875.073086,1.507,/vehicle/driver_position_cmd
97.5429,velocity,1785151875.123110,0.774,/vehicle/driver_position_cmd
97.5433,position,1785151875.123110,1.161,/vehicle/driver_position_cmd
97.5829,velocity,1785151875.090664,0.898,/vehicle/rear_bogie_velocity
97.5838,position,1785151875.090664,1.791,/vehicle/rear_bogie_velocity
97.5926,velocity,1785151875.173081,1.053,/vehicle/driver_position_cmd
97.5936,position,1785151875.173081,1.994,/vehicle/driver_position_cmd
97.6518,velocity,1785151875.223071,0.993,/vehicle/driver_position_cmd
97.6524,position,1785151875.223071,1.595,/vehicle/driver_position_cmd
97.6845,velocity,1785151875.188625,0.570,/vehicle/rear_bogie_velocity
97.6853,position,1785151875.188625,1.383,/vehicle/rear_bogie_velocity
97.6920,velocity,1785151875.273078,0.970,/vehicle/driver_position_cmd
97.6927,position,1785151875.273078,1.625,/vehicle/driver_position_cmd
97.7516,velocity,1785151875.323110,0.953,/vehicle/driver_position_cmd
97.7524,position,1785151875.323110,1.740,/vehicle/driver_position_cmd
97.7816,velocity,1785151875.288597,0.593,/vehicle/rear_bogie_velocity
97.7823,position,1785151875.288597,1.235,/vehicle/rear_bogie_velocity
97.7953,velocity,1785151875.373079,0.832,/vehicle/driver_position_cmd
97.7961,position,1785151875.373079,1.655,/vehicle/driver_position_cmd
97.8451,velocity,1785151875.423097,0.861,/vehicle/driver_position_cmd
97.8458,position,1785151875.423097,1.575,/vehicle/driver_position_cmd
97.8799,velocity,1785151875.434554,0.872,/vehicle/rear_bogie_velocity
97.8808,position,1785151875.434554,1.745,/vehicle/rear_bogie_velocity
97.8958,velocity,1785151875.473059,0.904,/vehicle/driver_position_cmd
97.8967,position,1785151875.473059,1.743,/vehicle/driver_position_cmd
97.9454,velocity,1785151875.523084,0.968,/vehicle/driver_position_cmd
97.9460,position,1785151875.523084,1.606,/vehicle/driver_position_cmd
97.9791,velocity,1785151875.490532,0.579,/vehicle/rear_bogie_velocity
97.9799,position,1785151875.490532,1.335,/vehicle/rear_bogie_velocity
97.9920,velocity,1785151875.573070,0.746,/vehicle/driver_position_cmd
97.9927,position,1785151875.573070,1.397,/vehicle/driver_position_cmd
98.0421,velocity,1785151875.623108,0.867,/vehicle/driver_position_cmd
98.0426,position,1785151875.623108,1.294,/vehicle/driver_position_cmd
98.0859,velocity,1785151875.584513,0.504,/vehicle/rear_bogie_velocity
98.0865,position,1785151875.584513,1.170,/vehicle/rear_bogie_velocity
98.0911,velocity,1785151875.673081,0.637,/vehicle/driver_position_cmd
98.0917,position,1785151875.673081,1.241,/vehicle/driver_position_cmd
98.1502,velocity,1785151875.723118,0.888,/vehicle/driver_position_cmd
98.1511,position,1785151875.723118,1.773,/vehicle/driver_position_cmd
98.1875,velocity,1785151875.686486,0.569,/vehicle/rear_bogie_velocity
98.1884,position,1785151875.686486,1.424,/vehicle/rear_bogie_velocity
98.1911,velocity,1785151875.773094,0.608,/vehicle/driver_position_cmd
98.1916,position,1785151875.773094,1.080,/vehicle/driver_position_cmd
98.2406,velocity,1785151875.823112,0.366,/vehicle/driver_position_cmd
98.2410,position,1785151875.823112,0.707,/vehicle/driver_position_cmd
98.2779,velocity,1785151875.794458,0.373,/vehicle/rear_bogie_velocity
98.2783,position,1785151875.794458,0.744,/vehicle/rear_bogie_velocity
98.2909,velocity,1785151875.873074,0.445,/vehicle/driver_position_cmd
98.2915,position,1785151875.873074,0.963,/vehicle/driver_position_cmd
98.3469,velocity,1785151875.923063,0.975,/vehicle/driver_position_cmd
98.3478,position,1785151875.923063,1.904,/vehicle/driver_position_cmd
98.3837,velocity,1785151875.890431,0.514,/vehicle/rear_bogie_velocity
98.3845,position,1785151875.890431,1.297,/vehicle/rear_bogie_velocity
98.3940,velocity,1785151875.973084,0.796,/vehicle/driver_position_cmd
98.3948,position,1785151875.973084,1.531,/vehicle/driver_position_cmd
98.4451,velocity,1785151876.023076,0.815,/vehicle/driver_position_cmd
98.4457,position,1785151876.023076,1.508,/vehicle/driver_position_cmd
98.4818,velocity,1785151876.026401,0.767,/vehicle/rear_bogie_velocity
98.4822,position,1785151876.026401,1.171,/vehicle/rear_bogie_velocity
98.4926,velocity,1785151876.073079,0.694,/vehicle/driver_position_cmd
98.4933,position,1785151876.073079,1.398,/vehicle/driver_position_cmd
98.5413,velocity,1785151876.123075,0.505,/vehicle/driver_position_cmd
98.5421,position,1785151876.123075,1.266,/vehicle/driver_position_cmd
98.5868,velocity,1785151876.090382,0.528,/vehicle/rear_bogie_velocity
98.5875,position,1785151876.090382,1.219,/vehicle/rear_bogie_velocity
98.5909,velocity,1785151876.173068,0.600,/vehicle/driver_position_cmd
98.5918,position,1785151876.173068,1.547,/vehicle/driver_position_cmd
98.6500,velocity,1785151876.223129,0.968,/vehicle/driver_position_cmd
98.6508,position,1785151876.223129,1.712,/vehicle/driver_position_cmd
98.6794,velocity,1785151876.190356,0.873,/vehicle/rear_bogie_velocity
98.6800,position,1785151876.190356,1.509,/vehicle/rear_bogie_velocity
98.6923,velocity,1785151876.273106,1.092,/vehicle/driver_position_cmd
98.6932,position,1785151876.273106,1.990,/vehicle/driver_position_cmd
98.7518,velocity,1785151876.323092,1.067,/vehicle/driver_position_cmd
98.7527,position,1785151876.323092,1.943,/vehicle/driver_position_cmd
98.7861,velocity,1785151876.294320,0.613,/vehicle/rear_bogie_velocity
98.7869,position,1785151876.294320,1.453,/vehicle/rear_bogie_velocity
98.7934,velocity,1785151876.373118,1.006,/vehicle/driver_position_cmd
98.7943,position,1785151876.373118,1.914,/vehicle/driver_position_cmd
98.8475,velocity,1785151876.423075,1.054,/vehicle/driver_position_cmd
98.8481,position,1785151876.423075,1.736,/vehicle/driver_position_cmd
98.8789,velocity,1785151876.408289,0.369,/vehicle/rear_bogie_velocity
98.8795,position,1785151876.408289,1.000,/vehicle/rear_bogie_velocity
98.8961,velocity,1785151876.473090,0.605,/vehicle/driver_position_cmd
98.8967,position,1785151876.473090,1.131,/vehicle/driver_position_cmd
98.9504,velocity,1785151876.523077,1.017,/vehicle/driver_position_cmd
98.9511,position,1785151876.523077,1.651,/vehicle/driver_position_cmd
98.9800,velocity,1785151876.492255,0.899,/vehicle/rear_bogie_velocity
98.9808,position,1785151876.492255,1.745,/vehicle/rear_bogie_velocity
98.9933,velocity,1785151876.573105,0.953,/vehicle/driver_position_cmd
98.9944,position,1785151876.573105,2.033,/vehicle/driver_position_cmd
99.0504,velocity,1785151876.623063,1.039,/vehicle/driver_position_cmd
99.0513,position,1785151876.623063,1.949,/vehicle/driver_position_cmd
99.0797,velocity,1785151876.590235,0.592,/vehicle/rear_bogie_velocity
99.0806,position,1785151876.590235,1.465,/vehicle/rear_bogie_velocity
99.0952,velocity,1785151876.673080,0.970,/vehicle/driver_position_cmd
99.0961,position,1785151876.673080,1.834,/vehicle/driver_position_cmd
99.1518,velocity,1785151876.723102,0.959,/vehicle/driver_position_cmd
99.1524,position,1785151876.723102,1.550,/vehicle/driver_position_cmd
99.1813,velocity,1785151876.696209,0.629,/vehicle/rear_bogie_velocity
99.1821,position,1785151876.696209,1.441,/vehicle/rear_bogie_velocity
99.1954,velocity,1785151876.773106,0.840,/vehicle/driver_position_cmd
99.1959,position,1785151876.773106,1.379,/vehicle/driver_position_cmd
99.2466,velocity,1785151876.823128,0.975,/vehicle/driver_position_cmd
99.2474,position,1785151876.823128,1.847,/vehicle/driver_position_cmd
99.2789,velocity,1785151876.800183,0.617,/vehicle/rear_bogie_velocity
99.2798,position,1785151876.800183,1.473,/vehicle/rear_bogie_velocity
99.2962,velocity,1785151876.873088,0.758,/vehicle/driver_position_cmd
99.2967,position,1785151876.873088,1.210,/vehicle/driver_position_cmd
99.3424,velocity,1785151876.923093,0.217,/vehicle/driver_position_cmd
99.3425,position,1785151876.923093,0.401,/vehicle/driver_position_cmd
99.3825,velocity,1785151876.892148,0.198,/vehicle/rear_bogie_velocity
99.3826,position,1785151876.892148,0.302,/vehicle/rear_bogie_velocity
99.3916,velocity,1785151876.973095,0.281,/vehicle/driver_position_cmd
99.3919,position,1785151876.973095,0.536,/vehicle/driver_position_cmd
99.4506,velocity,1785151877.023074,0.405,/vehicle/driver_position_cmd
99.4510,position,1785151877.023074,0.802,/vehicle/driver_position_cmd
99.4859,velocity,1785151877.000121,0.606,/vehicle/rear_bogie_velocity
99.4867,position,1785151877.000121,1.383,/vehicle/rear_bogie_velocity
99.4916,velocity,1785151877.073087,0.774,/vehicle/driver_position_cmd
99.4922,position,1785151877.073087,1.433,/vehicle/driver_position_cmd
99.5492,velocity,1785151877.123132,0.743,/vehicle/driver_position_cmd
99.5499,position,1785151877.123132,1.431,/vehicle/driver_position_cmd
99.5879,velocity,1785151877.090111,0.673,/vehicle/rear_bogie_velocity
99.5890,position,1785151877.090111,1.750,/vehicle/rear_bogie_velocity
99.5918,velocity,1785151877.173066,0.727,/vehicle/driver_position_cmd
99.5923,position,1785151877.173066,1.258,/vehicle/driver_position_cmd
99.6484,velocity,1785151877.223109,0.996,/vehicle/driver_position_cmd
99.6491,position,1785151877.223109,1.644,/vehicle/driver_position_cmd
99.6859,velocity,1785151877.190085,0.651,/vehicle/rear_bogie_velocity
99.6867,position,1785151877.190085,1.434,/vehicle/rear_bogie_velocity
99.6920,velocity,1785151877.273080,0.984,/vehicle/driver_position_cmd
99.6925,position,1785151877.273080,1.498,/vehicle/driver_position_cmd
99.7468,velocity,1785151877.323090,1.104,/vehicle/driver_position_cmd
99.7477,position,1785151877.323090,2.040,/vehicle/driver_position_cmd
99.7799,velocity,1785151877.310040,0.659,/vehicle/rear_bogie_velocity
99.7805,position,1785151877.310040,1.298,/vehicle/rear_bogie_velocity
99.7965,velocity,1785151877.373071,0.961,/vehicle/driver_position_cmd
99.7972,position,1785151877.373071,1.678,/vehicle/driver_position_cmd
99.8513,velocity,1785151877.423104,0.956,/vehicle/driver_position_cmd
99.8520,position,1785151877.423104,1.574,/vehicle/driver_position_cmd
99.8810,velocity,1785151877.398011,0.666,/vehicle/rear_bogie_velocity
99.8819,position,1785151877.398011,1.601,/vehicle/rear_bogie_velocity
99.8960,velocity,1785151877.473085,0.958,/vehicle/driver_position_cmd
99.8969,position,1785151877.473085,1.896,/vehicle/driver_position_cmd
99.9453,velocity,1785151877.523206,1.019,/vehicle/driver_position_cmd
99.9459,position,1785151877.523206,1.645,/vehicle/driver_position_cmd
99.9829,velocity,1785151877.493985,0.685,/vehicle/rear_bogie_velocity
99.9838,position,1785151877.493985,1.564,/vehicle/rear_bogie_velocity
99.9950,velocity,1785151877.573086,0.982,/vehicle/driver_position_cmd
99.9957,position,1785151877.573086,1.630,/vehicle/driver_position_cmd
100.0527,velocity,1785151877.623108,0.890,/vehicle/driver_position_cmd
100.0533,position,1785151877.623108,1.497,/vehicle/driver_position_cmd
100.0832,velocity,1785151877.599967,0.655,/vehicle/rear_bogie_velocity
100.0839,position,1785151877.599967,1.360,/vehicle/rear_bogie_velocity
100.0951,velocity,1785151877.673100,0.488,/vehicle/driver_position_cmd
100.0956,position,1785151877.673100,0.969,/vehicle/driver_position_cmd
100.1419,velocity,1785151877.723059,0.822,/vehicle/driver_position_cmd
100.1428,position,1785151877.723059,1.672,/vehicle/driver_position_cmd
100.1841,velocity,1785151877.689923,0.614,/vehicle/rear_bogie_velocity
100.1848,position,1785151877.689923,1.279,/vehicle/rear_bogie_velocity
100.1952,velocity,1785151877.773060,0.921,/vehicle/driver_position_cmd
100.1958,position,1785151877.773060,1.504,/vehicle/driver_position_cmd
100.2464,velocity,1785151877.823105,0.939,/vehicle/driver_position_cmd
100.2472,position,1785151877.823105,1.807,/vehicle/driver_position_cmd
100.2806,velocity,1785151877.791901,0.633,/vehicle/rear_bogie_velocity
100.2813,position,1785151877.791901,1.258,/vehicle/rear_bogie_velocity
100.2916,velocity,1785151877.873081,0.708,/vehicle/driver_position_cmd
100.2922,position,1785151877.873081,1.261,/vehicle/driver_position_cmd
100.3422,velocity,1785151877.923093,1.076,/vehicle/driver_position_cmd
100.3425,position,1785151877.923093,1.402,/vehicle/driver_position_cmd
100.3838,velocity,1785151877.887874,0.274,/vehicle/rear_bogie_velocity
100.3841,position,1785151877.887874,0.591,/vehicle/rear_bogie_velocity
100.3920,velocity,1785151877.973103,0.326,/vehicle/driver_position_cmd
100.3921,position,1785151877.973103,0.428,/vehicle/driver_position_cmd
100.4503,velocity,1785151878.023127,0.378,/vehicle/driver_position_cmd
100.4506,position,1785151878.023127,0.653,/vehicle/driver_position_cmd
100.4834,velocity,1785151878.019842,0.367,/vehicle/rear_bogie_velocity
100.4838,position,1785151878.019842,0.750,/vehicle/rear_bogie_velocity
100.4916,velocity,1785151878.073073,0.412,/vehicle/driver_position_cmd
100.4920,position,1785151878.073073,0.808,/vehicle/driver_position_cmd
100.5460,velocity,1785151878.123146,0.833,/vehicle/driver_position_cmd
100.5464,position,1785151878.123146,1.244,/vehicle/driver_position_cmd
100.5851,velocity,1785151878.089826,0.680,/vehicle/rear_bogie_velocity
100.5861,position,1785151878.089826,1.593,/vehicle/rear_bogie_velocity
100.5916,velocity,1785151878.173078,0.643,/vehicle/driver_position_cmd
100.5923,position,1785151878.173078,1.324,/vehicle/driver_position_cmd
100.6517,velocity,1785151878.223098,0.918,/vehicle/driver_position_cmd
100.6525,position,1785151878.223098,1.793,/vehicle/driver_position_cmd
100.6863,velocity,1785151878.193788,0.892,/vehicle/rear_bogie_velocity
100.6872,position,1785151878.193788,1.742,/vehicle/rear_bogie_velocity
100.6920,velocity,1785151878.273098,0.700,/vehicle/driver_position_cmd
100.6928,position,1785151878.273098,1.438,/vehicle/driver_position_cmd
100.7449,velocity,1785151878.323084,0.837,/vehicle/driver_position_cmd
100.7458,position,1785151878.323084,1.727,/vehicle/driver_position_cmd
100.7803,velocity,1785151878.289757,0.581,/vehicle/rear_bogie_velocity
100.7810,position,1785151878.289757,1.341,/vehicle/rear_bogie_velocity
100.7951,velocity,1785151878.373091,0.667,/vehicle/driver_position_cmd
100.7955,position,1785151878.373091,1.068,/vehicle/driver_position_cmd
100.8479,velocity,1785151878.423092,0.749,/vehicle/driver_position_cmd
100.8488,position,1785151878.423092,1.637,/vehicle/driver_position_cmd
100.8839,velocity,1785151878.393747,0.647,/vehicle/rear_bogie_velocity
100.8848,position,1785151878.393747,1.525,/vehicle/rear_bogie_velocity
100.8932,velocity,1785151878.473078,0.798,/vehicle/driver_position_cmd
100.8939,position,1785151878.473078,1.450,/vehicle/driver_position_cmd
100.9458,velocity,1785151878.523089,0.788,/vehicle/driver_position_cmd
100.9465,position,1785151878.523089,1.504,/vehicle/driver_position_cmd
100.9849,velocity,1785151878.489719,0.557,/vehicle/rear_bogie_velocity
100.9855,position,1785151878.489719,1.223,/vehicle/rear_bogie_velocity
100.9927,velocity,1785151878.573061,0.579,/vehicle/driver_position_cmd
100.9934,position,1785151878.573061,1.286,/vehicle/driver_position_cmd
101.0504,velocity,1785151878.623088,0.954,/vehicle/driver_position_cmd
101.0512,position,1785151878.623088,1.813,/vehicle/driver_position_cmd
101.0810,velocity,1785151878.607677,0.852,/vehicle/rear_bogie_velocity
101.0819,position,1785151878.607677,1.717,/vehicle/rear_bogie_velocity
101.0945,velocity,1785151878.673081,0.611,/vehicle/driver_position_cmd
101.0953,position,1785151878.673081,1.342,/vehicle/driver_position_cmd
101.1423,velocity,1785151878.723061,0.921,/vehicle/driver_position_cmd
101.1431,position,1785151878.723061,1.737,/vehicle/driver_position_cmd
101.1856,velocity,1785151878.699651,0.557,/vehicle/rear_bogie_velocity
101.1862,position,1785151878.699651,1.167,/vehicle/rear_bogie_velocity
101.1933,velocity,1785151878.773110,1.081,/vehicle/driver_position_cmd
101.1942,position,1785151878.773110,1.991,/vehicle/driver_position_cmd
101.2519,velocity,1785151878.823144,1.048,/vehicle/driver_position_cmd
101.2527,position,1785151878.823144,1.865,/vehicle/driver_position_cmd
101.2798,velocity,1785151878.797623,0.658,/vehicle/rear_bogie_velocity
101.2807,position,1785151878.797623,1.513,/vehicle/rear_bogie_velocity
101.2938,velocity,1785151878.873064,0.604,/vehicle/driver_position_cmd
101.2943,position,1785151878.873064,1.125,/vehicle/driver_position_cmd
101.3501,velocity,1785151878.923094,1.038,/vehicle/driver_position_cmd
101.3507,position,1785151878.923094,1.645,/vehicle/driver_position_cmd
101.3866,velocity,1785151878.895597,0.862,/vehicle/rear_bogie_velocity
101.3877,position,1785151878.895597,1.902,/vehicle/rear_bogie_velocity
101.3910,velocity,1785151878.973117,0.514,/vehicle/driver_position_cmd
101.3915,position,1785151878.973117,0.987,/vehicle/driver_position_cmd
101.4458,velocity,1785151879.023136,1.042,/vehicle/driver_position_cmd
101.4467,position,1785151879.023136,1.904,/vehicle/driver_position_cmd
101.4852,velocity,1785151879.003566,0.593,/vehicle/rear_bogie_velocity
101.4860,position,1785151879.003566,1.437,/vehicle/rear_bogie_velocity
101.4909,velocity,1785151879.073107,0.694,/vehicle/driver_position_cmd
101.4916,position,1785151879.073107,1.324,/vehicle/driver_position_cmd
101.5452,velocity,1785151879.123133,0.867,/vehicle/driver_position_cmd
101.5460,position,1785151879.123133,1.684,/vehicle/driver_position_cmd
101.5905,velocity,1785151879.107529,1.028,/vehicle/rear_bogie_velocity
101.5910,position,1785151879.107529,1.523,/vehicle/rear_bogie_velocity
101.5916,velocity,1785151879.173084,1.268,/vehicle/driver_position_cmd
101.5922,position,1785151879.173084,1.827,/vehicle/driver_position_cmd
101.6518,velocity,1785151879.223070,1.015,/vehicle/driver_position_cmd
101.6526,position,1785151879.223070,1.871,/vehicle/driver_position_cmd
101.6840,velocity,1785151879.189510,0.639,/vehicle/rear_bogie_velocity
101.6848,position,1785151879.189510,1.440,/vehicle/rear_bogie_velocity
101.6926,velocity,1785151879.273131,0.930,/vehicle/driver_position_cmd
101.6934,position,1785151879.273131,1.665,/vehicle/driver_position_cmd
101.7505,velocity,1785151879.323093,0.986,/vehicle/driver_position_cmd
101.7511,position,1785151879.323093,1.612,/vehicle/driver_position_cmd
101.7871,velocity,1785151879.339471,0.878,/vehicle/rear_bogie_velocity
101.7880,position,1785151879.339471,1.730,/vehicle/rear_bogie_velocity
101.7935,velocity,1785151879.373115,2.899,/vehicle/driver_position_cmd
101.7938,position,1785151879.373115,3.228,/vehicle/driver_position_cmd
101.8475,velocity,1785151879.423080,1.065,/vehicle/driver_position_cmd
101.8482,position,1785151879.423080,1.719,/vehicle/driver_position_cmd
101.8864,velocity,1785151879.395459,0.607,/vehicle/rear_bogie_velocity
101.8870,position,1785151879.395459,1.235,/vehicle/rear_bogie_velocity
101.8921,velocity,1785151879.473081,0.674,/vehicle/driver_position_cmd
101.8926,position,1785151879.473081,1.224,/vehicle/driver_position_cmd
101.9467,velocity,1785151879.523143,1.013,/vehicle/driver_position_cmd
101.9473,position,1785151879.523143,1.655,/vehicle/driver_position_cmd
101.9867,velocity,1785151879.497429,0.579,/vehicle/rear_bogie_velocity
101.9875,position,1785151879.497429,1.454,/vehicle/rear_bogie_velocity
101.9918,velocity,1785151879.573101,0.639,/vehicle/driver_position_cmd
101.9924,position,1785151879.573101,1.209,/vehicle/driver_position_cmd
102.0512,velocity,1785151879.623105,1.003,/vehicle/driver_position_cmd
102.0521,position,1785151879.623105,1.885,/vehicle/driver_position_cmd
102.0801,velocity,1785151879.605408,0.650,/vehicle/rear_bogie_velocity
102.0810,position,1785151879.605408,1.553,/vehicle/rear_bogie_velocity
102.0941,velocity,1785151879.673101,0.914,/vehicle/driver_position_cmd
102.0949,position,1785151879.673101,1.647,/vehicle/driver_position_cmd
102.1462,velocity,1785151879.723062,1.029,/vehicle/driver_position_cmd
102.1470,position,1785151879.723062,1.828,/vehicle/driver_position_cmd
102.1794,velocity,1785151879.687373,0.894,/vehicle/rear_bogie_velocity
102.1802,position,1785151879.687373,1.674,/vehicle/rear_bogie_velocity
102.1919,velocity,1785151879.773112,0.987,/vehicle/driver_position_cmd
102.1928,position,1785151879.773112,1.842,/vehicle/driver_position_cmd
102.2432,velocity,1785151879.823135,0.985,/vehicle/driver_position_cmd
102.2439,position,1785151879.823135,1.716,/vehicle/driver_position_cmd
102.2794,velocity,1785151879.809346,0.672,/vehicle/rear_bogie_velocity
102.2801,position,1785151879.809346,1.414,/vehicle/rear_bogie_velocity
102.2946,velocity,1785151879.873060,1.001,/vehicle/driver_position_cmd
102.2952,position,1785151879.873060,1.668,/vehicle/driver_position_cmd
102.3455,velocity,1785151879.923074,0.914,/vehicle/driver_position_cmd
102.3463,position,1785151879.923074,1.735,/vehicle/driver_position_cmd
102.3794,velocity,1785151879.885324,0.619,/vehicle/rear_bogie_velocity
102.3803,position,1785151879.885324,1.506,/vehicle/rear_bogie_velocity
102.3925,velocity,1785151879.973102,0.906,/vehicle/driver_position_cmd
102.3936,position,1785151879.973102,1.934,/vehicle/driver_position_cmd
102.4504,velocity,1785151880.023079,0.789,/vehicle/driver_position_cmd
102.4510,position,1785151880.023079,1.401,/vehicle/driver_position_cmd
102.4849,velocity,1785151879.997414,0.613,/vehicle/rear_bogie_velocity
102.4856,position,1785151879.997414,1.303,/vehicle/rear_bogie_velocity
102.4921,velocity,1785151880.073065,0.931,/vehicle/driver_position_cmd
102.4927,position,1785151880.073065,1.549,/vehicle/driver_position_cmd
102.5412,velocity,1785151880.123078,0.559,/vehicle/driver_position_cmd
102.5418,position,1785151880.123078,1.184,/vehicle/driver_position_cmd
102.5792,velocity,1785151880.089274,0.643,/vehicle/rear_bogie_velocity
102.5800,position,1785151880.089274,1.450,/vehicle/rear_bogie_velocity
102.5961,velocity,1785151880.173080,0.889,/vehicle/driver_position_cmd
102.5969,position,1785151880.173080,1.687,/vehicle/driver_position_cmd
102.6434,velocity,1785151880.223100,0.984,/vehicle/driver_position_cmd
102.6442,position,1785151880.223100,1.843,/vehicle/driver_position_cmd
102.6868,velocity,1785151880.193259,0.674,/vehicle/rear_bogie_velocity
102.6877,position,1785151880.193259,1.538,/vehicle/rear_bogie_velocity
102.6939,velocity,1785151880.273117,0.968,/vehicle/driver_position_cmd
102.6946,position,1785151880.273117,1.646,/vehicle/driver_position_cmd
102.7444,velocity,1785151880.323086,1.017,/vehicle/driver_position_cmd
102.7451,position,1785151880.323086,1.664,/vehicle/driver_position_cmd
102.7857,velocity,1785151880.295225,0.621,/vehicle/rear_bogie_velocity
102.7866,position,1785151880.295225,1.474,/vehicle/rear_bogie_velocity
102.7927,velocity,1785151880.373097,0.768,/vehicle/driver_position_cmd
102.7934,position,1785151880.373097,1.479,/vehicle/driver_position_cmd
102.8518,velocity,1785151880.423080,1.014,/vehicle/driver_position_cmd
102.8527,position,1785151880.423080,1.860,/vehicle/driver_position_cmd
102.8885,velocity,1785151880.411185,0.620,/vehicle/rear_bogie_velocity
102.8901,position,1785151880.411185,2.253,/vehicle/rear_bogie_velocity
102.8919,velocity,1785151880.473108,0.758,/vehicle/driver_position_cmd
102.8923,position,1785151880.473108,1.179,/vehicle/driver_position_cmd
102.9513,velocity,1785151880.523131,0.994,/vehicle/driver_position_cmd
102.9522,position,1785151880.523131,1.848,/vehicle/driver_position_cmd
102.9811,velocity,1785151880.525158,0.815,/vehicle/rear_bogie_velocity
102.9819,position,1785151880.525158,1.574,/vehicle/rear_bogie_velocity
102.9927,velocity,1785151880.573081,0.858,/vehicle/driver_position_cmd
102.9935,position,1785151880.573081,1.685,/vehicle/driver_position_cmd
103.0503,velocity,1785151880.623106,0.972,/vehicle/driver_position_cmd
103.0509,position,1785151880.623106,1.636,/vehicle/driver_position_cmd
103.0802,velocity,1785151880.601131,0.667,/vehicle/rear_bogie_velocity
103.0810,position,1785151880.601131,1.454,/vehicle/rear_bogie_velocity
103.0920,velocity,1785151880.673064,0.905,/vehicle/driver_position_cmd
103.0929,position,1785151880.673064,1.748,/vehicle/driver_position_cmd
103.1478,velocity,1785151880.723087,0.964,/vehicle/driver_position_cmd
103.1484,position,1785151880.723087,1.576,/vehicle/driver_position_cmd
103.1799,velocity,1785151880.695106,0.362,/vehicle/rear_bogie_velocity
103.1804,position,1785151880.695106,0.859,/vehicle/rear_bogie_velocity
103.1935,velocity,1785151880.773073,0.913,/vehicle/driver_position_cmd
103.1943,position,1785151880.773073,1.727,/vehicle/driver_position_cmd
103.2441,velocity,1785151880.823094,0.312,/vehicle/driver_position_cmd
103.2443,position,1785151880.823094,0.534,/vehicle/driver_position_cmd
103.2816,velocity,1785151880.795079,0.349,/vehicle/rear_bogie_velocity
103.2820,position,1785151880.795079,0.732,/vehicle/rear_bogie_velocity
103.2927,velocity,1785151880.873056,0.506,/vehicle/driver_position_cmd
103.2932,position,1785151880.873056,1.013,/vehicle/driver_position_cmd
103.3510,velocity,1785151880.923055,0.949,/vehicle/driver_position_cmd
103.3514,position,1785151880.923055,1.342,/vehicle/driver_position_cmd
103.3843,velocity,1785151880.897051,0.664,/vehicle/rear_bogie_velocity
103.3851,position,1785151880.897051,1.463,/vehicle/rear_bogie_velocity
103.3928,velocity,1785151880.973101,0.965,/vehicle/driver_position_cmd
103.3935,position,1785151880.973101,1.589,/vehicle/driver_position_cmd
103.4449,velocity,1785151881.023087,1.050,/vehicle/driver_position_cmd
103.4455,position,1785151881.023087,1.685,/vehicle/driver_position_cmd
103.4820,velocity,1785151881.003021,0.668,/vehicle/rear_bogie_velocity
103.4828,position,1785151881.003021,1.470,/vehicle/rear_bogie_velocity
103.4949,velocity,1785151881.073107,0.956,/vehicle/driver_position_cmd
103.4955,position,1785151881.073107,1.573,/vehicle/driver_position_cmd
103.5438,velocity,1785151881.123059,2.106,/vehicle/driver_position_cmd
103.5445,position,1785151881.123059,2.797,/vehicle/driver_position_cmd
103.5831,velocity,1785151881.106990,0.737,/vehicle/rear_bogie_velocity
103.5839,position,1785151881.106990,1.550,/vehicle/rear_bogie_velocity
103.5960,velocity,1785151881.173101,1.136,/vehicle/driver_position_cmd
103.5968,position,1785151881.173101,1.934,/vehicle/driver_position_cmd
103.6511,velocity,1785151881.223087,0.991,/vehicle/driver_position_cmd
103.6519,position,1785151881.223087,1.755,/vehicle/driver_position_cmd
103.6826,velocity,1785151881.196966,0.609,/vehicle/rear_bogie_velocity
103.6833,position,1785151881.196966,1.319,/vehicle/rear_bogie_velocity
103.6945,velocity,1785151881.273102,0.918,/vehicle/driver_position_cmd
103.6953,position,1785151881.273102,1.752,/vehicle/driver_position_cmd
103.7450,velocity,1785151881.323075,0.794,/vehicle/driver_position_cmd
103.7458,position,1785151881.323075,1.595,/vehicle/driver_position_cmd
103.7810,velocity,1785151881.296937,0.634,/vehicle/rear_bogie_velocity
103.7817,position,1785151881.296937,1.417,/vehicle/rear_bogie_velocity
103.7911,velocity,1785151881.373055,0.877,/vehicle/driver_position_cmd
103.7918,position,1785151881.373055,1.648,/vehicle/driver_position_cmd
103.8456,velocity,1785151881.423100,0.905,/vehicle/driver_position_cmd
103.8464,position,1785151881.423100,1.742,/vehicle/driver_position_cmd
103.8798,velocity,1785151881.408910,0.649,/vehicle/rear_bogie_velocity
103.8806,position,1785151881.408910,1.440,/vehicle/rear_bogie_velocity
103.8940,velocity,1785151881.473086,0.941,/vehicle/driver_position_cmd
103.8948,position,1785151881.473086,1.813,/vehicle/driver_position_cmd
103.9509,velocity,1785151881.523084,0.815,/vehicle/driver_position_cmd
103.9516,position,1785151881.523084,1.514,/vehicle/driver_position_cmd
103.9791,velocity,1785151881.492883,0.772,/vehicle/rear_bogie_velocity
103.9795,position,1785151881.492883,1.185,/vehicle/rear_bogie_velocity
103.9964,velocity,1785151881.573074,0.837,/vehicle/driver_position_cmd
103.9968,position,1785151881.573074,1.267,/vehicle/driver_position_cmd
104.0418,velocity,1785151881.623069,0.612,/vehicle/driver_position_cmd
104.0426,position,1785151881.623069,1.381,/vehicle/driver_position_cmd
104.0794,velocity,1785151881.588861,0.501,/vehicle/rear_bogie_velocity
104.0803,position,1785151881.588861,1.329,/vehicle/rear_bogie_velocity
104.0976,velocity,1785151881.673080,0.755,/vehicle/driver_position_cmd
104.0984,position,1785151881.673080,1.598,/vehicle/driver_position_cmd
104.1449,velocity,1785151881.723088,0.624,/vehicle/driver_position_cmd
104.1454,position,1785151881.723088,1.157,/vehicle/driver_position_cmd
104.1813,velocity,1785151881.690832,0.658,/vehicle/rear_bogie_velocity
104.1821,position,1785151881.690832,1.522,/vehicle/rear_bogie_velocity
104.1975,velocity,1785151881.773130,1.281,/vehicle/driver_position_cmd
104.1981,position,1785151881.773130,1.921,/vehicle/driver_position_cmd
104.2515,velocity,1785151881.823080,0.717,/vehicle/driver_position_cmd
104.2524,position,1785151881.823080,1.600,/vehicle/driver_position_cmd
104.2808,velocity,1785151881.794804,0.549,/vehicle/rear_bogie_velocity
104.2815,position,1785151881.794804,1.273,/vehicle/rear_bogie_velocity
104.2931,velocity,1785151881.873094,0.377,/vehicle/driver_position_cmd
104.2935,position,1785151881.873094,0.743,/vehicle/driver_position_cmd
104.3450,velocity,1785151881.923095,0.874,/vehicle/driver_position_cmd
104.3456,position,1785151881.923095,1.555,/vehicle/driver_position_cmd
104.3853,velocity,1785151881.888781,0.877,/vehicle/rear_bogie_velocity
104.3861,position,1785151881.888781,1.661,/vehicle/rear_bogie_velocity
104.3948,velocity,1785151881.973079,0.766,/vehicle/driver_position_cmd
104.3954,position,1785151881.973079,1.392,/vehicle/driver_position_cmd
104.4478,velocity,1785151882.023094,0.911,/vehicle/driver_position_cmd
104.4485,position,1785151882.023094,1.606,/vehicle/driver_position_cmd
104.4792,velocity,1785151881.994745,0.552,/vehicle/rear_bogie_velocity
104.4799,position,1785151881.994745,1.277,/vehicle/rear_bogie_velocity
104.4960,velocity,1785151882.073072,0.839,/vehicle/driver_position_cmd
104.4964,position,1785151882.073072,1.274,/vehicle/driver_position_cmd
104.5420,velocity,1785151882.123091,0.602,/vehicle/driver_position_cmd
104.5428,position,1785151882.123091,1.378,/vehicle/driver_position_cmd
104.5791,velocity,1785151882.088736,0.530,/vehicle/rear_bogie_velocity
104.5798,position,1785151882.088736,1.261,/vehicle/rear_bogie_velocity
104.5919,velocity,1785151882.173057,0.825,/vehicle/driver_position_cmd
104.5923,position,1785151882.173057,1.269,/vehicle/driver_position_cmd
104.6431,velocity,1785151882.223081,0.242,/vehicle/driver_position_cmd
104.6433,position,1785151882.223081,0.453,/vehicle/driver_position_cmd
104.6773,velocity,1785151882.188694,0.252,/vehicle/rear_bogie_velocity
104.6774,position,1785151882.188694,0.386,/vehicle/rear_bogie_velocity
104.6915,velocity,1785151882.273111,0.377,/vehicle/driver_position_cmd
104.6918,position,1785151882.273111,0.671,/vehicle/driver_position_cmd
104.7418,velocity,1785151882.323059,0.439,/vehicle/driver_position_cmd
104.7422,position,1785151882.323059,0.826,/vehicle/driver_position_cmd
104.7788,velocity,1785151882.294662,0.852,/vehicle/rear_bogie_velocity
104.7795,position,1785151882.294662,1.630,/vehicle/rear_bogie_velocity
104.7926,velocity,1785151882.373057,1.002,/vehicle/driver_position_cmd
104.7935,position,1785151882.373057,1.906,/vehicle/driver_position_cmd
104.8412,velocity,1785151882.423058,0.605,/vehicle/driver_position_cmd
104.8417,position,1785151882.423058,1.086,/vehicle/driver_position_cmd
104.8791,velocity,1785151882.402641,0.608,/vehicle/rear_bogie_velocity
104.8799,position,1785151882.402641,1.439,/vehicle/rear_bogie_velocity
104.8915,velocity,1785151882.473062,0.650,/vehicle/driver_position_cmd
104.8920,position,1785151882.473062,1.230,/vehicle/driver_position_cmd
104.9423,velocity,1785151882.523116,0.984,/vehicle/driver_position_cmd
104.9432,position,1785151882.523116,1.846,/vehicle/driver_position_cmd
104.9789,velocity,1785151882.490613,0.818,/vehicle/rear_bogie_velocity
104.9795,position,1785151882.490613,1.385,/vehicle/rear_bogie_velocity
104.9927,velocity,1785151882.573095,0.920,/vehicle/driver_position_cmd
104.9933,position,1785151882.573095,1.522,/vehicle/driver_position_cmd
105.0462,velocity,1785151882.623074,0.983,/vehicle/driver_position_cmd
105.0471,position,1785151882.623074,1.895,/vehicle/driver_position_cmd
105.0804,velocity,1785151882.590582,0.734,/vehicle/rear_bogie_velocity
105.0811,position,1785151882.590582,1.471,/vehicle/rear_bogie_velocity
105.0979,velocity,1785151882.673109,0.993,/vehicle/driver_position_cmd
105.0986,position,1785151882.673109,1.708,/vehicle/driver_position_cmd
105.1433,velocity,1785151882.723084,0.978,/vehicle/driver_position_cmd
105.1441,position,1785151882.723084,1.749,/vehicle/driver_position_cmd
105.1788,velocity,1785151882.690554,0.516,/vehicle/rear_bogie_velocity
105.1796,position,1785151882.690554,1.326,/vehicle/rear_bogie_velocity
105.1954,velocity,1785151882.773070,0.919,/vehicle/driver_position_cmd
105.1962,position,1785151882.773070,1.724,/vehicle/driver_position_cmd
105.2527,velocity,1785151882.823087,0.977,/vehicle/driver_position_cmd
105.2535,position,1785151882.823087,1.783,/vehicle/driver_position_cmd
105.2811,velocity,1785151882.796528,0.882,/vehicle/rear_bogie_velocity
105.2819,position,1785151882.796528,1.731,/vehicle/rear_bogie_velocity
105.2934,velocity,1785151882.873097,0.981,/vehicle/driver_position_cmd
105.2941,position,1785151882.873097,1.658,/vehicle/driver_position_cmd
105.3410,velocity,1785151882.923079,0.544,/vehicle/driver_position_cmd
105.3415,position,1785151882.923079,1.020,/vehicle/driver_position_cmd
105.3795,velocity,1785151882.888507,0.577,/vehicle/rear_bogie_velocity
105.3804,position,1785151882.888507,1.475,/vehicle/rear_bogie_velocity
105.3915,velocity,1785151882.973098,0.864,/vehicle/driver_position_cmd
105.3923,position,1785151882.973098,1.715,/vehicle/driver_position_cmd
105.4416,velocity,1785151883.023078,0.780,/vehicle/driver_position_cmd
105.4423,position,1785151883.023078,1.404,/vehicle/driver_position_cmd
105.4792,velocity,1785151883.000476,0.604,/vehicle/rear_bogie_velocity
105.4798,position,1785151883.000476,1.214,/vehicle/rear_bogie_velocity
105.4919,velocity,1785151883.073061,0.897,/vehicle/driver_position_cmd
105.4925,position,1785151883.073061,1.566,/vehicle/driver_position_cmd
105.5436,velocity,1785151883.123112,1.675,/vehicle/driver_position_cmd
105.5443,position,1785151883.123112,2.377,/vehicle/driver_position_cmd
105.5801,velocity,1785151883.104444,0.650,/vehicle/rear_bogie_velocity
105.5809,position,1785151883.104444,1.498,/vehicle/rear_bogie_velocity
105.5934,velocity,1785151883.173091,1.000,/vehicle/driver_position_cmd
105.5942,position,1785151883.173091,1.846,/vehicle/driver_position_cmd
105.6419,velocity,1785151883.223107,1.048,/vehicle/driver_position_cmd
105.6425,position,1785151883.223107,1.701,/vehicle/driver_position_cmd
105.6798,velocity,1785151883.198417,0.675,/vehicle/rear_bogie_velocity
105.6805,position,1785151883.198417,1.392,/vehicle/rear_bogie_velocity
105.6921,velocity,1785151883.273092,0.746,/vehicle/driver_position_cmd
105.6930,position,1785151883.273092,1.630,/vehicle/driver_position_cmd
105.7440,velocity,1785151883.323081,1.019,/vehicle/driver_position_cmd
105.7449,position,1785151883.323081,1.902,/vehicle/driver_position_cmd
105.7794,velocity,1785151883.298391,0.679,/vehicle/rear_bogie_velocity
105.7803,position,1785151883.298391,1.588,/vehicle/rear_bogie_velocity
105.7934,velocity,1785151883.373071,0.977,/vehicle/driver_position_cmd
105.7941,position,1785151883.373071,1.681,/vehicle/driver_position_cmd
105.8460,velocity,1785151883.423082,0.731,/vehicle/driver_position_cmd
105.8466,position,1785151883.423082,1.302,/vehicle/driver_position_cmd
105.8851,velocity,1785151883.410363,0.629,/vehicle/rear_bogie_velocity
105.8858,position,1785151883.410363,1.328,/vehicle/rear_bogie_velocity
105.8915,velocity,1785151883.473095,0.744,/vehicle/driver_position_cmd
105.8921,position,1785151883.473095,1.384,/vehicle/driver_position_cmd
105.9472,velocity,1785151883.523082,1.041,/vehicle/driver_position_cmd
105.9480,position,1785151883.523082,1.876,/vehicle/driver_position_cmd
105.9798,velocity,1785151883.504336,0.629,/vehicle/rear_bogie_velocity
105.9806,position,1785151883.504336,1.476,/vehicle/rear_bogie_velocity
105.9950,velocity,1785151883.573086,0.947,/vehicle/driver_position_cmd
105.9959,position,1785151883.573086,1.821,/vehicle/driver_position_cmd
106.0466,velocity,1785151883.623057,0.976,/vehicle/driver_position_cmd
106.0474,position,1785151883.623057,1.827,/vehicle/driver_position_cmd
106.0796,velocity,1785151883.600308,0.566,/vehicle/rear_bogie_velocity
106.0804,position,1785151883.600308,1.388,/vehicle/rear_bogie_velocity
106.0936,velocity,1785151883.673072,0.493,/vehicle/driver_position_cmd
106.0941,position,1785151883.673072,1.030,/vehicle/driver_position_cmd
106.1518,velocity,1785151883.723066,0.999,/vehicle/driver_position_cmd
106.1527,position,1785151883.723066,1.853,/vehicle/driver_position_cmd
106.1794,velocity,1785151883.694279,0.533,/vehicle/rear_bogie_velocity
106.1801,position,1785151883.694279,1.243,/vehicle/rear_bogie_velocity
106.1961,velocity,1785151883.773101,0.876,/vehicle/driver_position_cmd
106.1968,position,1785151883.773101,1.576,/vehicle/driver_position_cmd
106.2451,velocity,1785151883.823064,1.027,/vehicle/driver_position_cmd
106.2459,position,1785151883.823064,1.747,/vehicle/driver_position_cmd
106.2827,velocity,1785151883.808252,0.591,/vehicle/rear_bogie_velocity
106.2834,position,1785151883.808252,1.283,/vehicle/rear_bogie_velocity
106.2941,velocity,1785151883.873057,0.966,/vehicle/driver_position_cmd
106.2950,position,1785151883.873057,1.840,/vehicle/driver_position_cmd
106.3459,velocity,1785151883.923092,1.024,/vehicle/driver_position_cmd
106.3465,position,1785151883.923092,1.666,/vehicle/driver_position_cmd
106.3815,velocity,1785151883.888226,0.676,/vehicle/rear_bogie_velocity
106.3822,position,1785151883.888226,1.370,/vehicle/rear_bogie_velocity
106.3933,velocity,1785151883.973096,1.006,/vehicle/driver_position_cmd
106.3943,position,1785151883.973096,1.941,/vehicle/driver_position_cmd
106.4421,velocity,1785151884.023062,0.714,/vehicle/driver_position_cmd
106.4427,position,1785151884.023062,1.338,/vehicle/driver_position_cmd
106.4853,velocity,1785151883.998200,0.678,/vehicle/rear_bogie_velocity
106.4860,position,1785151883.998200,1.387,/vehicle/rear_bogie_velocity
106.4938,velocity,1785151884.073088,0.986,/vehicle/driver_position_cmd
106.4944,position,1785151884.073088,1.607,/vehicle/driver_position_cmd
106.5417,velocity,1785151884.123062,0.544,/vehicle/driver_position_cmd
106.5423,position,1785151884.123062,1.182,/vehicle/driver_position_cmd
106.5795,velocity,1785151884.110175,0.668,/vehicle/rear_bogie_velocity
106.5803,position,1785151884.110175,1.482,/vehicle/rear_bogie_velocity
106.5929,velocity,1785151884.173087,0.996,/vehicle/driver_position_cmd
106.5935,position,1785151884.173087,1.626,/vehicle/driver_position_cmd
106.6425,velocity,1785151884.223071,1.008,/vehicle/driver_position_cmd
106.6431,position,1785151884.223071,1.658,/vehicle/driver_position_cmd
106.6788,velocity,1785151884.188140,0.694,/vehicle/rear_bogie_velocity
106.6795,position,1785151884.188140,1.392,/vehicle/rear_bogie_velocity
106.6928,velocity,1785151884.273081,1.028,/vehicle/driver_position_cmd
106.6938,position,1785151884.273081,1.957,/vehicle/driver_position_cmd
106.7435,velocity,1785151884.323082,0.693,/vehicle/driver_position_cmd
106.7441,position,1785151884.323082,1.309,/vehicle/driver_position_cmd
106.7786,velocity,1785151884.292109,0.626,/vehicle/rear_bogie_velocity
106.7796,position,1785151884.292109,1.539,/vehicle/rear_bogie_velocity
106.7931,velocity,1785151884.373099,1.142,/vehicle/driver_position_cmd
106.7940,position,1785151884.373099,2.106,/vehicle/driver_position_cmd
106.8442,velocity,1785151884.423071,1.097,/vehicle/driver_position_cmd
106.8449,position,1785151884.423071,1.807,/vehicle/driver_position_cmd
106.8795,velocity,1785151884.398087,0.595,/vehicle/rear_bogie_velocity
106.8803,position,1785151884.398087,1.469,/vehicle/rear_bogie_velocity
106.8930,velocity,1785151884.473072,0.895,/vehicle/driver_position_cmd
106.8936,position,1785151884.473072,1.566,/vehicle/driver_position_cmd
106.9421,velocity,1785151884.523064,0.935,/vehicle/driver_position_cmd
106.9430,position,1785151884.523064,1.804,/vehicle/driver_position_cmd
106.9792,velocity,1785151884.496062,0.768,/vehicle/rear_bogie_velocity
106.9799,position,1785151884.496062,1.490,/vehicle/rear_bogie_velocity
106.9923,velocity,1785151884.573073,0.887,/vehicle/driver_position_cmd
106.9927,position,1785151884.573073,1.350,/vehicle/driver_position_cmd
107.0412,velocity,1785151884.623086,0.852,/vehicle/driver_position_cmd
107.0420,position,1785151884.623086,1.629,/vehicle/driver_position_cmd
107.0787,velocity,1785151884.598030,0.549,/vehicle/rear_bogie_velocity
107.0794,position,1785151884.598030,1.308,/vehicle/rear_bogie_velocity
107.0914,velocity,1785151884.673059,0.487,/vehicle/driver_position_cmd
107.0918,position,1785151884.673059,0.968,/vehicle/driver_position_cmd
107.1426,velocity,1785151884.723086,0.875,/vehicle/driver_position_cmd
107.1435,position,1785151884.723086,1.760,/vehicle/driver_position_cmd
107.1784,velocity,1785151884.688010,0.575,/vehicle/rear_bogie_velocity
107.1793,position,1785151884.688010,1.422,/vehicle/rear_bogie_velocity
107.1937,velocity,1785151884.773085,0.884,/vehicle/driver_position_cmd
107.1946,position,1785151884.773085,1.761,/vehicle/driver_position_cmd
107.2429,velocity,1785151884.823083,0.893,/vehicle/driver_position_cmd
107.2438,position,1785151884.823083,1.742,/vehicle/driver_position_cmd
107.2795,velocity,1785151884.795975,0.495,/vehicle/rear_bogie_velocity
107.2804,position,1785151884.795975,1.389,/vehicle/rear_bogie_velocity
107.2906,velocity,1785151884.873080,0.413,/vehicle/driver_position_cmd
107.2910,position,1785151884.873080,0.818,/vehicle/driver_position_cmd
107.3429,velocity,1785151884.923076,0.833,/vehicle/driver_position_cmd
107.3436,position,1785151884.923076,1.539,/vehicle/driver_position_cmd
107.3779,velocity,1785151884.889950,0.504,/vehicle/rear_bogie_velocity
107.3786,position,1785151884.889950,1.208,/vehicle/rear_bogie_velocity
107.3925,velocity,1785151884.973076,0.717,/vehicle/driver_position_cmd
107.3929,position,1785151884.973076,1.128,/vehicle/driver_position_cmd
107.4432,velocity,1785151885.023121,1.094,/vehicle/driver_position_cmd
107.4441,position,1785151885.023121,1.976,/vehicle/driver_position_cmd
107.4781,velocity,1785151884.997917,0.535,/vehicle/rear_bogie_velocity
107.4788,position,1785151884.997917,1.273,/vehicle/rear_bogie_velocity
107.4924,velocity,1785151885.073094,0.752,/vehicle/driver_position_cmd
107.4928,position,1785151885.073094,1.169,/vehicle/driver_position_cmd
107.5429,velocity,1785151885.123097,0.711,/vehicle/driver_position_cmd
107.5433,position,1785151885.123097,1.124,/vehicle/driver_position_cmd
107.5822,velocity,1785151885.099885,0.552,/vehicle/rear_bogie_velocity
107.5829,position,1785151885.099885,1.283,/vehicle/rear_bogie_velocity
107.5951,velocity,1785151885.173059,0.932,/vehicle/driver_position_cmd
107.5960,position,1785151885.173059,1.805,/vehicle/driver_position_cmd
107.6465,velocity,1785151885.223097,1.048,/vehicle/driver_position_cmd
107.6472,position,1785151885.223097,1.749,/vehicle/driver_position_cmd
107.6852,velocity,1785151885.189858,0.636,/vehicle/rear_bogie_velocity
107.6858,position,1785151885.189858,1.308,/vehicle/rear_bogie_velocity
107.6945,velocity,1785151885.273083,0.934,/vehicle/driver_position_cmd
107.6953,position,1785151885.273083,1.782,/vehicle/driver_position_cmd
107.7442,velocity,1785151885.323092,1.041,/vehicle/driver_position_cmd
107.7452,position,1785151885.323092,1.947,/vehicle/driver_position_cmd
107.7795,velocity,1785151885.297831,0.863,/vehicle/rear_bogie_velocity
107.7801,position,1785151885.297831,1.481,/vehicle/rear_bogie_velocity
107.7966,velocity,1785151885.373083,0.944,/vehicle/driver_position_cmd
107.7973,position,1785151885.373083,1.618,/vehicle/driver_position_cmd
107.8500,velocity,1785151885.423075,0.977,/vehicle/driver_position_cmd
107.8508,position,1785151885.423075,1.857,/vehicle/driver_position_cmd
107.8845,velocity,1785151885.407798,0.556,/vehicle/rear_bogie_velocity
107.8855,position,1785151885.407798,1.573,/vehicle/rear_bogie_velocity
107.8925,velocity,1785151885.473113,0.673,/vehicle/driver_position_cmd
107.8931,position,1785151885.473113,1.197,/vehicle/driver_position_cmd
107.9425,velocity,1785151885.523068,1.002,/vehicle/driver_position_cmd
107.9431,position,1785151885.523068,1.623,/vehicle/driver_position_cmd
107.9798,velocity,1785151885.503776,0.661,/vehicle/rear_bogie_velocity
107.9804,position,1785151885.503776,1.265,/vehicle/rear_bogie_velocity
107.9926,velocity,1785151885.573091,0.955,/vehicle/driver_position_cmd
107.9934,position,1785151885.573091,1.797,/vehicle/driver_position_cmd
108.0425,velocity,1785151885.623111,0.986,/vehicle/driver_position_cmd
108.0431,position,1785151885.623111,1.611,/vehicle/driver_position_cmd
108.0793,velocity,1785151885.603746,0.726,/vehicle/rear_bogie_velocity
108.0801,position,1785151885.603746,1.449,/vehicle/rear_bogie_velocity
108.0923,velocity,1785151885.673085,0.992,/vehicle/driver_position_cmd
108.0931,position,1785151885.673085,1.867,/vehicle/driver_position_cmd
108.1439,velocity,1785151885.723084,1.045,/vehicle/driver_position_cmd
108.1448,position,1785151885.723084,1.932,/vehicle/driver_position_cmd
108.1796,velocity,1785151885.691726,0.468,/vehicle/rear_bogie_velocity
108.1804,position,1785151885.691726,1.286,/vehicle/rear_bogie_velocity
108.1926,velocity,1785151885.773084,0.854,/vehicle/driver_position_cmd
108.1932,position,1785151885.773084,1.425,/vehicle/driver_position_cmd
108.2422,velocity,1785151885.823091,0.375,/vehicle/driver_position_cmd
108.2425,position,1785151885.823091,0.635,/vehicle/driver_position_cmd
108.2782,velocity,1785151885.801703,0.285,/vehicle/rear_bogie_velocity
108.2784,position,1785151885.801703,0.553,/vehicle/rear_bogie_velocity
108.2913,velocity,1785151885.873064,0.399,/vehicle/driver_position_cmd
108.2917,position,1785151885.873064,0.759,/vehicle/driver_position_cmd
108.3428,velocity,1785151885.923105,0.980,/vehicle/driver_position_cmd
108.3436,position,1785151885.923105,1.794,/vehicle/driver_position_cmd
108.3804,velocity,1785151885.899667,0.679,/vehicle/rear_bogie_velocity
108.3812,position,1785151885.899667,1.561,/vehicle/rear_bogie_velocity
108.3928,velocity,1785151885.973088,0.952,/vehicle/driver_position_cmd
108.3936,position,1785151885.973088,1.783,/vehicle/driver_position_cmd
108.4419,velocity,1785151886.023077,1.076,/vehicle/driver_position_cmd
108.4427,position,1785151886.023077,1.865,/vehicle/driver_position_cmd
108.4784,velocity,1785151886.003638,0.347,/vehicle/rear_bogie_velocity
108.4790,position,1785151886.003638,0.924,/vehicle/rear_bogie_velocity
108.4924,velocity,1785151886.073064,0.831,/vehicle/driver_position_cmd
108.4932,position,1785151886.073064,1.629,/vehicle/driver_position_cmd
108.5438,velocity,1785151886.123082,1.866,/vehicle/driver_position_cmd
108.5448,position,1785151886.123082,2.813,/vehicle/driver_position_cmd
108.5798,velocity,1785151886.099612,0.658,/vehicle/rear_bogie_velocity
108.5805,position,1785151886.099612,1.336,/vehicle/rear_bogie_velocity
108.5925,velocity,1785151886.173092,0.953,/vehicle/driver_position_cmd
108.5932,position,1785151886.173092,1.631,/vehicle/driver_position_cmd
108.6433,velocity,1785151886.223094,0.937,/vehicle/driver_position_cmd
108.6440,position,1785151886.223094,1.672,/vehicle/driver_position_cmd
108.6804,velocity,1785151886.189585,0.630,/vehicle/rear_bogie_velocity
108.6810,position,1785151886.189585,1.248,/vehicle/rear_bogie_velocity
108.6926,velocity,1785151886.273088,1.008,/vehicle/driver_position_cmd
108.6935,position,1785151886.273088,1.884,/vehicle/driver_position_cmd
108.7421,velocity,1785151886.323066,0.896,/vehicle/driver_position_cmd
108.7430,position,1785151886.323066,1.708,/vehicle/driver_position_cmd
108.7786,velocity,1785151886.295606,0.593,/vehicle/rear_bogie_velocity
108.7795,position,1785151886.295606,1.516,/vehicle/rear_bogie_velocity
108.7928,velocity,1785151886.373100,0.978,/vehicle/driver_position_cmd
108.7935,position,1785151886.373100,1.688,/vehicle/driver_position_cmd
108.8425,velocity,1785151886.423071,1.019,/vehicle/driver_position_cmd
108.8432,position,1785151886.423071,1.723,/vehicle/driver_position_cmd
108.8799,velocity,1785151886.407526,0.633,/vehicle/rear_bogie_velocity
108.8806,position,1785151886.407526,1.374,/vehicle/rear_bogie_velocity
108.8926,velocity,1785151886.473060,0.987,/vehicle/driver_position_cmd
108.8934,position,1785151886.473060,1.779,/vehicle/driver_position_cmd
108.9442,velocity,1785151886.523093,1.267,/vehicle/driver_position_cmd
108.9449,position,1785151886.523093,2.026,/vehicle/driver_position_cmd
108.9796,velocity,1785151886.493494,0.586,/vehicle/rear_bogie_velocity
108.9802,position,1785151886.493494,1.211,/vehicle/rear_bogie_velocity
108.9935,velocity,1785151886.573108,1.009,/vehicle/driver_position_cmd
108.9944,position,1785151886.573108,1.917,/vehicle/driver_position_cmd
109.0443,velocity,1785151886.623072,1.004,/vehicle/driver_position_cmd
109.0449,position,1785151886.623072,1.623,/vehicle/driver_position_cmd
109.0791,velocity,1785151886.601473,0.627,/vehicle/rear_bogie_velocity
109.0799,position,1785151886.601473,1.488,/vehicle/rear_bogie_velocity
109.0919,velocity,1785151886.673065,1.088,/vehicle/driver_position_cmd
109.0939,position,1785151886.673065,3.098,/vehicle/driver_position_cmd
109.1419,velocity,1785151886.723078,0.992,/vehicle/driver_position_cmd
109.1428,position,1785151886.723078,1.875,/vehicle/driver_position_cmd
109.1792,velocity,1785151886.689456,0.756,/vehicle/rear_bogie_velocity
109.1801,position,1785151886.689456,1.620,/vehicle/rear_bogie_velocity
109.1917,velocity,1785151886.773091,0.956,/vehicle/driver_position_cmd
109.1925,position,1785151886.773091,1.801,/vehicle/driver_position_cmd
109.2425,velocity,1785151886.823113,0.820,/vehicle/driver_position_cmd
109.2433,position,1785151886.823113,1.659,/vehicle/driver_position_cmd
109.2795,velocity,1785151886.797415,0.582,/vehicle/rear_bogie_velocity
109.2803,position,1785151886.797415,1.318,/vehicle/rear_bogie_velocity
109.2920,velocity,1785151886.873090,0.935,/vehicle/driver_position_cmd
109.2927,position,1785151886.873090,1.629,/vehicle/driver_position_cmd
109.3416,velocity,1785151886.923071,0.218,/vehicle/driver_position_cmd
109.3418,position,1785151886.923071,0.416,/vehicle/driver_position_cmd
109.3814,velocity,1785151886.891398,0.222,/vehicle/rear_bogie_velocity
109.3815,position,1785151886.891398,0.340,/vehicle/rear_bogie_velocity
109.3919,velocity,1785151886.973101,0.323,/vehicle/driver_position_cmd
109.3922,position,1785151886.973101,0.553,/vehicle/driver_position_cmd
109.4419,velocity,1785151887.023104,0.429,/vehicle/driver_position_cmd
109.4422,position,1785151887.023104,0.813,/vehicle/driver_position_cmd
109.4790,velocity,1785151886.995365,0.608,/vehicle/rear_bogie_velocity
109.4797,position,1785151886.995365,1.335,/vehicle/rear_bogie_velocity
109.4923,velocity,1785151887.073112,0.763,/vehicle/driver_position_cmd
109.4932,position,1785151887.073112,1.659,/vehicle/driver_position_cmd
109.5419,velocity,1785151887.123083,0.584,/vehicle/driver_position_cmd
109.5425,position,1785151887.123083,1.159,/vehicle/driver_position_cmd
109.5824,velocity,1785151887.101340,0.609,/vehicle/rear_bogie_velocity
109.5831,position,1785151887.101340,1.324,/vehicle/rear_bogie_velocity
109.5926,velocity,1785151887.173090,0.910,/vehicle/driver_position_cmd
109.5934,position,1785151887.173090,1.723,/vehicle/driver_position_cmd
109.6424,velocity,1785151887.223103,1.170,/vehicle/driver_position_cmd
109.6431,position,1785151887.223103,1.860,/vehicle/driver_position_cmd
109.6802,velocity,1785151887.193300,0.379,/vehicle/rear_bogie_velocity
109.6807,position,1785151887.193300,0.863,/vehicle/rear_bogie_velocity
109.6931,velocity,1785151887.273086,0.909,/vehicle/driver_position_cmd
109.6939,position,1785151887.273086,1.686,/vehicle/driver_position_cmd
109.7438,velocity,1785151887.323092,0.967,/vehicle/driver_position_cmd
109.7449,position,1785151887.323092,2.028,/vehicle/driver_position_cmd
109.7814,velocity,1785151887.293280,0.627,/vehicle/rear_bogie_velocity
109.7822,position,1785151887.293280,1.426,/vehicle/rear_bogie_velocity
109.7927,velocity,1785151887.373088,0.862,/vehicle/driver_position_cmd
109.7934,position,1785151887.373088,1.556,/vehicle/driver_position_cmd
109.8426,velocity,1785151887.423110,0.774,/vehicle/driver_position_cmd
109.8433,position,1785151887.423110,1.484,/vehicle/driver_position_cmd
109.8811,velocity,1785151887.411746,0.562,/vehicle/rear_bogie_velocity
109.8819,position,1785151887.411746,1.311,/vehicle/rear_bogie_velocity
109.8938,velocity,1785151887.473123,0.826,/vehicle/driver_position_cmd
109.8942,position,1785151887.473123,1.230,/vehicle/driver_position_cmd
109.9427,velocity,1785151887.523091,0.787,/vehicle/driver_position_cmd
109.9431,position,1785151887.523091,1.219,/vehicle/driver_position_cmd
109.9801,velocity,1785151887.499221,0.533,/vehicle/rear_bogie_velocity
109.9808,position,1785151887.499221,1.255,/vehicle/rear_bogie_velocity
109.9933,velocity,1785151887.573104,0.541,/vehicle/driver_position_cmd
109.9940,position,1785151887.573104,1.287,/vehicle/driver_position_cmd
110.0421,velocity,1785151887.623111,0.773,/vehicle/driver_position_cmd
110.0428,position,1785151887.623111,1.494,/vehicle/driver_position_cmd
110.0795,velocity,1785151887.603205,0.511,/vehicle/rear_bogie_velocity
110.0802,position,1785151887.603205,1.277,/vehicle/rear_bogie_velocity
110.0920,velocity,1785151887.673070,0.769,/vehicle/driver_position_cmd
110.0924,position,1785151887.673070,1.146,/vehicle/driver_position_cmd
110.1443,velocity,1785151887.723079,0.597,/vehicle/driver_position_cmd
110.1449,position,1785151887.723079,1.148,/vehicle/driver_position_cmd
110.1798,velocity,1785151887.697228,0.661,/vehicle/rear_bogie_velocity
110.1807,position,1785151887.697228,1.522,/vehicle/rear_bogie_velocity
110.1924,velocity,1785151887.773097,0.660,/vehicle/driver_position_cmd
110.1930,position,1785151887.773097,1.261,/vehicle/driver_position_cmd
110.2466,velocity,1785151887.823096,0.563,/vehicle/driver_position_cmd
110.2474,position,1785151887.823096,1.451,/vehicle/driver_position_cmd
110.2797,velocity,1785151887.803136,0.747,/vehicle/rear_bogie_velocity
110.2801,position,1785151887.803136,1.185,/vehicle/rear_bogie_velocity
110.2963,velocity,1785151887.873091,0.517,/vehicle/driver_position_cmd
110.2968,position,1785151887.873091,1.019,/vehicle/driver_position_cmd
110.3415,velocity,1785151887.923076,1.252,/vehicle/driver_position_cmd
110.3424,position,1785151887.923076,2.223,/vehicle/driver_position_cmd
110.3779,velocity,1785151887.893108,0.479,/vehicle/front_bogie_velocity
110.3782,position,1785151887.893108,0.198,/vehicle/rear_bogie_velocity
110.3955,velocity,1785151887.973084,0.222,/vehicle/driver_position_cmd
110.3957,position,1785151887.973084,0.410,/vehicle/driver_position_cmd
110.4513,velocity,1785151888.023089,0.298,/vehicle/driver_position_cmd
110.4515,position,1785151888.023089,0.542,/vehicle/driver_position_cmd
110.4814,velocity,1785151888.001077,0.368,/vehicle/rear_bogie_velocity
110.4818,position,1785151888.001077,0.755,/vehicle/rear_bogie_velocity
110.4924,velocity,1785151888.073101,0.372,/vehicle/driver_position_cmd
110.4928,position,1785151888.073101,0.709,/vehicle/driver_position_cmd
110.5409,velocity,1785151888.123068,0.582,/vehicle/driver_position_cmd
110.5411,position,1785151888.123068,0.844,/vehicle/driver_position_cmd
110.5789,velocity,1785151888.103050,0.485,/vehicle/rear_bogie_velocity
110.5796,position,1785151888.103050,1.163,/vehicle/rear_bogie_velocity
110.5930,velocity,1785151888.173080,0.820,/vehicle/driver_position_cmd
110.5936,position,1785151888.173080,1.399,/vehicle/driver_position_cmd
110.6416,velocity,1785151888.223078,0.882,/vehicle/driver_position_cmd
110.6423,position,1785151888.223078,1.615,/vehicle/driver_position_cmd
110.6907,velocity,1785151888.195022,0.148,/vehicle/rear_bogie_velocity
110.6909,position,1785151888.195022,0.320,/vehicle/rear_bogie_velocity
110.6909,velocity,1785151888.273065,0.375,/vehicle/driver_position_cmd
110.6911,position,1785151888.273065,0.494,/vehicle/driver_position_cmd
110.7409,velocity,1785151888.323081,0.272,/vehicle/driver_position_cmd
110.7411,position,1785151888.323081,0.534,/vehicle/driver_position_cmd
110.7797,velocity,1785151888.290996,0.610,/vehicle/rear_bogie_velocity
110.7806,position,1785151888.290996,1.468,/vehicle/rear_bogie_velocity
110.7933,velocity,1785151888.373076,0.965,/vehicle/driver_position_cmd
110.7940,position,1785151888.373076,1.727,/vehicle/driver_position_cmd
110.8429,velocity,1785151888.423067,1.002,/vehicle/driver_position_cmd
110.8438,position,1785151888.423067,1.880,/vehicle/driver_position_cmd
110.8794,velocity,1785151888.408968,0.828,/vehicle/rear_bogie_velocity
110.8799,position,1785151888.408968,1.346,/vehicle/rear_bogie_velocity
110.8921,velocity,1785151888.473078,0.580,/vehicle/driver_position_cmd
110.8926,position,1785151888.473078,1.070,/vehicle/driver_position_cmd
110.9436,velocity,1785151888.523177,1.081,/vehicle/driver_position_cmd
110.9443,position,1785151888.523177,1.757,/vehicle/driver_position_cmd
110.9789,velocity,1785151888.550922,0.891,/vehicle/rear_bogie_velocity
110.9799,position,1785151888.550922,1.803,/vehicle/rear_bogie_velocity
110.9928,velocity,1785151888.573089,1.012,/vehicle/driver_position_cmd
110.9936,position,1785151888.573089,1.823,/vehicle/driver_position_cmd
111.0425,velocity,1785151888.623072,0.989,/vehicle/driver_position_cmd
111.0431,position,1785151888.623072,1.625,/vehicle/driver_position_cmd
111.0797,velocity,1785151888.600908,0.640,/vehicle/rear_bogie_velocity
111.0804,position,1785151888.600908,1.305,/vehicle/rear_bogie_velocity
111.0924,velocity,1785151888.673086,0.901,/vehicle/driver_position_cmd
111.0931,position,1785151888.673086,1.625,/vehicle/driver_position_cmd
111.1435,velocity,1785151888.723103,1.035,/vehicle/driver_position_cmd
111.1442,position,1785151888.723103,1.795,/vehicle/driver_position_cmd
111.1795,velocity,1785151888.690886,0.451,/vehicle/rear_bogie_velocity
111.1801,position,1785151888.690886,0.971,/vehicle/rear_bogie_velocity
111.1936,velocity,1785151888.773107,1.135,/vehicle/driver_position_cmd
111.1942,position,1785151888.773107,1.759,/vehicle/driver_position_cmd
111.2430,velocity,1785151888.823102,1.029,/vehicle/driver_position_cmd
111.2439,position,1785151888.823102,1.909,/vehicle/driver_position_cmd
111.2787,velocity,1785151888.794857,0.766,/vehicle/rear_bogie_velocity
111.2793,position,1785151888.794857,1.341,/vehicle/rear_bogie_velocity
111.2920,velocity,1785151888.873101,0.782,/vehicle/driver_position_cmd
111.2929,position,1785151888.873101,1.674,/vehicle/driver_position_cmd
111.3425,velocity,1785151888.923086,0.509,/vehicle/driver_position_cmd
111.3431,position,1785151888.923086,1.037,/vehicle/driver_position_cmd
111.3787,velocity,1785151888.888831,0.350,/vehicle/rear_bogie_velocity
111.3793,position,1785151888.888831,0.973,/vehicle/rear_bogie_velocity
111.3916,velocity,1785151888.973071,0.924,/vehicle/driver_position_cmd
111.3925,position,1785151888.973071,1.797,/vehicle/driver_position_cmd
111.4434,velocity,1785151889.023078,1.014,/vehicle/driver_position_cmd
111.4441,position,1785151889.023078,1.709,/vehicle/driver_position_cmd
111.4816,velocity,1785151888.994800,0.676,/vehicle/rear_bogie_velocity
111.4820,position,1785151888.994800,1.126,/vehicle/rear_bogie_velocity
111.4930,velocity,1785151889.073094,1.115,/vehicle/driver_position_cmd
111.4938,position,1785151889.073094,1.932,/vehicle/driver_position_cmd
111.5435,velocity,1785151889.123130,0.582,/vehicle/driver_position_cmd
111.5441,position,1785151889.123130,1.110,/vehicle/driver_position_cmd
111.5798,velocity,1785151889.098772,0.647,/vehicle/rear_bogie_velocity
111.5809,position,1785151889.098772,1.707,/vehicle/rear_bogie_velocity
111.5916,velocity,1785151889.173100,0.914,/vehicle/driver_position_cmd
111.5922,position,1785151889.173100,1.524,/vehicle/driver_position_cmd
111.6422,velocity,1785151889.223076,1.035,/vehicle/driver_position_cmd
111.6428,position,1785151889.223076,1.701,/vehicle/driver_position_cmd
111.6793,velocity,1785151889.188750,0.677,/vehicle/rear_bogie_velocity
111.6800,position,1785151889.188750,1.324,/vehicle/rear_bogie_velocity
111.6913,velocity,1785151889.273122,0.676,/vehicle/driver_position_cmd
111.6919,position,1785151889.273122,1.253,/vehicle/driver_position_cmd
111.7424,velocity,1785151889.323104,0.969,/vehicle/driver_position_cmd
111.7431,position,1785151889.323104,1.721,/vehicle/driver_position_cmd
111.7794,velocity,1785151889.296714,0.211,/vehicle/rear_bogie_velocity
111.7796,position,1785151889.296714,0.415,/vehicle/rear_bogie_velocity
111.7919,velocity,1785151889.373084,0.214,/vehicle/driver_position_cmd
111.7920,position,1785151889.373084,0.381,/vehicle/driver_position_cmd
111.8420,velocity,1785151889.423098,1.046,/vehicle/driver_position_cmd
111.8428,position,1785151889.423098,1.890,/vehicle/driver_position_cmd
111.8799,velocity,1785151889.406698,0.702,/vehicle/rear_bogie_velocity
111.8808,position,1785151889.406698,1.634,/vehicle/rear_bogie_velocity
111.8925,velocity,1785151889.473078,0.726,/vehicle/driver_position_cmd
111.8934,position,1785151889.473078,1.549,/vehicle/driver_position_cmd
111.9440,velocity,1785151889.523071,0.968,/vehicle/driver_position_cmd
111.9445,position,1785151889.523071,1.464,/vehicle/driver_position_cmd
111.9791,velocity,1785151889.500665,0.642,/vehicle/rear_bogie_velocity
111.9799,position,1785151889.500665,1.475,/vehicle/rear_bogie_velocity
111.9922,velocity,1785151889.573061,0.726,/vehicle/driver_position_cmd
111.9930,position,1785151889.573061,1.488,/vehicle/driver_position_cmd
112.0438,velocity,1785151889.623065,1.146,/vehicle/driver_position_cmd
112.0443,position,1785151889.623065,1.658,/vehicle/driver_position_cmd
112.0790,velocity,1785151889.602639,0.590,/vehicle/rear_bogie_velocity
112.0798,position,1785151889.602639,1.407,/vehicle/rear_bogie_velocity
112.0919,velocity,1785151889.673074,1.115,/vehicle/driver_position_cmd
112.0928,position,1785151889.673074,2.031,/vehicle/driver_position_cmd
112.1408,velocity,1785151889.723062,0.455,/vehicle/driver_position_cmd
112.1414,position,1785151889.723062,1.004,/vehicle/driver_position_cmd
112.1806,velocity,1785151889.694608,0.575,/vehicle/rear_bogie_velocity
112.1812,position,1785151889.694608,1.249,/vehicle/rear_bogie_velocity
112.1932,velocity,1785151889.773082,0.841,/vehicle/driver_position_cmd
112.1939,position,1785151889.773082,1.563,/vehicle/driver_position_cmd
112.2412,velocity,1785151889.823110,0.542,/vehicle/driver_position_cmd
112.2416,position,1785151889.823110,0.957,/vehicle/driver_position_cmd
112.2824,velocity,1785151889.802575,0.593,/vehicle/rear_bogie_velocity
112.2833,position,1785151889.802575,1.450,/vehicle/rear_bogie_velocity
112.2943,velocity,1785151889.873095,0.865,/vehicle/driver_position_cmd
112.2950,position,1785151889.873095,1.586,/vehicle/driver_position_cmd
112.3428,velocity,1785151889.923107,0.721,/vehicle/driver_position_cmd
112.3434,position,1785151889.923107,1.326,/vehicle/driver_position_cmd
112.3790,velocity,1785151889.900563,0.619,/vehicle/rear_bogie_velocity
112.3797,position,1785151889.900563,1.355,/vehicle/rear_bogie_velocity
112.3932,velocity,1785151889.973083,0.928,/vehicle/driver_position_cmd
112.3937,position,1785151889.973083,1.467,/vehicle/driver_position_cmd
112.4425,velocity,1785151890.023059,1.016,/vehicle/driver_position_cmd
112.4434,position,1785151890.023059,1.881,/vehicle/driver_position_cmd
112.4804,velocity,1785151890.004523,0.676,/vehicle/rear_bogie_velocity
112.4813,position,1785151890.004523,1.577,/vehicle/rear_bogie_velocity
112.4928,velocity,1785151890.073081,1.057,/vehicle/driver_position_cmd
112.4934,position,1785151890.073081,1.664,/vehicle/driver_position_cmd
112.5418,velocity,1785151890.123100,0.544,/vehicle/driver_position_cmd
112.5423,position,1785151890.123100,1.125,/vehicle/driver_position_cmd
112.5787,velocity,1785151890.104503,0.591,/vehicle/rear_bogie_velocity
112.5796,position,1785151890.104503,1.512,/vehicle/rear_bogie_velocity
112.5924,velocity,1785151890.173112,0.931,/vehicle/driver_position_cmd
112.5932,position,1785151890.173112,1.775,/vehicle/driver_position_cmd
112.6428,velocity,1785151890.223105,0.996,/vehicle/driver_position_cmd
112.6435,position,1785151890.223105,1.737,/vehicle/driver_position_cmd
112.6793,velocity,1785151890.192472,0.948,/vehicle/rear_bogie_velocity
112.6801,position,1785151890.192472,1.776,/vehicle/rear_bogie_velocity
112.6932,velocity,1785151890.273067,0.889,/vehicle/driver_position_cmd
112.6939,position,1785151890.273067,1.588,/vehicle/driver_position_cmd
112.7435,velocity,1785151890.323130,0.994,/vehicle/driver_position_cmd
112.7442,position,1785151890.323130,1.711,/vehicle/driver_position_cmd
112.7804,velocity,1785151890.298444,0.661,/vehicle/rear_bogie_velocity
112.7812,position,1785151890.298444,1.412,/vehicle/rear_bogie_velocity
112.7924,velocity,1785151890.373065,0.964,/vehicle/driver_position_cmd
112.7932,position,1785151890.373065,1.820,/vehicle/driver_position_cmd
112.8429,velocity,1785151890.423084,1.005,/vehicle/driver_position_cmd
112.8438,position,1785151890.423084,1.891,/vehicle/driver_position_cmd
112.8792,velocity,1785151890.408413,0.625,/vehicle/rear_bogie_velocity
112.8800,position,1785151890.408413,1.403,/vehicle/rear_bogie_velocity
112.8925,velocity,1785151890.473075,0.920,/vehicle/driver_position_cmd
112.8932,position,1785151890.473075,1.622,/vehicle/driver_position_cmd
112.9423,velocity,1785151890.523083,0.695,/vehicle/driver_position_cmd
112.9428,position,1785151890.523083,1.133,/vehicle/driver_position_cmd
112.9783,velocity,1785151890.536380,0.778,/vehicle/rear_bogie_velocity
112.9790,position,1785151890.536380,1.514,/vehicle/rear_bogie_velocity
112.9916,velocity,1785151890.573069,0.728,/vehicle/driver_position_cmd
112.9924,position,1785151890.573069,1.470,/vehicle/driver_position_cmd
113.0418,velocity,1785151890.623060,0.842,/vehicle/driver_position_cmd
113.0422,position,1785151890.623060,1.236,/vehicle/driver_position_cmd
113.0780,velocity,1785151890.590361,0.495,/vehicle/rear_bogie_velocity
113.0787,position,1785151890.590361,1.164,/vehicle/rear_bogie_velocity
113.0911,velocity,1785151890.673068,0.448,/vehicle/driver_position_cmd
113.0915,position,1785151890.673068,0.825,/vehicle/driver_position_cmd
113.1420,velocity,1785151890.723077,0.917,/vehicle/driver_position_cmd
113.1427,position,1785151890.723077,1.598,/vehicle/driver_position_cmd
113.1795,velocity,1785151890.688329,0.536,/vehicle/rear_bogie_velocity
113.1803,position,1785151890.688329,1.323,/vehicle/rear_bogie_velocity
113.1914,velocity,1785151890.773059,0.740,/vehicle/driver_position_cmd
113.1922,position,1785151890.773059,1.594,/vehicle/driver_position_cmd
113.2424,velocity,1785151890.823087,0.520,/vehicle/driver_position_cmd
113.2428,position,1785151890.823087,0.915,/vehicle/driver_position_cmd
113.2788,velocity,1785151890.796304,0.375,/vehicle/rear_bogie_velocity
113.2792,position,1785151890.796304,0.740,/vehicle/rear_bogie_velocity
113.2941,velocity,1785151890.873066,0.358,/vehicle/driver_position_cmd
113.2945,position,1785151890.873066,0.718,/vehicle/driver_position_cmd
113.3512,velocity,1785151890.923088,0.869,/vehicle/driver_position_cmd
113.3520,position,1785151890.923088,1.652,/vehicle/driver_position_cmd
113.3845,velocity,1785151890.890274,0.527,/vehicle/rear_bogie_velocity
113.3852,position,1785151890.890274,1.275,/vehicle/rear_bogie_velocity
113.3914,velocity,1785151890.973059,0.787,/vehicle/driver_position_cmd
113.3921,position,1785151890.973059,1.496,/vehicle/driver_position_cmd
113.4515,velocity,1785151891.023096,0.811,/vehicle/driver_position_cmd
113.4522,position,1785151891.023096,1.561,/vehicle/driver_position_cmd
113.4842,velocity,1785151890.998248,0.541,/vehicle/rear_bogie_velocity
113.4849,position,1785151890.998248,1.257,/vehicle/rear_bogie_velocity
113.4924,velocity,1785151891.073080,0.570,/vehicle/driver_position_cmd
113.4932,position,1785151891.073080,1.326,/vehicle/driver_position_cmd
113.5421,velocity,1785151891.123095,0.772,/vehicle/driver_position_cmd
113.5425,position,1785151891.123095,1.168,/vehicle/driver_position_cmd
113.5879,velocity,1785151891.098235,0.533,/vehicle/rear_bogie_velocity
113.5886,position,1785151891.098235,1.254,/vehicle/rear_bogie_velocity
113.5906,velocity,1785151891.173084,0.509,/vehicle/driver_position_cmd
113.5912,position,1785151891.173084,1.030,/vehicle/driver_position_cmd
113.6428,velocity,1785151891.223095,0.966,/vehicle/driver_position_cmd
113.6436,position,1785151891.223095,1.802,/vehicle/driver_position_cmd
113.6799,velocity,1785151891.188197,0.667,/vehicle/rear_bogie_velocity
113.6807,position,1785151891.188197,1.547,/vehicle/rear_bogie_velocity
113.6924,velocity,1785151891.273092,0.886,/vehicle/driver_position_cmd
113.6932,position,1785151891.273092,1.719,/vehicle/driver_position_cmd
113.7422,velocity,1785151891.323073,0.996,/vehicle/driver_position_cmd
113.7429,position,1785151891.323073,1.653,/vehicle/driver_position_cmd
113.7792,velocity,1785151891.304166,0.654,/vehicle/rear_bogie_velocity
113.7799,position,1785151891.304166,1.262,/vehicle/rear_bogie_velocity
113.7926,velocity,1785151891.373102,0.837,/vehicle/driver_position_cmd
113.7935,position,1785151891.373102,1.714,/vehicle/driver_position_cmd
113.8421,velocity,1785151891.423067,0.767,/vehicle/driver_position_cmd
113.8427,position,1785151891.423067,1.388,/vehicle/driver_position_cmd
113.8790,velocity,1785151891.402140,0.624,/vehicle/rear_bogie_velocity
113.8798,position,1785151891.402140,1.463,/vehicle/rear_bogie_velocity
113.8938,velocity,1785151891.473077,0.579,/vehicle/driver_position_cmd
113.8943,position,1785151891.473077,1.086,/vehicle/driver_position_cmd
113.9427,velocity,1785151891.523084,1.173,/vehicle/driver_position_cmd
113.9434,position,1785151891.523084,1.873,/vehicle/driver_position_cmd
113.9786,velocity,1785151891.494158,0.583,/vehicle/rear_bogie_velocity
113.9795,position,1785151891.494158,1.438,/vehicle/rear_bogie_velocity
113.9928,velocity,1785151891.573088,0.956,/vehicle/driver_position_cmd
113.9935,position,1785151891.573088,1.710,/vehicle/driver_position_cmd
114.0527,velocity,1785151891.623082,0.917,/vehicle/driver_position_cmd
114.0533,position,1785151891.623082,1.564,/vehicle/driver_position_cmd
114.0817,velocity,1785151891.602081,0.574,/vehicle/rear_bogie_velocity
114.0824,position,1785151891.602081,1.285,/vehicle/rear_bogie_velocity
114.0961,velocity,1785151891.673082,0.875,/vehicle/driver_position_cmd
114.0969,position,1785151891.673082,1.694,/vehicle/driver_position_cmd
114.1503,velocity,1785151891.723111,0.966,/vehicle/driver_position_cmd
114.1511,position,1785151891.723111,1.759,/vehicle/driver_position_cmd
114.1796,velocity,1785151891.696054,0.561,/vehicle/rear_bogie_velocity
114.1805,position,1785151891.696054,1.422,/vehicle/rear_bogie_velocity
114.1922,velocity,1785151891.773088,0.999,/vehicle/driver_position_cmd
114.1928,position,1785151891.773088,1.612,/vehicle/driver_position_cmd
114.2424,velocity,1785151891.823073,1.032,/vehicle/driver_position_cmd
114.2430,position,1785151891.823073,1.684,/vehicle/driver_position_cmd
114.2808,velocity,1785151891.802030,0.780,/vehicle/rear_bogie_velocity
114.2817,position,1785151891.802030,1.660,/vehicle/rear_bogie_velocity
114.2931,velocity,1785151891.873089,0.760,/vehicle/driver_position_cmd
114.2940,position,1785151891.873089,1.634,/vehicle/driver_position_cmd
114.3473,velocity,1785151891.923119,0.966,/vehicle/driver_position_cmd
114.3480,position,1785151891.923119,1.662,/vehicle/driver_position_cmd
114.3806,velocity,1785151891.899998,0.318,/vehicle/rear_bogie_velocity
114.3813,position,1785151891.899998,0.997,/vehicle/rear_bogie_velocity
114.3954,velocity,1785151891.973133,0.936,/vehicle/driver_position_cmd
114.3961,position,1785151891.973133,1.689,/vehicle/driver_position_cmd
114.4449,velocity,1785151892.023086,1.035,/vehicle/driver_position_cmd
114.4458,position,1785151892.023086,1.960,/vehicle/driver_position_cmd
114.4839,velocity,1785151892.003974,0.379,/vehicle/rear_bogie_velocity
114.4845,position,1785151892.003974,0.940,/vehicle/rear_bogie_velocity
114.4941,velocity,1785151892.073107,0.811,/vehicle/driver_position_cmd
114.4947,position,1785151892.073107,1.409,/vehicle/driver_position_cmd
114.5470,velocity,1785151892.123072,0.524,/vehicle/driver_position_cmd
114.5477,position,1785151892.123072,1.185,/vehicle/driver_position_cmd
114.5793,velocity,1785151892.105951,0.657,/vehicle/rear_bogie_velocity
114.5800,position,1785151892.105951,1.335,/vehicle/rear_bogie_velocity
114.5924,velocity,1785151892.173095,0.942,/vehicle/driver_position_cmd
114.5930,position,1785151892.173095,1.573,/vehicle/driver_position_cmd
114.6429,velocity,1785151892.223105,0.982,/vehicle/driver_position_cmd
114.6438,position,1785151892.223105,1.886,/vehicle/driver_position_cmd
114.6796,velocity,1785151892.201922,0.569,/vehicle/rear_bogie_velocity
114.6805,position,1785151892.201922,1.446,/vehicle/rear_bogie_velocity
114.6934,velocity,1785151892.273097,1.036,/vehicle/driver_position_cmd
114.6941,position,1785151892.273097,1.763,/vehicle/driver_position_cmd
114.7427,velocity,1785151892.323082,0.917,/vehicle/driver_position_cmd
114.7433,position,1785151892.323082,1.532,/vehicle/driver_position_cmd
114.7808,velocity,1785151892.305891,0.659,/vehicle/rear_bogie_velocity
114.7816,position,1785151892.305891,1.519,/vehicle/rear_bogie_velocity
114.7935,velocity,1785151892.373085,0.913,/vehicle/driver_position_cmd
114.7943,position,1785151892.373085,1.753,/vehicle/driver_position_cmd
114.8418,velocity,1785151892.423068,0.957,/vehicle/driver_position_cmd
114.8426,position,1785151892.423068,1.795,/vehicle/driver_position_cmd
114.8795,velocity,1785151892.425855,0.874,/vehicle/rear_bogie_velocity
114.8804,position,1785151892.425855,1.759,/vehicle/rear_bogie_velocity
114.8934,velocity,1785151892.473097,0.976,/vehicle/driver_position_cmd
114.8941,position,1785151892.473097,1.701,/vehicle/driver_position_cmd
114.9430,velocity,1785151892.523132,0.777,/vehicle/driver_position_cmd
114.9439,position,1785151892.523132,1.677,/vehicle/driver_position_cmd
114.9792,velocity,1785151892.495839,0.633,/vehicle/rear_bogie_velocity
114.9801,position,1785151892.495839,1.523,/vehicle/rear_bogie_velocity
114.9916,velocity,1785151892.573055,0.866,/vehicle/driver_position_cmd
114.9924,position,1785151892.573055,1.611,/vehicle/driver_position_cmd
115.0434,velocity,1785151892.623101,1.019,/vehicle/driver_position_cmd
115.0441,position,1785151892.623101,1.743,/vehicle/driver_position_cmd
115.0787,velocity,1785151892.599810,0.664,/vehicle/rear_bogie_velocity
115.0796,position,1785151892.599810,1.502,/vehicle/rear_bogie_velocity
115.0925,velocity,1785151892.673084,1.028,/vehicle/driver_position_cmd
115.0933,position,1785151892.673084,1.791,/vehicle/driver_position_cmd
115.1419,velocity,1785151892.723094,0.995,/vehicle/driver_position_cmd
115.1427,position,1785151892.723094,1.874,/vehicle/driver_position_cmd
115.1797,velocity,1785151892.699783,0.569,/vehicle/rear_bogie_velocity
115.1807,position,1785151892.699783,1.553,/vehicle/rear_bogie_velocity
115.1926,velocity,1785151892.773057,0.993,/vehicle/driver_position_cmd
115.1935,position,1785151892.773057,1.902,/vehicle/driver_position_cmd
115.2429,velocity,1785151892.823096,1.050,/vehicle/driver_position_cmd
115.2439,position,1785151892.823096,2.042,/vehicle/driver_position_cmd
115.2786,velocity,1785151892.801747,0.613,/vehicle/rear_bogie_velocity
115.2792,position,1785151892.801747,1.229,/vehicle/rear_bogie_velocity
115.2920,velocity,1785151892.873057,0.834,/vehicle/driver_position_cmd
115.2929,position,1785151892.873057,1.732,/vehicle/driver_position_cmd
115.3432,velocity,1785151892.923094,0.657,/vehicle/driver_position_cmd
115.3440,position,1785151892.923094,1.454,/vehicle/driver_position_cmd
115.3786,velocity,1785151892.889722,0.481,/vehicle/rear_bogie_velocity
115.3795,position,1785151892.889722,1.297,/vehicle/rear_bogie_velocity
115.3916,velocity,1785151892.973087,0.954,/vehicle/driver_position_cmd
115.3925,position,1785151892.973087,1.839,/vehicle/driver_position_cmd
115.4434,velocity,1785151893.023085,1.009,/vehicle/driver_position_cmd
115.4442,position,1785151893.023085,1.804,/vehicle/driver_position_cmd
115.4796,velocity,1785151892.999691,0.585,/vehicle/rear_bogie_velocity
115.4805,position,1785151892.999691,1.450,/vehicle/rear_bogie_velocity
115.4932,velocity,1785151893.073096,0.945,/vehicle/driver_position_cmd
115.4941,position,1785151893.073096,1.807,/vehicle/driver_position_cmd
115.5430,velocity,1785151893.123070,1.806,/vehicle/driver_position_cmd
115.5436,position,1785151893.123070,2.454,/vehicle/driver_position_cmd
115.5807,velocity,1785151893.099666,0.641,/vehicle/rear_bogie_velocity
115.5815,position,1785151893.099666,1.489,/vehicle/rear_bogie_velocity
115.5925,velocity,1785151893.173061,0.960,/vehicle/driver_position_cmd
115.5933,position,1785151893.173061,1.824,/vehicle/driver_position_cmd
115.6418,velocity,1785151893.223103,0.975,/vehicle/driver_position_cmd
115.6426,position,1785151893.223103,1.724,/vehicle/driver_position_cmd
115.6794,velocity,1785151893.193642,0.583,/vehicle/rear_bogie_velocity
115.6798,position,1785151893.193642,1.015,/vehicle/rear_bogie_velocity
115.6928,velocity,1785151893.273076,0.885,/vehicle/driver_position_cmd
115.6934,position,1785151893.273076,1.530,/vehicle/driver_position_cmd
115.7425,velocity,1785151893.323094,0.693,/vehicle/driver_position_cmd
115.7433,position,1785151893.323094,1.518,/vehicle/driver_position_cmd
115.7795,velocity,1785151893.347594,0.778,/vehicle/rear_bogie_velocity
115.7803,position,1785151893.347594,1.546,/vehicle/rear_bogie_velocity
115.7914,velocity,1785151893.373101,0.792,/vehicle/driver_position_cmd
115.7921,position,1785151893.373101,1.516,/vehicle/driver_position_cmd
115.8415,velocity,1785151893.423076,0.567,/vehicle/driver_position_cmd
115.8423,position,1785151893.423076,1.335,/vehicle/driver_position_cmd
115.8775,velocity,1785151893.395582,0.464,/vehicle/rear_bogie_velocity
115.8782,position,1785151893.395582,1.177,/vehicle/rear_bogie_velocity
115.8922,velocity,1785151893.473082,0.756,/vehicle/driver_position_cmd
115.8926,position,1785151893.473082,1.124,/vehicle/driver_position_cmd
115.9509,velocity,1785151893.523097,0.817,/vehicle/driver_position_cmd
115.9515,position,1785151893.523097,1.466,/vehicle/driver_position_cmd
115.9878,velocity,1785151893.495562,0.875,/vehicle/rear_bogie_velocity
115.9886,position,1785151893.495562,1.672,/vehicle/rear_bogie_velocity
115.9908,velocity,1785151893.573122,0.458,/vehicle/driver_position_cmd
115.9912,position,1785151893.573122,0.869,/vehicle/driver_position_cmd
116.0420,velocity,1785151893.623083,0.788,/vehicle/driver_position_cmd
116.0424,position,1785151893.623083,1.165,/vehicle/driver_position_cmd
116.0805,velocity,1785151893.597527,0.453,/vehicle/rear_bogie_velocity
116.0812,position,1785151893.597527,1.156,/vehicle/rear_bogie_velocity
116.0927,velocity,1785151893.673085,0.711,/vehicle/driver_position_cmd
116.0934,position,1785151893.673085,1.407,/vehicle/driver_position_cmd
116.1420,velocity,1785151893.723062,0.885,/vehicle/driver_position_cmd
116.1425,position,1785151893.723062,1.399,/vehicle/driver_position_cmd
116.1855,velocity,1785151893.695497,0.541,/vehicle/rear_bogie_velocity
116.1863,position,1785151893.695497,1.334,/vehicle/rear_bogie_velocity
116.1925,velocity,1785151893.773095,0.684,/vehicle/driver_position_cmd
116.1936,position,1785151893.773095,1.790,/vehicle/driver_position_cmd
116.2477,velocity,1785151893.823085,0.496,/vehicle/driver_position_cmd
116.2485,position,1785151893.823085,1.314,/vehicle/driver_position_cmd
116.2874,velocity,1785151893.797469,0.816,/vehicle/rear_bogie_velocity
116.2887,position,1785151893.797469,2.087,/vehicle/rear_bogie_velocity
116.2907,velocity,1785151893.873072,0.423,/vehicle/driver_position_cmd
116.2911,position,1785151893.873072,0.801,/vehicle/driver_position_cmd
116.3522,velocity,1785151893.923080,0.843,/vehicle/driver_position_cmd
116.3529,position,1785151893.923080,1.534,/vehicle/driver_position_cmd
116.3787,velocity,1785151893.895444,0.517,/vehicle/rear_bogie_velocity
116.3795,position,1785151893.895444,1.295,/vehicle/rear_bogie_velocity
116.3944,velocity,1785151893.973094,0.586,/vehicle/driver_position_cmd
116.3958,position,1785151893.973094,1.947,/vehicle/driver_position_cmd
116.4450,velocity,1785151894.023068,0.816,/vehicle/driver_position_cmd
116.4458,position,1785151894.023068,1.554,/vehicle/driver_position_cmd
116.4839,velocity,1785151893.999421,0.804,/vehicle/rear_bogie_velocity
116.4842,position,1785151893.999421,1.191,/vehicle/rear_bogie_velocity
116.4935,velocity,1785151894.073076,0.777,/vehicle/driver_position_cmd
116.4942,position,1785151894.073076,1.499,/vehicle/driver_position_cmd
116.5435,velocity,1785151894.123078,1.586,/vehicle/driver_position_cmd
116.5440,position,1785151894.123078,2.098,/vehicle/driver_position_cmd
116.5824,velocity,1785151894.115383,0.442,/vehicle/rear_bogie_velocity
116.5832,position,1785151894.115383,1.160,/vehicle/rear_bogie_velocity
116.5942,velocity,1785151894.173116,0.942,/vehicle/driver_position_cmd
116.5951,position,1785151894.173116,1.887,/vehicle/driver_position_cmd
116.6492,velocity,1785151894.223067,0.976,/vehicle/driver_position_cmd
116.6500,position,1785151894.223067,1.838,/vehicle/driver_position_cmd
116.6845,velocity,1785151894.199358,0.616,/vehicle/rear_bogie_velocity
116.6855,position,1785151894.199358,1.528,/vehicle/rear_bogie_velocity
116.6949,velocity,1785151894.273079,0.917,/vehicle/driver_position_cmd
116.6957,position,1785151894.273079,1.722,/vehicle/driver_position_cmd
116.7438,velocity,1785151894.323077,1.032,/vehicle/driver_position_cmd
116.7444,position,1785151894.323077,1.651,/vehicle/driver_position_cmd
116.7815,velocity,1785151894.303329,0.627,/vehicle/rear_bogie_velocity
116.7826,position,1785151894.303329,1.707,/vehicle/rear_bogie_velocity
116.7964,velocity,1785151894.373070,0.959,/vehicle/driver_position_cmd
116.7973,position,1785151894.373070,1.808,/vehicle/driver_position_cmd
116.8517,velocity,1785151894.423085,0.973,/vehicle/driver_position_cmd
116.8525,position,1785151894.423085,1.714,/vehicle/driver_position_cmd
116.8850,velocity,1785151894.409300,0.671,/vehicle/rear_bogie_velocity
116.8859,position,1785151894.409300,1.554,/vehicle/rear_bogie_velocity
116.8946,velocity,1785151894.473082,0.823,/vehicle/driver_position_cmd
116.8951,position,1785151894.473082,1.330,/vehicle/driver_position_cmd
116.9524,velocity,1785151894.523087,0.988,/vehicle/driver_position_cmd
116.9533,position,1785151894.523087,1.864,/vehicle/driver_position_cmd
116.9856,velocity,1785151894.499275,0.605,/vehicle/rear_bogie_velocity
116.9864,position,1785151894.499275,1.502,/vehicle/rear_bogie_velocity
116.9930,velocity,1785151894.573068,0.954,/vehicle/driver_position_cmd
116.9939,position,1785151894.573068,1.794,/vehicle/driver_position_cmd
117.0529,velocity,1785151894.623087,1.022,/vehicle/driver_position_cmd
117.0535,position,1785151894.623087,1.667,/vehicle/driver_position_cmd
117.0804,velocity,1785151894.603242,0.684,/vehicle/rear_bogie_velocity
117.0811,position,1785151894.603242,1.462,/vehicle/rear_bogie_velocity
117.0944,velocity,1785151894.673081,0.979,/vehicle/driver_position_cmd
117.0953,position,1785151894.673081,1.868,/vehicle/driver_position_cmd
117.1439,velocity,1785151894.723086,1.020,/vehicle/driver_position_cmd
117.1445,position,1785151894.723086,1.682,/vehicle/driver_position_cmd
117.1861,velocity,1785151894.689221,0.686,/vehicle/rear_bogie_velocity
117.1868,position,1785151894.689221,1.341,/vehicle/rear_bogie_velocity
117.1930,velocity,1785151894.773057,1.017,/vehicle/driver_position_cmd
117.1940,position,1785151894.773057,1.957,/vehicle/driver_position_cmd
117.2441,velocity,1785151894.823109,1.106,/vehicle/driver_position_cmd
117.2447,position,1785151894.823109,1.785,/vehicle/driver_position_cmd
117.2837,velocity,1785151894.795187,0.609,/vehicle/rear_bogie_velocity
117.2844,position,1785151894.795187,1.283,/vehicle/rear_bogie_velocity
117.2951,velocity,1785151894.873111,0.629,/vehicle/driver_position_cmd
117.2958,position,1785151894.873111,1.273,/vehicle/driver_position_cmd
117.3446,velocity,1785151894.923108,0.676,/vehicle/driver_position_cmd
117.3454,position,1785151894.923108,1.435,/vehicle/driver_position_cmd
117.3790,velocity,1785151894.889165,0.338,/vehicle/rear_bogie_velocity
117.3797,position,1785151894.889165,1.010,/vehicle/rear_bogie_velocity
117.3926,velocity,1785151894.973105,0.767,/vehicle/driver_position_cmd
117.3933,position,1785151894.973105,1.528,/vehicle/driver_position_cmd
117.4466,velocity,1785151895.023084,1.072,/vehicle/driver_position_cmd
117.4474,position,1785151895.023084,1.846,/vehicle/driver_position_cmd
117.4800,velocity,1785151894.997134,0.708,/vehicle/rear_bogie_velocity
117.4810,position,1785151894.997134,1.636,/vehicle/rear_bogie_velocity
117.4974,velocity,1785151895.073104,1.025,/vehicle/driver_position_cmd
117.4983,position,1785151895.073104,1.960,/vehicle/driver_position_cmd
117.5440,velocity,1785151895.123119,1.685,/vehicle/driver_position_cmd
117.5447,position,1785151895.123119,2.380,/vehicle/driver_position_cmd
117.5850,velocity,1785151895.099112,0.630,/vehicle/rear_bogie_velocity
117.5859,position,1785151895.099112,1.512,/vehicle/rear_bogie_velocity
117.5928,velocity,1785151895.173122,0.923,/vehicle/driver_position_cmd
117.5936,position,1785151895.173122,1.741,/vehicle/driver_position_cmd
117.6435,velocity,1785151895.223062,1.015,/vehicle/driver_position_cmd
117.6441,position,1785151895.223062,1.665,/vehicle/driver_position_cmd
117.6807,velocity,1785151895.189081,0.638,/vehicle/rear_bogie_velocity
117.6816,position,1785151895.189081,1.493,/vehicle/rear_bogie_velocity
117.6931,velocity,1785151895.273190,0.951,/vehicle/driver_position_cmd
117.6940,position,1785151895.273190,1.819,/vehicle/driver_position_cmd
117.7434,velocity,1785151895.323122,0.997,/vehicle/driver_position_cmd
117.7440,position,1785151895.323122,1.617,/vehicle/driver_position_cmd
117.7804,velocity,1785151895.293049,0.614,/vehicle/rear_bogie_velocity
117.7810,position,1785151895.293049,1.265,/vehicle/rear_bogie_velocity
117.7927,velocity,1785151895.373149,0.878,/vehicle/driver_position_cmd
117.7936,position,1785151895.373149,1.786,/vehicle/driver_position_cmd
117.8444,velocity,1785151895.423061,1.059,/vehicle/driver_position_cmd
117.8451,position,1785151895.423061,1.743,/vehicle/driver_position_cmd
117.8808,velocity,1785151895.407021,0.688,/vehicle/rear_bogie_velocity
117.8817,position,1785151895.407021,1.537,/vehicle/rear_bogie_velocity
117.8935,velocity,1785151895.473130,0.940,/vehicle/driver_position_cmd
117.8944,position,1785151895.473130,1.859,/vehicle/driver_position_cmd
117.9442,velocity,1785151895.523095,0.997,/vehicle/driver_position_cmd
117.9449,position,1785151895.523095,1.620,/vehicle/driver_position_cmd
117.9817,velocity,1785151895.498996,0.612,/vehicle/rear_bogie_velocity
117.9824,position,1785151895.498996,1.314,/vehicle/rear_bogie_velocity
117.9926,velocity,1785151895.573111,0.887,/vehicle/driver_position_cmd
117.9932,position,1785151895.573111,1.478,/vehicle/driver_position_cmd
118.0420,velocity,1785151895.623092,1.025,/vehicle/driver_position_cmd
118.0429,position,1785151895.623092,1.975,/vehicle/driver_position_cmd
118.0791,velocity,1785151895.600966,0.594,/vehicle/rear_bogie_velocity
118.0800,position,1785151895.600966,1.405,/vehicle/rear_bogie_velocity
118.0922,velocity,1785151895.673110,0.705,/vehicle/driver_position_cmd
118.0928,position,1785151895.673110,1.317,/vehicle/driver_position_cmd
118.1448,velocity,1785151895.723110,0.968,/vehicle/driver_position_cmd
118.1454,position,1785151895.723110,1.552,/vehicle/driver_position_cmd
118.1790,velocity,1785151895.688939,0.613,/vehicle/rear_bogie_velocity
118.1797,position,1785151895.688939,1.264,/vehicle/rear_bogie_velocity
118.1927,velocity,1785151895.773110,0.896,/vehicle/driver_position_cmd
118.1935,position,1785151895.773110,1.750,/vehicle/driver_position_cmd
118.2424,velocity,1785151895.823072,0.374,/vehicle/driver_position_cmd
118.2428,position,1785151895.823072,0.759,/vehicle/driver_position_cmd
118.2798,velocity,1785151895.796912,0.413,/vehicle/rear_bogie_velocity
118.2802,position,1785151895.796912,0.814,/vehicle/rear_bogie_velocity
118.2920,velocity,1785151895.873105,0.500,/vehicle/driver_position_cmd
118.2924,position,1785151895.873105,0.932,/vehicle/driver_position_cmd
118.3435,velocity,1785151895.923081,0.977,/vehicle/driver_position_cmd
118.3441,position,1785151895.923081,1.637,/vehicle/driver_position_cmd
118.3796,velocity,1785151895.894883,0.572,/vehicle/rear_bogie_velocity
118.3806,position,1785151895.894883,1.621,/vehicle/rear_bogie_velocity
118.3935,velocity,1785151895.973109,0.960,/vehicle/driver_position_cmd
118.3942,position,1785151895.973109,1.704,/vehicle/driver_position_cmd
118.4416,velocity,1785151896.023083,0.716,/vehicle/driver_position_cmd
118.4422,position,1785151896.023083,1.344,/vehicle/driver_position_cmd
118.4801,velocity,1785151896.054840,0.892,/vehicle/rear_bogie_velocity
118.4809,position,1785151896.054840,1.773,/vehicle/rear_bogie_velocity
118.4924,velocity,1785151896.073085,0.906,/vehicle/driver_position_cmd
118.4931,position,1785151896.073085,1.593,/vehicle/driver_position_cmd
118.5428,velocity,1785151896.123092,1.927,/vehicle/driver_position_cmd
118.5437,position,1785151896.123092,2.775,/vehicle/driver_position_cmd
118.5793,velocity,1785151896.113254,0.422,/vehicle/rear_bogie_velocity
118.5799,position,1785151896.113254,1.013,/vehicle/rear_bogie_velocity
118.5908,velocity,1785151896.173066,0.419,/vehicle/driver_position_cmd
118.5912,position,1785151896.173066,0.781,/vehicle/driver_position_cmd
118.6432,velocity,1785151896.223076,0.961,/vehicle/driver_position_cmd
118.6438,position,1785151896.223076,1.541,/vehicle/driver_position_cmd
118.6795,velocity,1785151896.196803,0.464,/vehicle/rear_bogie_velocity
118.6798,position,1785151896.196803,0.854,/vehicle/rear_bogie_velocity
118.6912,velocity,1785151896.273080,0.749,/vehicle/driver_position_cmd
118.6916,position,1785151896.273080,1.143,/vehicle/driver_position_cmd
118.7436,velocity,1785151896.323082,1.011,/vehicle/driver_position_cmd
118.7442,position,1785151896.323082,1.658,/vehicle/driver_position_cmd
118.7796,velocity,1785151896.300782,0.529,/vehicle/rear_bogie_velocity
118.7802,position,1785151896.300782,1.148,/vehicle/rear_bogie_velocity
118.7931,velocity,1785151896.373073,0.880,/vehicle/driver_position_cmd
118.7939,position,1785151896.373073,1.684,/vehicle/driver_position_cmd
118.8417,velocity,1785151896.423086,0.746,/vehicle/driver_position_cmd
118.8424,position,1785151896.423086,1.477,/vehicle/driver_position_cmd
118.8794,velocity,1785151896.408755,0.500,/vehicle/rear_bogie_velocity
118.8802,position,1785151896.408755,1.261,/vehicle/rear_bogie_velocity
118.8924,velocity,1785151896.473093,0.819,/vehicle/driver_position_cmd
118.8929,position,1785151896.473093,1.249,/vehicle/driver_position_cmd
118.9432,velocity,1785151896.523108,0.800,/vehicle/driver_position_cmd
118.9439,position,1785151896.523108,1.516,/vehicle/driver_position_cmd
118.9801,velocity,1785151896.500728,0.546,/vehicle/rear_bogie_velocity
118.9808,position,1785151896.500728,1.270,/vehicle/rear_bogie_velocity
118.9928,velocity,1785151896.573087,0.787,/vehicle/driver_position_cmd
118.9935,position,1785151896.573087,1.471,/vehicle/driver_position_cmd
119.0514,velocity,1785151896.623072,0.916,/vehicle/driver_position_cmd
119.0521,position,1785151896.623072,1.613,/vehicle/driver_position_cmd
119.0806,velocity,1785151896.606711,0.495,/vehicle/rear_bogie_velocity
119.0814,position,1785151896.606711,1.229,/vehicle/rear_bogie_velocity
119.0931,velocity,1785151896.673114,0.384,/vehicle/driver_position_cmd
119.0934,position,1785151896.673114,0.724,/vehicle/driver_position_cmd
119.1515,velocity,1785151896.723056,0.968,/vehicle/driver_position_cmd
119.1519,position,1785151896.723056,1.330,/vehicle/driver_position_cmd
119.1782,velocity,1785151896.690678,0.409,/vehicle/rear_bogie_velocity
119.1786,position,1785151896.690678,0.795,/vehicle/rear_bogie_velocity
119.1919,velocity,1785151896.773104,0.435,/vehicle/driver_position_cmd
119.1922,position,1785151896.773104,0.729,/vehicle/driver_position_cmd
119.2413,velocity,1785151896.823099,0.326,/vehicle/driver_position_cmd
119.2415,position,1785151896.823099,0.600,/vehicle/driver_position_cmd
119.2774,velocity,1785151896.798644,0.284,/vehicle/rear_bogie_velocity
119.2776,position,1785151896.798644,0.543,/vehicle/rear_bogie_velocity
119.2923,velocity,1785151896.873107,0.506,/vehicle/driver_position_cmd
119.2927,position,1785151896.873107,0.929,/vehicle/driver_position_cmd
119.3416,velocity,1785151896.923078,0.213,/vehicle/driver_position_cmd
119.3418,position,1785151896.923078,0.411,/vehicle/driver_position_cmd
119.3821,velocity,1785151896.892612,0.307,/vehicle/rear_bogie_velocity
119.3823,position,1785151896.892612,0.527,/vehicle/rear_bogie_velocity
119.3928,velocity,1785151896.973088,0.245,/vehicle/driver_position_cmd
119.3930,position,1785151896.973088,0.443,/vehicle/driver_position_cmd
119.4507,velocity,1785151897.023115,0.386,/vehicle/driver_position_cmd
119.4511,position,1785151897.023115,0.803,/vehicle/driver_position_cmd
119.4859,velocity,1785151896.996599,0.268,/vehicle/rear_bogie_velocity
119.4864,position,1785151896.996599,0.786,/vehicle/rear_bogie_velocity
119.4911,velocity,1785151897.073104,0.340,/vehicle/driver_position_cmd
119.4914,position,1785151897.073104,0.652,/vehicle/driver_position_cmd
119.5467,velocity,1785151897.123062,0.457,/vehicle/driver_position_cmd
119.5472,position,1785151897.123062,0.960,/vehicle/driver_position_cmd
119.5805,velocity,1785151897.098563,0.466,/vehicle/rear_bogie_velocity
119.5812,position,1785151897.098563,1.184,/vehicle/rear_bogie_velocity
119.5928,velocity,1785151897.173083,0.557,/vehicle/driver_position_cmd
119.5932,position,1785151897.173083,1.004,/vehicle/driver_position_cmd
119.6517,velocity,1785151897.223063,0.990,/vehicle/driver_position_cmd
119.6525,position,1785151897.223063,1.844,/vehicle/driver_position_cmd
119.6863,velocity,1785151897.188533,0.690,/vehicle/rear_bogie_velocity
119.6874,position,1785151897.188533,1.756,/vehicle/rear_bogie_velocity
119.6918,velocity,1785151897.273078,0.687,/vehicle/driver_position_cmd
119.6923,position,1785151897.273078,1.202,/vehicle/driver_position_cmd
119.7526,velocity,1785151897.323115,0.906,/vehicle/driver_position_cmd
119.7534,position,1785151897.323115,1.720,/vehicle/driver_position_cmd
119.7836,velocity,1785151897.298502,0.574,/vehicle/rear_bogie_velocity
119.7844,position,1785151897.298502,1.322,/vehicle/rear_bogie_velocity
119.7956,velocity,1785151897.373099,0.996,/vehicle/driver_position_cmd
119.7966,position,1785151897.373099,1.916,/vehicle/driver_position_cmd
119.8459,velocity,1785151897.423088,1.000,/vehicle/driver_position_cmd
119.8468,position,1785151897.423088,1.897,/vehicle/driver_position_cmd
119.8812,velocity,1785151897.410477,0.634,/vehicle/rear_bogie_velocity
119.8819,position,1785151897.410477,1.399,/vehicle/rear_bogie_velocity
119.8970,velocity,1785151897.473077,0.903,/vehicle/driver_position_cmd
119.8975,position,1785151897.473077,1.393,/vehicle/driver_position_cmd
119.9474,velocity,1785151897.523112,1.028,/vehicle/driver_position_cmd
119.9482,position,1785151897.523112,1.798,/vehicle/driver_position_cmd
119.9799,velocity,1785151897.494444,0.647,/vehicle/rear_bogie_velocity
119.9808,position,1785151897.494444,1.525,/vehicle/rear_bogie_velocity
119.9965,velocity,1785151897.573063,0.992,/vehicle/driver_position_cmd
119.9973,position,1785151897.573063,1.819,/vehicle/driver_position_cmd
120.0527,velocity,1785151897.623116,0.989,/vehicle/driver_position_cmd
120.0534,position,1785151897.623116,1.696,/vehicle/driver_position_cmd
120.0830,velocity,1785151897.590425,0.609,/vehicle/rear_bogie_velocity
120.0837,position,1785151897.590425,1.310,/vehicle/rear_bogie_velocity
120.0944,velocity,1785151897.673090,0.885,/vehicle/driver_position_cmd
120.0952,position,1785151897.673090,1.717,/vehicle/driver_position_cmd
120.1458,velocity,1785151897.723063,0.432,/vehicle/driver_position_cmd
120.1462,position,1785151897.723063,0.796,/vehicle/driver_position_cmd
120.1793,velocity,1785151897.688399,0.574,/vehicle/rear_bogie_velocity
120.1799,position,1785151897.688399,1.218,/vehicle/rear_bogie_velocity
120.1965,velocity,1785151897.773138,0.968,/vehicle/driver_position_cmd
120.1971,position,1785151897.773138,1.560,/vehicle/driver_position_cmd
120.2519,velocity,1785151897.823087,1.186,/vehicle/driver_position_cmd
120.2524,position,1785151897.823087,1.625,/vehicle/driver_position_cmd
120.2859,velocity,1785151897.800367,0.671,/vehicle/rear_bogie_velocity
120.2868,position,1785151897.800367,1.562,/vehicle/rear_bogie_velocity
120.2958,velocity,1785151897.873103,0.929,/vehicle/driver_position_cmd
120.2966,position,1785151897.873103,1.744,/vehicle/driver_position_cmd
120.3429,velocity,1785151897.923069,1.035,/vehicle/driver_position_cmd
120.3435,position,1785151897.923069,1.654,/vehicle/driver_position_cmd
120.3797,velocity,1785151897.890345,0.533,/vehicle/rear_bogie_velocity
120.3801,position,1785151897.890345,0.918,/vehicle/rear_bogie_velocity
120.3918,velocity,1785151897.973080,0.510,/vehicle/driver_position_cmd
120.3920,position,1785151897.973080,0.706,/vehicle/driver_position_cmd
120.4420,velocity,1785151898.023097,0.448,/vehicle/driver_position_cmd
120.4421,position,1785151898.023097,0.604,/vehicle/driver_position_cmd
120.4773,velocity,1785151897.996310,0.256,/vehicle/rear_bogie_velocity
120.4775,position,1785151897.996310,0.385,/vehicle/rear_bogie_velocity
120.4924,velocity,1785151898.073100,0.364,/vehicle/driver_position_cmd
120.4926,position,1785151898.073100,0.639,/vehicle/driver_position_cmd
120.5422,velocity,1785151898.123077,0.355,/vehicle/driver_position_cmd
120.5425,position,1785151898.123077,0.621,/vehicle/driver_position_cmd
120.5798,velocity,1785151898.102277,0.656,/vehicle/rear_bogie_velocity
120.5807,position,1785151898.102277,1.556,/vehicle/rear_bogie_velocity
120.5926,velocity,1785151898.173089,0.952,/vehicle/driver_position_cmd
120.5933,position,1785151898.173089,1.604,/vehicle/driver_position_cmd
120.6417,velocity,1785151898.223072,0.789,/vehicle/driver_position_cmd
120.6427,position,1785151898.223072,1.711,/vehicle/driver_position_cmd
120.6797,velocity,1785151898.196259,0.649,/vehicle/rear_bogie_velocity
120.6804,position,1785151898.196259,1.310,/vehicle/rear_bogie_velocity
120.6926,velocity,1785151898.273077,0.953,/vehicle/driver_position_cmd
120.6934,position,1785151898.273077,1.682,/vehicle/driver_position_cmd
120.7430,velocity,1785151898.323080,1.063,/vehicle/driver_position_cmd
120.7439,position,1785151898.323080,2.000,/vehicle/driver_position_cmd
120.7788,velocity,1785151898.302228,0.689,/vehicle/rear_bogie_velocity
120.7798,position,1785151898.302228,1.639,/vehicle/rear_bogie_velocity
120.7924,velocity,1785151898.373061,1.029,/vehicle/driver_position_cmd
120.7931,position,1785151898.373061,1.672,/vehicle/driver_position_cmd
120.8433,velocity,1785151898.423093,0.986,/vehicle/driver_position_cmd
120.8440,position,1785151898.423093,1.653,/vehicle/driver_position_cmd
120.8797,velocity,1785151898.406198,0.631,/vehicle/rear_bogie_velocity
120.8804,position,1785151898.406198,1.287,/vehicle/rear_bogie_velocity
120.8926,velocity,1785151898.473093,0.988,/vehicle/driver_position_cmd
120.8933,position,1785151898.473093,1.672,/vehicle/driver_position_cmd
120.9439,velocity,1785151898.523078,1.032,/vehicle/driver_position_cmd
120.9448,position,1785151898.523078,1.927,/vehicle/driver_position_cmd
120.9918,velocity,1785151898.573066,0.962,/vehicle/driver_position_cmd
120.9924,position,1785151898.573066,1.558,/vehicle/driver_position_cmd
121.0430,velocity,1785151898.623127,0.874,/vehicle/driver_position_cmd
121.0438,position,1785151898.623127,1.649,/vehicle/driver_position_cmd
121.0806,velocity,1785151898.616140,0.583,/vehicle/rear_bogie_velocity
121.0815,position,1785151898.616140,1.464,/vehicle/rear_bogie_velocity
121.0922,velocity,1785151898.673097,0.935,/vehicle/driver_position_cmd
121.0929,position,1785151898.673097,1.666,/vehicle/driver_position_cmd
121.1426,velocity,1785151898.723079,0.981,/vehicle/driver_position_cmd
121.1435,position,1785151898.723079,1.873,/vehicle/driver_position_cmd
121.1786,velocity,1785151898.698146,0.510,/vehicle/rear_bogie_velocity
121.1793,position,1785151898.698146,1.149,/vehicle/rear_bogie_velocity
121.1924,velocity,1785151898.773074,0.961,/vehicle/driver_position_cmd
121.1930,position,1785151898.773074,1.622,/vehicle/driver_position_cmd
121.2430,velocity,1785151898.823085,1.057,/vehicle/driver_position_cmd
121.2438,position,1785151898.823085,1.836,/vehicle/driver_position_cmd
121.2788,velocity,1785151898.804083,0.601,/vehicle/rear_bogie_velocity
121.2795,position,1785151898.804083,1.295,/vehicle/rear_bogie_velocity
121.2926,velocity,1785151898.873101,0.677,/vehicle/driver_position_cmd
121.2934,position,1785151898.873101,1.567,/vehicle/driver_position_cmd
121.3420,velocity,1785151898.923119,0.569,/vehicle/driver_position_cmd
121.3426,position,1785151898.923119,1.194,/vehicle/driver_position_cmd
121.3795,velocity,1785151898.890060,0.571,/vehicle/rear_bogie_velocity
121.3804,position,1785151898.890060,1.417,/vehicle/rear_bogie_velocity
121.3934,velocity,1785151898.973113,0.953,/vehicle/driver_position_cmd
121.3941,position,1785151898.973113,1.741,/vehicle/driver_position_cmd
121.4428,velocity,1785151899.023105,0.926,/vehicle/driver_position_cmd
121.4437,position,1785151899.023105,1.760,/vehicle/driver_position_cmd
121.4794,velocity,1785151899.002035,0.611,/vehicle/rear_bogie_velocity
121.4800,position,1785151899.002035,1.266,/vehicle/rear_bogie_velocity
121.4919,velocity,1785151899.073072,1.001,/vehicle/driver_position_cmd
121.4926,position,1785151899.073072,1.720,/vehicle/driver_position_cmd
121.5436,velocity,1785151899.123080,1.656,/vehicle/driver_position_cmd
121.5443,position,1785151899.123080,2.358,/vehicle/driver_position_cmd
121.5817,velocity,1785151899.104001,0.597,/vehicle/rear_bogie_velocity
121.5824,position,1785151899.104001,1.323,/vehicle/rear_bogie_velocity
121.5924,velocity,1785151899.173072,0.995,/vehicle/driver_position_cmd
121.5931,position,1785151899.173072,1.746,/vehicle/driver_position_cmd
121.6421,velocity,1785151899.223089,0.995,/vehicle/driver_position_cmd
121.6429,position,1785151899.223089,1.701,/vehicle/driver_position_cmd
121.6783,velocity,1785151899.189979,0.387,/vehicle/rear_bogie_velocity
121.6791,position,1785151899.189979,1.193,/vehicle/rear_bogie_velocity
121.6924,velocity,1785151899.273072,1.001,/vehicle/driver_position_cmd
121.6932,position,1785151899.273072,1.824,/vehicle/driver_position_cmd
121.7418,velocity,1785151899.323074,0.979,/vehicle/driver_position_cmd
121.7426,position,1785151899.323074,1.844,/vehicle/driver_position_cmd
121.7789,velocity,1785151899.295960,0.686,/vehicle/rear_bogie_velocity
121.7795,position,1785151899.295960,1.298,/vehicle/rear_bogie_velocity
121.7931,velocity,1785151899.373087,0.911,/vehicle/driver_position_cmd
121.7939,position,1785151899.373087,1.676,/vehicle/driver_position_cmd
121.8435,velocity,1785151899.423075,1.096,/vehicle/driver_position_cmd
121.8448,position,1785151899.423075,2.345,/vehicle/driver_position_cmd
121.8798,velocity,1785151899.407915,0.840,/vehicle/rear_bogie_velocity
121.8806,position,1785151899.407915,1.648,/vehicle/rear_bogie_velocity
121.8925,velocity,1785151899.473086,0.840,/vehicle/driver_position_cmd
121.8933,position,1785151899.473086,1.653,/vehicle/driver_position_cmd
121.9424,velocity,1785151899.523072,0.981,/vehicle/driver_position_cmd
121.9429,position,1785151899.523072,1.473,/vehicle/driver_position_cmd
121.9791,velocity,1785151899.493887,0.545,/vehicle/rear_bogie_velocity
121.9798,position,1785151899.493887,1.292,/vehicle/rear_bogie_velocity
121.9918,velocity,1785151899.573111,0.777,/vehicle/driver_position_cmd
121.9925,position,1785151899.573111,1.453,/vehicle/driver_position_cmd
122.0411,velocity,1785151899.623065,0.789,/vehicle/driver_position_cmd
122.0415,position,1785151899.623065,1.169,/vehicle/driver_position_cmd
122.0795,velocity,1785151899.599868,0.463,/vehicle/rear_bogie_velocity
122.0802,position,1785151899.599868,1.174,/vehicle/rear_bogie_velocity
122.0923,velocity,1785151899.673077,0.855,/vehicle/driver_position_cmd
122.0930,position,1785151899.673077,1.596,/vehicle/driver_position_cmd
122.1434,velocity,1785151899.723089,0.834,/vehicle/driver_position_cmd
122.1440,position,1785151899.723089,1.469,/vehicle/driver_position_cmd
122.1809,velocity,1785151899.691839,0.648,/vehicle/rear_bogie_velocity
122.1817,position,1785151899.691839,1.527,/vehicle/rear_bogie_velocity
122.1930,velocity,1785151899.773062,1.037,/vehicle/driver_position_cmd
122.1939,position,1785151899.773062,1.935,/vehicle/driver_position_cmd
122.2429,velocity,1785151899.823060,1.019,/vehicle/driver_position_cmd
122.2439,position,1785151899.823060,1.959,/vehicle/driver_position_cmd
122.2785,velocity,1785151899.793813,0.572,/vehicle/rear_bogie_velocity
122.2793,position,1785151899.793813,1.404,/vehicle/rear_bogie_velocity
122.2919,velocity,1785151899.873058,0.944,/vehicle/driver_position_cmd
122.2927,position,1785151899.873058,1.734,/vehicle/driver_position_cmd
122.3428,velocity,1785151899.923106,0.973,/vehicle/driver_position_cmd
122.3435,position,1785151899.923106,1.599,/vehicle/driver_position_cmd
122.3791,velocity,1785151899.887769,0.615,/vehicle/rear_bogie_velocity
122.3798,position,1785151899.887769,1.307,/vehicle/rear_bogie_velocity
122.3918,velocity,1785151899.973057,0.796,/vehicle/driver_position_cmd
122.3925,position,1785151899.973057,1.518,/vehicle/driver_position_cmd
122.4415,velocity,1785151900.023066,0.948,/vehicle/driver_position_cmd
122.4424,position,1785151900.023066,1.795,/vehicle/driver_position_cmd
122.4787,velocity,1785151899.997746,0.520,/vehicle/rear_bogie_velocity
122.4797,position,1785151899.997746,1.506,/vehicle/rear_bogie_velocity
122.4927,velocity,1785151900.073102,0.801,/vehicle/driver_position_cmd
122.4935,position,1785151900.073102,1.543,/vehicle/driver_position_cmd
122.5421,velocity,1785151900.123075,1.550,/vehicle/driver_position_cmd
122.5427,position,1785151900.123075,2.158,/vehicle/driver_position_cmd
122.5787,velocity,1785151900.097723,0.500,/vehicle/rear_bogie_velocity
122.5795,position,1785151900.097723,1.321,/vehicle/rear_bogie_velocity
122.5933,velocity,1785151900.173081,0.764,/vehicle/driver_position_cmd
122.5940,position,1785151900.173081,1.428,/vehicle/driver_position_cmd
122.6418,velocity,1785151900.223091,1.055,/vehicle/driver_position_cmd
122.6427,position,1785151900.223091,1.978,/vehicle/driver_position_cmd
122.6795,velocity,1785151900.193706,0.627,/vehicle/rear_bogie_velocity
122.6802,position,1785151900.193706,1.345,/vehicle/rear_bogie_velocity
122.6920,velocity,1785151900.273077,1.051,/vehicle/driver_position_cmd
122.6929,position,1785151900.273077,1.990,/vehicle/driver_position_cmd
122.7429,velocity,1785151900.323093,1.938,/vehicle/driver_position_cmd
122.7438,position,1785151900.323093,2.815,/vehicle/driver_position_cmd
122.7790,velocity,1785151900.295660,0.612,/vehicle/rear_bogie_velocity
122.7798,position,1785151900.295660,1.393,/vehicle/rear_bogie_velocity
122.7923,velocity,1785151900.373112,0.946,/vehicle/driver_position_cmd
122.7929,position,1785151900.373112,1.620,/vehicle/driver_position_cmd
122.8433,velocity,1785151900.423107,0.999,/vehicle/driver_position_cmd
122.8440,position,1785151900.423107,1.696,/vehicle/driver_position_cmd
122.8787,velocity,1785151900.409633,0.360,/vehicle/rear_bogie_velocity
122.8795,position,1785151900.409633,1.212,/vehicle/rear_bogie_velocity
122.8914,velocity,1785151900.473115,0.629,/vehicle/driver_position_cmd
122.8920,position,1785151900.473115,1.230,/vehicle/driver_position_cmd
122.9416,velocity,1785151900.523083,0.772,/vehicle/driver_position_cmd
122.9423,position,1785151900.523083,1.463,/vehicle/driver_position_cmd
